fips,stateabbr,naics,se201901,se201902,se201903,se201904,se201905,se201906,se201907,se201908,se201909,se201910,se201911,se201912,se202001,se202002,se202003,se202004,se202005,se202006,se202007,se202008,se202009,se202010,se202011,se202012,se202101,se202102,se202103,se202104,se202105,se202106,se202107,se202108,se202109,se202110,se202111,se202112,se202201,se202202,se202203,se202204,se202205,se202206,se202207,se202208,se202209,se202210,se202211,se202212,se202301,se202302,se202303,se202304,se202305,se202306,se202307,se202308,se202309,se202310,se202311,se202312,se202401,se202402,se202403,se202404,se202405,se202406,se202407,se202408,se202409,se202410,se202411,se202412,se202501,se202502,se202503,se202504,se202505,se202506,se202507,se202508,se202509,se202510,se202511,se202512,se202601,se202602,se202603
0,USA,441,0.5,0.5,0.5,0.5,0.5,0.5,0.5,0.6,0.5,0.6,0.6,0.5,0.6,0.6,0.4,0.4,0.5,0.6,0.6,0.6,0.6,0.6,0.6,0.7,0.6,0.6,1.1,1.3,0.8,0.7,0.7,0.7,0.7,0.7,0.8,0.7,0.8,0.8,0.7,0.7,0.6,0.7,0.7,0.8,0.7,0.7,0.7,0.7,0.7,0.7,0.7,0.7,0.7,0.7,0.7,0.7,0.7,0.7,0.7,0.7,0.6,0.7,0.6,0.7,0.6,0.6,0.6,0.6,0.6,0.7,0.7,0.7,0.7,0.6,0.7,0.7,0.6,0.7,0.7,0.7,0.7,0.7,0.6,0.7,0.6,0.7,0.6
0,USA,442,0.9,0.9,0.9,0.9,0.9,0.9,0.9,0.9,1,0.9,0.9,0.9,1,1.1,0.8,0.7,0.7,1,0.9,1,1.2,1,0.9,1.1,1.1,1.1,1.6,5.6,1.6,1.2,1.1,1.1,1.2,1.1,1.1,1.1,1,1,1,1,1,1,0.9,1,1,1,0.9,1,1.1,1,1,1,1,1.1,1.1,1.2,1.1,1.1,1.2,1.1,1.1,1.1,1.1,1.1,1.1,1.2,1.3,1.3,1.3,1.3,1.3,1.3,1.3,1.3,1.3,1.3,1.3,1.3,1.4,1.3,1.4,1.3,1.3,1.3,1.4,1.4,1.4
0,USA,443,1.7,1.5,1.5,1.5,1.5,1.5,1.6,1.5,1.6,1.5,1.6,1.6,1.8,1.6,1.6,0.7,0.5,1.5,1.6,1.3,1.1,1.3,1.3,1.1,1.8,1.3,2.2,3.3,5.3,1.7,1.3,0.9,1,0.5,0.2,3.5,1.1,0.7,1.1,1.1,1,1,0.8,0.8,0.5,2.7,0.3,2.8,1.9,1.7,1.6,1.5,1.5,1.6,1.6,1.6,1.6,1.6,1.9,1.6,1.7,1.8,1.6,1.8,1.7,1.8,1.8,1.7,1.6,1.7,1.7,1.9,1.7,1.6,1.7,1.8,2.4,1.8,2,2.1,1.9,1.8,1.9,2,2.3,2.2,2.2
0,USA,444,0.6,0.5,0.5,0.5,0.5,0.5,0.5,0.5,0.6,0.5,0.6,0.5,0.5,0.5,0.6,0.6,0.6,0.6,0.6,0.5,0.6,0.6,0.7,0.7,0.6,0.6,0.8,0.8,0.6,0.6,0.6,0.6,0.5,0.6,0.7,0.6,0.6,0.7,0.6,0.6,0.6,0.6,0.6,0.7,0.6,0.7,0.7,0.6,0.6,0.6,0.6,0.6,0.6,0.6,0.6,0.6,0.6,0.6,0.7,0.7,0.6,0.7,0.6,0.6,0.6,0.6,0.8,0.6,0.7,0.7,0.7,0.7,0.7,0.6,0.6,0.6,0.6,0.6,0.7,0.5,0.6,0.6,0.6,0.7,0.6,0.5,0.6
0,USA,445,0.3,0.3,0.3,0.3,0.3,0.3,0.3,0.3,0.3,0.3,0.3,0.3,0.3,0.3,0.4,0.4,0.4,0.4,0.4,0.4,0.4,0.4,0.4,0.4,0.3,0.3,0.3,0.3,0.3,0.4,0.3,0.4,0.4,0.4,0.4,0.4,0.3,0.3,0.3,0.3,0.3,0.3,0.3,0.3,0.3,0.3,0.3,0.3,0.3,0.3,0.3,0.3,0.3,0.3,0.3,0.3,0.3,0.3,0.3,0.3,0.3,0.3,0.3,0.3,0.3,0.3,0.3,0.3,0.3,0.3,0.4,0.3,0.3,0.3,0.3,0.3,0.3,0.3,0.3,0.3,0.3,0.3,0.3,0.3,0.3,0.3,0.3
0,USA,446,0.2,0.3,0.3,0.3,0.2,0.2,0.3,0.2,0.3,0.3,0.2,0.3,0.2,0.3,0.3,0.2,0.2,0.3,0.3,0.2,0.3,0.3,0.2,0.3,0.2,0.2,0.2,0.3,0.3,0.3,0.2,0.2,0.2,0.2,0.2,0.3,0.3,0.3,0.2,0.2,0.2,0.2,0.2,0.2,0.2,0.2,0.2,0.3,0.3,0.3,0.3,0.3,0.3,0.3,0.2,0.3,0.3,0.3,0.3,0.3,0.2,0.2,0.2,0.2,0.2,0.2,0.2,0.2,0.2,0.3,0.3,0.3,0.3,0.3,0.3,0.3,0.2,0.3,0.3,0.3,0.3,0.4,0.3,0.4,0.3,0.3,0.3
0,USA,447,0.4,0.5,0.4,0.5,0.4,0.4,0.4,0.4,0.4,0.4,0.4,0.5,0.5,0.5,0.4,0.3,0.3,0.4,0.4,0.4,0.4,0.4,0.4,0.4,0.4,0.4,0.6,0.8,0.8,0.6,0.6,0.6,0.6,0.6,0.7,0.7,0.5,0.6,0.7,0.7,0.7,0.6,0.6,0.5,0.6,0.5,0.5,0.5,0.5,0.5,0.5,0.5,0.4,0.4,0.4,0.5,0.5,0.5,0.5,0.5,0.5,0.6,0.6,0.6,0.6,0.5,0.6,0.5,0.5,0.5,0.6,0.6,0.6,0.5,0.6,0.5,0.6,0.6,0.6,0.6,0.6,0.6,0.6,0.6,0.6,0.6,0.8
0,USA,448,0.8,0.8,0.7,0.7,0.7,0.7,0.8,0.9,0.8,0.8,0.9,0.9,0.9,1,0.5,3.8,35.1,1,0.8,0.8,0.8,0.8,0.8,0.8,1,0.9,2.3,255.9,278.4,2.1,1.4,1.4,1.1,1.1,1.4,1.2,1.2,1.3,1.1,1,0.9,0.9,0.9,1,0.9,0.9,0.9,1,1.1,1,0.9,0.9,0.8,0.9,0.9,0.9,0.8,0.8,1,1,0.9,1,0.9,0.9,0.9,0.9,0.9,0.9,0.8,0.9,1,0.9,0.9,0.9,0.9,0.9,0.9,0.9,0.9,1,1,1,1.1,1.1,1.1,1.1,1
0,USA,451,1.3,1,0.8,0.9,0.9,0.9,1,1.2,1,1.1,0.9,1,1.4,1.1,0.9,17.8,18.9,1.4,1.2,1.2,1.2,1.4,1.2,1.2,1.8,1.2,1.9,79.2,26.3,1.3,1.1,1.4,1.1,1.2,1.4,1.2,1.4,1.2,0.9,1,0.9,1,1,1.3,1,1.1,1.3,1.1,1.6,1.2,1,1,1,1.1,1,1.2,1.1,1.1,1.4,1.1,1.5,1.2,1,0.9,1,1.2,1,1.1,1,1.1,1.2,1.2,1.6,1.1,1.1,1.1,1.1,1.3,1.2,1.2,1.2,1.3,1.4,1.3,1.9,1.4,1.2
0,USA,452,0.5,0.4,0.4,0.5,0.4,0.4,0.5,0.5,0.4,0.5,0.4,0.4,0.5,0.5,0.5,0.3,0.8,0.5,0.5,0.5,0.5,0.6,0.5,0.5,0.5,0.5,0.6,0.5,0.8,0.6,0.5,0.8,0.6,0.6,0.6,0.5,0.6,0.6,0.5,0.5,0.5,0.5,0.5,0.7,0.6,0.5,0.5,0.5,0.6,0.5,0.5,0.6,0.6,0.7,0.6,0.6,0.6,0.7,0.6,0.6,0.6,0.5,0.5,0.6,0.6,0.7,0.6,0.6,0.6,0.7,0.6,0.6,0.7,0.5,0.5,0.6,0.5,0.6,0.6,0.6,0.5,0.6,0.6,0.5,0.7,0.6,0.6
0,USA,453,1.4,1.3,1.2,1.3,1.5,1.4,1.1,1,1.1,1.5,1.4,1.5,1.5,1.4,1.3,0.9,1.4,1.3,1.3,1.2,1.4,1.8,1.3,1.4,1.6,1.4,2.1,2.7,2.5,1.5,1.5,1.4,1.7,2.1,1.5,1.6,1.8,1.6,1.4,1.3,1.4,1.2,1,1.1,1.5,1.6,1.3,1.5,1.5,1.2,1.2,1.1,1.1,1.1,1.1,1.1,1.4,1.4,1.4,1.2,1.6,1.4,1.4,1.3,1.2,1.1,1.1,1.2,1.2,1.5,1.3,1.3,1.6,1.4,1.4,1.2,1.3,1.3,1.2,1.1,1.5,1.7,1.9,1.6,1.5,1.6,1.4
0,USA,TOTAL,0.2,0.2,0.2,0.2,0.2,0.2,0.2,0.2,0.2,0.2,0.2,0.2,0.2,0.2,0.2,0.4,2,0.2,0.2,0.2,0.2,0.2,0.2,0.2,0.2,0.2,0.3,0.8,2.7,0.3,0.2,0.3,0.2,0.3,0.3,0.3,0.3,0.3,0.3,0.3,0.2,0.2,0.2,0.3,0.2,0.2,0.2,0.2,0.2,0.2,0.2,0.2,0.2,0.2,0.2,0.2,0.2,0.2,0.2,0.2,0.2,0.2,0.2,0.2,0.2,0.2,0.2,0.2,0.2,0.2,0.2,0.2,0.2,0.2,0.2,0.2,0.2,0.2,0.2,0.2,0.2,0.2,0.2,0.2,0.2,0.2,0.3
1,AL,441,3.8,3.8,3.8,4,3.9,3.9,4,4,4,4.2,4.3,4.1,4.2,4.4,3,2.9,4,4.5,4.4,4.3,4.9,4.9,4.4,5,4.9,4.5,7.7,9.1,5.7,5.3,5.2,5.1,5.1,5.2,5.7,5.5,5.7,6,5,5,4.8,4.9,4.9,5.6,5.4,5.4,5.2,5.2,5,4.8,4.8,4.7,5.1,5.2,5.1,5.1,5.2,5.1,5.3,5.3,4.5,4.8,4.4,4.7,4.4,4.2,4.6,4.5,4.3,4.8,4.9,4.9,5,4.6,5.2,5.2,4.8,4.9,5.1,5.1,5.4,5,4.9,5.3,5,5.1,5.1
1,AL,442,4,3.7,3.7,3.9,3.7,3.5,3.8,3.6,4,3.7,3.7,3.7,4.1,4.2,3,3.8,3.7,4.6,3.9,4,4.6,4.1,3.9,4.9,4.8,4.6,6.5,S,6.3,4.9,4.4,4.4,4.8,4.7,4.8,5,3.7,4,3.8,3.6,3.8,4.1,3.6,3.9,3.9,4,4,4,4.9,4.6,4.5,4.2,4.5,4.6,4.9,5.2,5,4.9,5,4.6,4.2,3.8,3.6,4.2,4.2,4.1,4.5,4.4,4.2,4.6,4.5,4.6,5.4,4.8,5,5,4.9,5.2,5.5,4.8,5.5,5.4,5,5.1,5.5,5,5.2
1,AL,443,8,7.2,7.1,7.1,7.4,7.4,7.2,7.5,7.5,7.4,7.7,8.3,8.7,8.1,7.6,3.6,2.4,7.4,7.3,6.6,6.3,6.9,7.1,6.8,8.3,6.8,9.2,20.5,18.3,4.1,4.2,4.5,4.8,1.2,3.4,15.3,5.4,5.6,6.7,6.4,6.4,6.5,5.8,6.6,5.1,2.7,3.6,3.9,9.1,7.9,8,7.1,7.6,7.7,7.8,8.2,7.7,7.6,8.9,7.5,8.9,9.5,8.3,9.1,8.5,8.6,8.8,8.3,7.9,7.9,8.3,9.6,8.8,7.4,7.7,8.1,9.5,9.1,9.3,9.4,9.3,10,8.8,9.7,9.8,9,9.3
1,AL,444,4.2,3.7,3.8,3.8,3.6,3.7,3.7,3.6,3.9,3.7,3.8,3.8,3.4,3.7,4,4.1,4,4.4,4.1,3.8,4.1,4,4.5,4.4,4.7,4.6,5.9,6.1,4.9,4.6,4.4,4.5,4.2,4.4,5.3,4.9,4.7,4.9,4.6,4.3,4.7,4.5,4.6,4.8,4.7,4.7,4.8,4.3,4.8,5,4.5,4.4,4.8,4.6,4.7,4.9,4.6,4.8,5.2,4.8,4.4,4.8,4.3,5,4.6,4.6,5.4,4.5,4.9,5.2,5,5,4.6,3.9,4.1,4.1,4.1,4.2,4.5,3.5,4.2,3.9,3.9,4.4,4,3.8,4
1,AL,445,2.9,2.8,2.8,2.9,2.9,2.9,2.9,3,2.8,2.9,3,2.9,2.6,2.8,3.2,3.2,3.3,3.2,3.1,2.7,2.8,2.7,2.8,2.9,2.9,2.6,2.4,2.6,2.6,2.8,2.7,2.8,2.8,3,2.9,3,2.9,3,3.1,3.1,2.9,3.1,3,2.9,3,3,3.1,3,2.6,2.8,2.9,2.8,2.9,2.8,2.8,2.9,2.8,2.8,2.9,2.7,2.7,2.7,2.8,2.7,2.7,2.7,2.7,2.7,2.7,2.9,3,2.8,2.8,2.7,2.8,3,2.8,2.9,2.9,2.9,2.8,2.8,2.9,2.8,2.7,2.9,2.8
1,AL,446,1.7,1.8,1.8,1.9,1.7,1.7,1.8,1.7,1.8,1.9,1.6,2,2,1.9,2.2,1.9,1.7,2,2,1.9,2.2,2.2,1.9,2.1,1.6,1.5,1.7,2,1.8,1.9,1.7,1.7,1.8,1.7,1.7,1.8,1.8,1.7,1.6,1.6,1.5,1.7,1.6,1.6,1.7,1.7,1.6,1.6,1.7,1.7,1.7,1.6,1.6,1.7,1.5,1.6,1.6,1.8,1.6,1.7,1.5,1.7,1.4,1.5,1.4,1.5,1.6,1.6,1.6,2,1.7,1.9,2.2,1.9,1.8,2,1.5,2.1,2.4,1.9,2.1,2.7,2,2.6,2.4,2.2,2.3
1,AL,447,2.8,2.9,2.9,3.4,2.9,2.8,3,2.8,2.9,2.7,2.8,3.1,3.5,3.4,2.7,2.1,2.2,2.6,2.6,2.7,2.8,2.8,2.6,2.9,3.1,3.3,4.8,6,6.3,4.6,4.5,4.6,4.9,5.1,5.4,5.2,4.5,4.9,5.1,5.4,6,5.3,5.1,4.7,4.6,4.2,4.3,3.7,5.1,4.6,4.3,4.1,3.8,3.6,3.6,4.3,4.8,4.3,4.2,4.4,5.4,5.7,5.8,5.9,5.7,5.5,5.6,5.1,5,5.2,5.4,5.6,6,5.6,5.6,5.5,5.6,5.7,5.8,5.8,5.5,5.9,6.3,6.3,6,6.2,7.8
1,AL,448,3.5,3.4,3.3,3.3,3.2,3.3,3.2,4.3,3.6,3.5,3.6,3.7,3.9,3.7,2.2,S,S,S,3.2,S,4,3.7,4,3.6,4.4,3.9,8.9,S,11.8,6.9,5.5,4.9,4.4,4.7,5.3,4.6,4.9,5.7,4.6,4.3,4.1,4,4.3,5,4.4,4.4,4.4,4.8,5.8,5.3,4.9,4.6,4.4,4.8,4.8,5.3,4.9,4.6,5.4,4.8,4.3,4.2,3.8,3.9,3.9,4.4,3.7,3.9,3.8,3.8,4.4,4.2,4.3,3.8,3.9,4.1,4.1,4,4.1,4.6,4,3.9,4.3,4.5,5.2,4.9,5
1,AL,451,8.6,6.4,5.5,6.7,6.7,7,7.3,8.2,6.8,7.5,6.6,6.8,9.4,7.1,6.6,S,S,10.4,8.8,8.9,8.1,9,7.9,8,S,S,S,S,S,S,S,S,S,S,S,S,S,S,S,S,S,S,S,S,S,S,S,S,10.6,8.2,8.2,8.3,8.5,8.8,8.6,9.6,8,8,9.2,8.1,8.9,8.5,7.8,7.4,7.4,8.4,8,8,7.7,7.8,8.1,8.6,9.7,8,8.7,8.8,9,9.9,9.3,9.1,8.9,9.4,9.4,9.6,11.6,S,S
1,AL,452,2.1,1.9,1.9,2.4,2.3,2,2.5,2.4,2.2,2.4,2.4,2.4,2.2,2.3,2.9,2.4,S,S,3.6,4.2,3.7,3.9,4,3.3,2.9,2.6,3,5.5,S,2.8,2.8,S,2.9,3.1,3.5,2.9,2.5,2.7,2.4,2.6,2.8,2.4,2.5,4,2.7,2.8,2.8,2.5,2.4,2.3,2.2,2.5,2.8,3.2,3,2.8,2.9,3.3,2.6,2.8,2.3,2.3,2.7,2.6,2.9,3.6,3.4,2.9,3,3.6,2.9,3,3,2.5,2.4,3.4,2.7,3.1,3.2,3.2,2.4,3.2,2.7,2.7,3.3,2.8,3.3
1,AL,453,4.2,4.5,4.1,4.4,4.3,4.3,4.4,4.5,4.6,5.3,4.1,4.6,4.8,5.5,4.7,S,5.2,5.3,5.1,4.9,5.3,6.2,5,5.5,5.9,5.5,8,12.3,8.5,7,6.6,6.5,6.8,6.9,6.3,6,6.4,6.5,5.7,5.6,5.8,5.8,5.4,5.7,5.4,5.3,4.5,5.1,5.6,5.1,5.2,4.9,5,5.1,5.2,5.2,5.3,5.9,5.4,5.1,5,5.2,5.4,6.2,5.4,5.7,5.8,5.9,5.6,6.2,5.3,5.5,5.4,5.2,5.5,5.3,6,6.1,5.8,5.1,5.9,6.1,5.5,6,5.6,5.5,5.8
1,AL,TOTAL,1.2,1.2,1.2,1.3,1.2,1.2,1.3,1.3,1.3,1.3,1.3,1.3,1.3,1.3,1.2,1.1,2,1.6,1.4,1.5,1.5,1.5,1.5,1.4,1.5,1.4,1.8,2.4,2.2,1.7,1.6,1.7,1.6,1.7,1.7,1.6,1.7,1.8,1.7,1.7,1.7,1.7,1.7,1.9,1.7,1.7,1.6,1.5,1.7,1.6,1.6,1.6,1.6,1.6,1.6,1.7,1.7,1.6,1.6,1.5,1.6,1.7,1.6,1.7,1.6,1.7,1.7,1.6,1.6,1.7,1.6,1.6,1.7,1.6,1.7,1.8,1.7,1.7,1.8,1.7,1.7,1.7,1.7,1.7,1.7,1.7,1.9
2,AK,441,3.7,4.1,3.8,4.2,4,3.9,3.9,4.1,3.9,4.1,4.3,4.7,3.7,4,3,2.6,3.7,4.3,4.2,4.3,4.5,4.3,4.6,4.8,4.9,4.9,6.7,10.3,6.8,5.7,6.1,5.8,6.2,6,6.9,7,5.5,5.6,5.2,5.5,5.1,5.6,5.6,5.9,6,6.2,5.6,6.4,6.5,6.7,6.8,7,6.8,6.7,7,7.4,7.2,6.5,6.7,6.6,5.2,5,5,5.1,5.9,5.4,5.5,5.6,5.5,6.1,6.1,6.3,5.3,5.1,5,5.1,4.3,4.7,5,5.3,5,5,4.6,5.3,4.7,4.9,5.7
2,AK,442,9.8,9.8,9.7,10.3,10.7,10.3,11.1,10.8,11.2,11.3,11.3,11.2,12.9,12.9,9.6,5.2,7.4,10.7,10.4,10.6,11.3,11.2,10.2,12.2,9.8,10.2,13.5,S,15.3,11.1,9.9,9.7,10.2,9.8,11.2,10.9,9.3,10.2,9.5,9.3,9.4,9.8,9.4,9.9,9.7,10.3,9.7,9.7,12.2,11.4,11,11.1,11.8,10.9,12.3,12.5,11.6,11.6,12.1,11.5,9.2,9,8.4,9.5,9.8,9.1,10.5,9.6,9.4,9.8,9.3,10,11.6,10.9,11.7,11.6,11.3,12.1,12.8,12.1,12.8,12.9,12.1,12.3,12.8,12.5,12.8
2,AK,443,19.3,18.1,21.4,22.4,22.2,21.7,25.4,24.6,25.4,24.7,21.8,24.4,20.7,21.5,18.3,7.5,8.5,18.2,15.3,16.5,16.2,17.6,15.6,14.6,22.9,20.7,28,56.5,49.5,25.9,19.9,20.7,21.2,18.7,20.9,3.3,17.3,19.1,20,20.3,18.3,18.5,18.1,19,19,13.4,12.8,8.6,20,18.1,16.8,15.8,17.6,17.6,16.6,17.4,16.7,16.7,17.7,16.8,20.5,24.1,17.8,20.5,20.9,21.7,21.1,19.7,18.5,20.2,19.1,19.4,19.9,16.9,22.5,23,24.1,27.4,27.6,27.7,28.3,25.2,24.2,23.7,26.2,25.2,25.9
2,AK,444,9.2,8.6,8.6,8.9,8.4,8.3,8.6,8.2,8.9,8.4,8.7,9.2,8.3,9.2,9.3,9.2,9.8,10.4,9.7,9.1,10.1,9.4,9.8,10.6,9.5,9.2,11.5,12,10,9.4,8.9,8.9,8.5,8.7,10.2,9.5,9.5,10,9.3,8.8,9.5,9.2,9.2,9.8,9.4,9.5,9.2,8.9,8.5,8.7,8.1,7.8,8.7,8.1,8.2,8.2,8,8.4,8.7,8.5,8.2,8.7,7.9,9,8.3,8.2,9.4,8.2,8.8,9.3,8.7,8.7,8.7,7.8,8.7,8.5,8.2,8.6,8.6,7.7,8.6,8.1,8.3,9,8.7,8,8.3
2,AK,445,6.2,5.9,5.8,5.9,5.9,5.9,5.9,6.1,5.9,6,6,5.9,5.8,6.1,6.9,7.1,7.7,7,6.9,6.7,7.1,6.9,7.1,7.4,6,5.5,5,5.8,5.4,5.7,5.3,5.2,5.7,5.7,5.6,5.8,6.4,6.2,6.7,6.6,6.4,6.7,6.5,6.6,6.8,6.7,6.7,6.7,5.6,5.9,5.8,5.6,5.7,5.5,5.5,5.7,5.9,5.9,6.4,5.8,6.1,6.3,6.3,6,6.1,6.2,6.2,6.2,5.7,6.1,6.2,5.7,6.1,5.9,6.2,6.5,6.2,6.1,6.2,6.4,6.4,6.7,7.5,7.5,7.6,7.4,7.5
2,AK,446,7.9,8.2,7.9,8,7.7,7.3,7.8,7.6,8.2,8.6,7.2,8.3,6.9,6.9,7.2,6.3,5.8,6.8,7,6.3,7.4,7.2,6.5,7.1,6.4,6.2,7.3,9.4,7.9,7.7,6.9,7.3,7.4,6.7,7.1,7.4,6.9,6.8,6.5,6.4,6.1,6.6,6.1,6.6,7,6.8,6.5,6.9,6.2,6.1,6.3,5.8,5.9,6.3,5.7,6.2,6.4,6.5,6.1,7,6.1,6.4,6.3,5.8,5.7,6.1,6,6.4,6.6,6.9,6.5,7.5,7.2,6.6,6.9,6.8,6.1,7.3,7.6,6.9,7.3,8.1,7,8.4,7.1,7,7.5
2,AK,447,7.8,8.1,8.7,9.1,8.4,8,8.3,8,8,7.9,8.3,9,9.6,9.4,7.4,5.4,6,7.2,7.5,7.7,7.9,7.8,7.4,8.1,8,8.5,12.7,16.9,13.7,12.1,11.7,11.8,12.2,12.8,13.5,12.8,11.3,12.1,12.4,12.1,13.4,12.7,12.3,11.2,10.5,10.4,10.3,9.3,8.9,8.1,7.2,7.5,7.1,6.7,6.6,7.7,8.4,7.8,7.6,7.8,8,8.5,8.5,8.9,8.6,8.4,8.3,7.6,7.3,7.9,8.1,8.3,9,8.4,8.4,8.2,8.5,8.6,8.8,8.8,8.5,9,9.4,9.2,9,9.1,11.2
2,AK,448,13.4,13.1,12.6,12.9,12.4,12.6,12.9,12.9,12.7,12.7,12.6,13.4,13.8,14,6.8,S,S,S,11.1,12.1,13.3,12.5,11.6,13.2,11.4,10.5,25.6,S,S,17,15.9,14,13.3,14.3,14.8,12.6,10.5,11.5,10.1,10.4,9.1,9,8.9,9.2,9.2,8.9,8.4,8.2,8,7.5,7,6.9,7.2,7.4,6.9,6.7,6.7,6.6,6.5,7.2,6.7,7.5,6.8,6.9,7.1,7.3,6.7,6.6,6.6,6.8,6.8,6.8,7.8,7.3,7.7,8,8.4,8.3,8.2,8.5,8.8,8.9,10,10.1,10.8,10.3,10.1
2,AK,451,15.2,12.9,12.1,13.2,13.2,13.8,14.3,15.3,13.8,14.6,13.1,14,14.9,14.1,11.9,S,S,18.9,17.1,14.7,15.8,15.2,14.4,14.9,17.3,13.9,22.4,S,S,15.9,13.8,15.4,13,13.8,15.1,14.1,12.8,13.9,11.4,10.5,11.2,11.7,12.1,12.8,11.5,12,13,12.6,12.8,11.3,10.8,11.4,11.5,11.4,11.4,11.7,11,11.4,15.1,S,12.3,12.3,S,S,10.8,11.7,11.4,11.6,11,13.1,9.6,8.4,12.9,11.9,7.2,7.7,S,S,S,S,S,12.1,10.1,7.9,16.6,16,8
2,AK,452,13.5,13.8,12.1,13.7,13.5,13.5,15.1,16.3,13.9,14.6,14.4,13.8,12.4,13.8,13.2,S,S,S,S,S,12.2,12.8,S,10.7,15.2,15.8,17.2,1713.8,41.9,31.4,S,S,S,S,S,S,16.5,17.5,17.6,15.7,15,15.1,16.1,15.6,17.4,16,17.8,17,16.7,16,15.6,15.8,15.7,15.3,15.6,16.5,15.7,15.5,16.1,15.9,12.8,13.7,14.2,12.8,14,14.9,13.8,15.5,14.3,14.5,13.6,13.3,15.5,14.6,14.4,14.3,14.7,13.2,15.1,16,13.4,14.2,14.7,13.1,15.9,13.8,13.6
2,AK,453,7.1,7,6.8,7.3,7.9,7.4,7.8,7.5,7.4,8.2,7.3,7.5,9.1,9.1,7.8,6.5,7.5,8.6,8.6,8.1,9,9.4,8.2,8.9,7.7,7.1,11.2,19,13.3,10.2,9.6,9.3,9.5,9,8.5,7.9,9.3,8.9,8.2,8.5,8.8,8.5,8.3,8.2,7.8,7.5,7,7.2,9.4,8.2,7.9,7.6,7.9,8.1,8.7,8.1,8.2,8.5,8.7,7.8,7.6,8.1,7.9,8.8,8.3,8.7,9.1,9.5,8.5,8.7,8.3,8.3,7.6,7,7.3,7.6,9.2,9.4,8.4,8,8.3,8.6,8.5,7.8,8,8.2,8
2,AK,TOTAL,3.1,3.2,2.9,3.2,3.1,3,3.2,3.4,3.1,3.3,3.2,3.5,3,3.2,2.8,64,69.1,3.2,3.1,3.2,3.2,3.2,3.1,3.3,3.6,3.5,4.4,202.4,103.4,4.1,4.1,4.6,4.2,4,4.5,4.3,4.1,4.2,3.8,3.9,3.9,3.8,4,4.2,4.1,4.1,4,4.2,4.3,4.2,4,4.1,4.1,4.1,4.1,4.3,4.3,4.2,4.3,4.4,3.8,3.8,3.8,3.8,4,4,4,4.1,3.9,4.2,4.1,4.2,4.2,3.9,3.8,3.7,3.7,3.7,3.9,4.2,3.8,3.9,4,4,4.3,4,4.1
4,AZ,441,3.6,3.6,3.5,3.6,3.7,3.5,3.8,3.8,3.8,3.9,4,3.8,3.7,3.8,2.7,2.6,3.5,3.9,3.9,3.7,4.3,4.3,4,4.3,4.5,4.4,7.4,9.2,5.7,5.2,5.1,4.9,4.9,4.9,5.3,5,5.9,6.1,5.1,5.1,4.8,5.1,5,5.7,5.5,5.6,5.4,5.4,5.3,5.2,5.2,5.2,5.3,5.2,5.3,5.3,5.6,5.1,5.4,5.4,4,4.3,4,4.2,4.1,3.8,4.3,4.3,4,4.4,4.6,4.7,4.6,4.3,4.9,4.8,4.5,4.7,4.7,4.6,4.8,4.5,4.3,4.5,4.3,4.4,4.3
4,AZ,442,7.2,7.3,7.5,7.8,7.6,7.3,7.5,7.6,7.7,7.4,7.2,6.7,10.3,10.8,8.2,4.6,5.2,10.2,9.2,10,11.8,10,8.7,10.8,10.8,11,14.9,47.4,15.7,12.1,10.4,10.4,10.9,10.1,9.9,10.4,7.5,8,7.2,7.6,7.7,7.3,7.4,7.6,7.5,7.1,7,6.9,7.5,7,6.8,6.6,7.7,8.1,7.8,8.6,8.2,8.2,8.5,8.1,8.7,9.7,9.6,9.6,9.5,10.2,11.2,11.2,11.1,11,10.6,10.7,10.5,10.2,9.8,9.5,10.4,10.3,10,9.3,10.2,9.6,9.8,9.6,10.1,10.6,10.5
4,AZ,443,6.8,6,5.9,5.9,5.9,6.1,6.8,6.3,6.5,6.5,7,7.3,7.4,6.8,8.2,3.5,3.4,8,7.6,7.3,7.3,8,7,7.8,9.4,7.6,13.6,20,13.6,13.7,11,9.4,9.6,9,8.9,6.5,9,8.1,7.8,7.8,7.6,7.4,7.5,7.3,7.6,6.7,6.7,6.2,8.3,7.1,7.2,6.4,7.1,7.2,7.2,7.3,7.3,7.1,8.3,7.2,7,7.2,6.4,6.9,7.2,7.5,7.6,6.9,6.6,6.9,6.6,8.5,6.7,5.8,6.4,6.7,7.1,8.1,8.1,7.8,8,7.8,6.8,7.3,8.1,7.4,7.3
4,AZ,444,3.7,3.1,3.4,3.4,3,3.2,3,3,3.5,3.2,3.5,3.3,3.2,3.4,4,4.2,3.7,4.1,3.6,3.4,3.7,3.8,4.3,4.1,3.7,3.6,5.2,5,3.7,3.9,3.4,3.4,3.3,3.6,4.4,3.8,3.8,4,3.9,3.4,3.8,3.8,3.8,4,3.7,4,4.1,3.6,3.8,3.9,3.6,3.4,3.7,3.6,3.7,3.6,3.5,3.8,4.4,4.1,3.8,3.8,3.3,3.7,3.4,3.5,4.6,3.6,3.7,4.1,4.3,4.6,4.4,3.4,3.7,3.6,3.5,3.6,4.2,3.1,3.6,3.5,3.7,4.1,4,3.4,3.5
4,AZ,445,2.8,2.7,2.6,2.8,2.8,2.8,2.9,2.9,2.7,2.8,2.8,2.7,2.6,2.7,3.2,2.9,3.1,3,3,2.9,3,2.9,2.9,2.9,3,2.8,2.4,2.9,2.9,3,2.9,2.9,3.1,3,3,3.1,2.7,2.8,2.9,2.8,2.7,2.9,2.9,2.8,2.8,2.8,2.8,2.8,2.5,2.6,2.5,2.5,2.6,2.6,2.5,2.6,2.6,2.5,2.6,2.5,2.7,2.8,2.7,2.7,2.8,2.8,2.8,2.8,2.7,2.9,2.9,2.7,2.7,2.6,2.6,2.8,2.7,2.7,2.9,2.8,2.7,2.8,2.7,2.6,2.7,2.7,2.7
4,AZ,446,2.1,2.2,2.2,2.3,2.1,2,2.2,2,2.3,2.6,1.9,2.3,1.9,1.9,2.1,1.8,1.7,1.9,2,1.8,2.1,2.3,1.8,2.1,2,2,2.2,2.6,2.4,2.4,2.2,2.2,2.2,2.1,2.2,2.2,2.1,2.2,1.9,2,1.9,2.1,1.9,2,2.1,2.1,1.9,1.8,2.1,2.1,2.1,2.1,2,2.1,2,2,2.1,2.3,2,2.1,1.7,1.9,1.6,1.8,1.6,1.7,1.9,1.9,2,2.5,2,2.1,2.5,2.2,2.1,2.4,1.8,2.6,3.1,2.4,2.5,3.5,2.5,3.4,3.1,2.9,3.2
4,AZ,447,2.4,2.6,2.5,3.2,2.6,2.6,2.6,2.5,2.5,2.5,2.6,2.8,3,2.9,2.3,1.8,2,2.2,2.3,2.2,2.3,2.3,2.2,2.4,2.3,2.5,3.7,4.6,5,3.6,3.4,3.7,3.9,3.9,4.3,4.1,3.1,3.4,4,4.2,3.9,3.7,3.6,3.3,3.4,3,3.1,2.7,3.1,2.8,2.6,2.7,2.4,2.3,2.3,2.6,2.9,2.7,2.5,2.7,3.1,3.3,3.4,3.5,3.4,3.2,3.2,2.9,2.9,3,3.3,3.3,3.3,3,3.1,3,3.1,3.2,3.1,3.1,3.2,3.2,3.4,3.2,3.2,3.3,4.6
4,AZ,448,4.2,4.3,4.1,4.3,4.1,4.3,4.4,5.6,4.6,4.8,4.8,4.7,4.7,5.1,2.6,S,S,6.2,3.7,5.3,4.8,4.5,4.2,4.3,5.1,5,12.3,S,15.4,9.5,8.6,6.9,6.3,6.5,7.2,6.1,6.1,6.5,5.8,5.7,5,4.9,4.7,5.3,5.1,4.8,4.8,4.7,6,5.4,5.2,4.9,4.9,5.1,5,5.4,5,4.8,5.1,5.1,4.8,5.1,4.7,4.7,4.7,5,4.6,4.8,4.8,4.9,5,4.7,5.1,5,5,5.1,5.2,5.4,5.4,6.1,5.8,5.8,6.2,6.4,6.3,6.1,5.9
4,AZ,451,8,5.8,5,5.5,5.7,6.3,6.6,8,6,6.8,5.9,6.1,9.6,6.7,5.4,S,S,9.3,7.3,8.2,7.6,8.5,7.3,7.1,11.6,7.5,12,S,12,8.1,8,11.4,7.4,8,8.8,7.9,8.3,7,5.3,5.6,5.6,6,5.7,7.6,5.6,6,7.4,6.2,9.4,6.5,6.2,6.3,6.7,6.9,6.8,7.4,6.5,6.7,8.1,6.8,8.2,7.1,6.2,5.7,6,6.8,6.3,6.8,6.1,6.4,6.7,7,8.2,6.3,6.4,6.4,6.6,7.4,7,7,6.4,7,7.3,7.3,10,7.5,6.8
4,AZ,452,3,2.9,2.6,3.1,3.1,2.9,3.3,3.3,3,3.2,2.9,3,3.2,3.1,3.2,S,4.6,3.2,2.8,3.5,3.3,3.6,3,2.7,3.5,3.6,3.8,6.3,5.2,4.2,4.4,6.6,4.3,4.5,4,3.7,4.3,4.3,3.9,3.8,3.9,3.5,3.8,4.6,3.9,3.9,4,3.5,3.6,3.4,3.8,4.3,4.5,5.2,4.5,4.6,4.7,5,4.1,4.5,4.1,3.7,4,4.2,4.4,4.8,4.7,4.5,4.5,5,4.4,4.3,4.8,3.9,3.6,3.9,3.7,4,4,4.5,3.6,4.2,3.9,3.8,4.8,3.9,4.3
4,AZ,453,3.9,4,3.4,3.6,4.2,4.1,4.1,3.7,4.2,4.9,3.9,4.1,3.9,3.9,4,4.6,4.6,4,3.6,3.4,4.1,6,3.7,4.3,4.6,4.3,6.3,S,8.2,6,5.7,5.1,5.6,5.9,4.3,4.6,5.8,5.7,5.3,5.4,5.8,5.9,5.2,5.7,5.6,5.8,4.5,4.7,4.2,4,4,4.1,4.1,4.5,5.2,4.3,4.4,5,4.2,3.9,6.3,6.3,5.9,S,S,6.4,6.7,7,6.5,7.1,6.2,6.3,6.3,6,6.3,6.6,6.7,7.2,6.8,6.5,7.2,7,7.3,7,7.4,7.5,7.1
4,AZ,TOTAL,1.5,1.5,1.5,1.5,1.5,1.4,1.5,1.6,1.5,1.5,1.5,1.5,1.5,1.6,1.3,1.1,1.6,1.6,1.6,1.6,1.7,1.7,1.5,1.6,1.8,1.8,2.4,3.2,2.4,2.1,2.1,2.2,2.1,2.1,2.1,2,2.2,2.3,2.1,2.1,2,2,2,2.2,2.1,2,2,1.9,2,1.9,1.9,2,1.9,1.9,1.9,2,2,1.9,1.9,1.9,1.7,1.7,1.7,1.7,1.7,1.7,1.8,1.8,1.7,1.8,1.8,1.8,1.8,1.7,1.8,1.8,1.7,1.8,1.8,1.8,1.8,1.8,1.7,1.7,1.8,1.8,1.9
5,AR,441,4.3,4.2,4.3,4.5,4.4,4.3,4.7,4.7,4.7,4.8,5,4.6,4.7,4.8,3.3,3.3,4.5,4.9,4.9,4.7,5.4,5.4,5,5.6,5.7,5.3,8.7,10,6.9,6.2,6.1,5.7,5.7,5.9,6.4,6.1,6.4,6.7,5.5,5.5,5.2,5.5,5.5,6.2,5.9,5.9,5.7,5.7,5.2,5.1,5,4.9,5.3,5.4,5.4,5.5,5.6,5.4,5.6,5.7,4.7,4.9,4.5,4.7,4.5,4,4.5,4.5,4.2,4.7,4.9,4.9,4.8,4.4,5.1,5.1,4.7,4.8,4.9,4.8,5.1,4.7,4.7,5,4.7,4.9,4.5
5,AR,442,6,5.8,5.8,6.1,5.9,5.7,5.7,5.7,6,5.7,5.7,5.5,5.9,6.2,4.2,4.3,4.8,6.2,5.5,5.7,6.3,5.7,5.4,S,6.9,6.8,10.8,S,10.4,7.9,6.9,7,7.4,7.5,7.3,S,5.4,5.9,5.4,5.5,5.6,5.7,5.4,5.8,5.6,5.8,5.4,5.5,5.4,5.2,4.9,4.5,4.8,4.9,5.3,5.7,5.6,5.8,5.8,5.5,6.2,6.1,5.9,7.3,7.2,6.8,7.6,7.4,6.7,7.5,6.9,7,7.2,6.7,7,6.8,6.8,7.2,7.8,7.1,8.3,7.7,7,7,7.6,7.2,7.1
5,AR,443,11.4,10.2,10.2,10.4,10.4,10.4,11.1,10.5,11.2,11.1,11.4,11.4,9.3,9.2,9,4.9,4.4,9.2,8.6,8.5,8.2,8.8,8.3,8.3,15.2,11.8,16.2,26.3,12.9,13.1,11,9.1,9.9,8.9,10.8,20.4,9.4,8.9,9.6,9,8.9,8.9,8.4,8.9,8.6,7,6.7,6,12.5,11.2,10.9,10.2,11.5,11.6,11,11,11.2,11.1,11.6,11.2,12.6,14.6,12.4,14,12.1,13.8,14,13.5,12.9,12.9,13.6,14.1,13.7,11.9,12.7,13.7,17.3,15.4,16.1,14.9,15.3,15.9,13.5,14.9,15.9,15.1,15.5
5,AR,444,4.9,4.6,4.6,4.8,4.3,4.4,4.6,4.4,4.7,4.5,4.8,4.8,4.4,4.9,5.1,5.2,5.3,5.6,5.2,5,5.4,5.1,5.4,5.5,5.3,5.3,6.7,6.6,5.6,5.3,5.1,5.1,4.8,5,5.9,5.5,5.1,5.3,4.9,4.6,5.2,4.9,5,5.2,5,5.1,4.9,4.7,5.2,5.3,4.8,4.8,5.2,4.9,5,5,4.8,5,5.6,5,4.7,5.2,4.7,5.4,5,5,5.9,5.2,5.3,5.6,5.6,5.8,5.4,4.7,5.1,5,5,5.1,5.5,4.1,5.1,4.9,4.6,5,4.6,4.3,4.6
5,AR,445,4.8,3.6,3.6,4.7,4.7,4.7,4.8,4.8,4.7,4.7,4.8,4.7,4.4,4.7,5.5,5.2,5.5,5.3,5.4,4.9,5,5,5.1,5.1,4.6,4.4,3.7,4.2,4.2,4.3,4.1,4.2,4.4,4.5,4.3,4.5,4.2,4.3,4.6,4.5,4.6,4.8,4.7,4.5,4.4,4.6,4.7,4.6,4,4,3.9,3.9,3.9,3.9,3.8,3.9,3.9,3.7,4,3.8,3.9,4,4,4,4.1,4,4.1,4.1,3.9,4.2,4.6,4.1,4.1,4.1,4.1,4.2,4.3,4.3,4.3,4.4,4.3,4.4,4.4,4.3,4.1,4,4.3
5,AR,446,2.5,2.6,2.5,2.6,2.7,2.6,2.8,2.7,2.6,2.6,2.8,3.6,2.8,2.7,3,2.6,2.2,2.5,2.6,2.4,3.3,3.6,2.5,2.8,2.4,2.3,2.6,3.1,2.6,2.8,2.6,2.6,2.7,2.5,2.6,2.6,2.8,3,2.6,2.6,2.5,2.7,2.6,2.6,2.8,2.8,2.7,2.6,3.8,3.6,3.9,3.7,3.6,3.7,3.6,3.6,3.7,4.1,3.7,3.9,2.7,2.9,2.7,2.7,2.5,2.7,3,2.8,3,3.9,3.1,3.4,4.3,3.5,3.4,3.9,2.9,4.1,4.8,3.7,4,5.1,3.9,5.3,4.5,4.3,4.8
5,AR,447,3.4,3.6,3.6,4.2,3.6,3.6,3.6,3.6,3.6,3.5,3.7,4,3.7,3.5,2.7,2.2,2.3,2.7,2.8,2.8,2.9,2.8,2.7,2.9,3.4,3.6,5.3,6.6,7,5.1,5,5.2,5.4,5.6,6,5.6,4.3,4.5,5.2,5.4,5.7,5.2,4.9,4.5,4.6,4,4.1,3.6,4,3.8,3.4,3.4,3.1,2.9,3,3.4,3.9,3.5,3.4,3.6,3.9,4.2,4.3,4.4,4.4,4.2,4.2,3.8,3.8,3.9,4.3,4.4,4.5,4.1,4.3,4.1,4.3,4.4,4.3,4.3,4.2,4.3,4.5,4.3,4.1,4.4,5.7
5,AR,448,4.5,4.3,4,4.2,4.1,4.3,4.2,4.9,4.6,4.4,4.6,4.8,4.8,4.7,2.7,S,S,S,4.1,4.7,5.2,4.7,5,5.1,5.6,4.8,11.6,S,13,8.2,6.5,6.1,5.5,5.9,6.6,6.3,6.3,7.6,5.3,5.6,5.2,5,5.3,5.2,5.5,5.3,5.4,6.2,5.9,6.4,5.1,5.1,5.2,5.5,5.3,4.9,5.2,4.9,5.4,5.8,4.7,5.3,4.5,4.7,4.8,5.1,4.7,4.3,4.6,4.8,5.1,5.2,5.7,4.6,4.7,5.1,5,5.1,5,5.3,5.2,5,5.6,5.9,6.3,6.2,5.9
5,AR,451,13.1,9.6,8.2,9.8,9.8,10.4,11.1,11.2,9.9,10.6,10.1,10.1,12.7,9.9,8.5,S,17.6,14.3,12.3,11.8,11.5,12.4,11,10.9,15.5,S,S,S,S,S,S,S,S,S,S,S,9,10.6,6.6,8.3,7.7,7.9,8,10.6,8.7,9.5,10,8.7,16.3,S,8.9,9.2,9.4,S,S,11.3,9.8,9.7,10.8,10,11.7,10,8.3,8,8.2,9.2,8.7,9.3,8.9,9,9.1,10,13.6,8.7,8.9,9.4,9.3,10,9.8,9.7,9.6,10.1,10,10.3,14.2,10.8,9.7
5,AR,452,2.3,2.2,2.2,2.5,2.4,2.3,2.8,3,2.5,2.9,2.5,2.6,2.4,2.6,3.1,2,S,5,4,4.8,4,4,4.1,3.3,3,2.5,3.2,4.6,S,3.2,2.9,S,3.2,3.2,3.7,2.9,2.5,2.9,2.3,2.6,2.6,2.2,2.6,4.1,2.7,2.8,2.9,2.5,2.5,2.6,2.2,2.6,2.7,2.8,2.8,3.2,3.1,3.1,2.7,2.7,2.5,2.8,2.9,2.6,2.8,3.1,3.3,3.3,3,3.4,2.9,2.9,3.3,2.6,2.4,3.3,2.7,2.8,3.3,3.5,2.3,3,2.8,2.6,3.2,2.8,3.2
5,AR,453,4.1,4.8,3.9,4.4,4.4,4.6,4.8,4.4,4.6,5.1,4.1,4.5,5.1,5,4.7,4.2,5.4,5.7,5.5,4.9,5.3,5.5,4.6,5.5,5.1,4.9,7.3,12.1,9.3,7.2,6.2,6.2,6.4,6.9,5.4,5.3,6.2,6.1,5.4,5.5,5.9,5.6,5.3,5,5.1,4.9,4.2,4.5,5.1,4.9,4.9,4.6,5.3,5.5,5.7,5.3,5.3,6.1,6,5.5,5.7,6.1,6.3,7,6.3,6.4,7.3,7.2,6.5,7.4,6.4,6.8,6.4,6.1,6.4,6.5,7.5,7.9,7.6,6.7,6.9,7.3,6.9,6.8,7.1,6.9,6.5
5,AR,TOTAL,1.6,1.5,1.5,1.7,1.6,1.6,1.7,1.7,1.6,1.7,1.6,1.6,1.6,1.7,1.5,12.1,2.5,1.9,1.8,1.8,1.9,1.9,1.8,1.8,1.9,1.8,2.4,25.8,2.8,2.1,2,2,2,2.1,2.2,2,2,2.2,2,2.1,2.1,2.1,2,2.2,2,2,1.9,1.8,1.9,1.9,1.8,1.8,1.8,1.8,1.8,1.9,1.9,1.8,1.8,1.8,1.7,1.8,1.8,1.8,1.8,1.7,1.8,1.8,1.7,1.8,1.8,1.8,1.9,1.7,1.8,1.9,1.8,1.8,1.9,1.8,1.8,1.8,1.8,1.8,1.8,1.8,2
6,CA,441,1.7,1.7,1.7,1.8,1.8,1.8,1.8,1.9,1.8,1.8,2,1.8,1.9,1.9,1.3,1.3,1.8,2,2,1.9,2.2,2.2,2,2.3,2.2,2.1,3.8,4.7,2.9,2.5,2.5,2.4,2.4,2.4,2.6,2.5,2.7,2.7,2.3,2.4,2.2,2.4,2.3,2.7,2.5,2.6,2.5,2.6,2.5,2.5,2.5,2.4,2.5,2.6,2.5,2.6,2.6,2.5,2.7,2.7,2,2.2,2.1,2.2,2.1,2,2.2,2.2,2.1,2.3,2.5,2.4,2.2,2.1,2.4,2.4,2.3,2.3,2.3,2.3,2.4,2.3,2.2,2.3,2.2,2.3,2.2
6,CA,442,3,3,3.2,3.2,3.3,3,3.2,3.1,3.3,3.1,3.1,2.9,3.1,3.4,2.6,2.7,2.1,3.2,2.8,3,3.5,3,2.9,3.6,3.5,3.4,5.2,21.1,5.9,4.2,3.6,3.6,3.9,3.5,3.6,3.8,3.5,3.6,3.5,3.5,3.7,3.7,3.4,3.6,3.5,3.7,3.6,3.5,4,3.5,3.4,3.5,3.7,4,3.7,4,3.9,3.8,4.1,3.9,3.8,3.8,3.8,4,4,4.5,4.7,4.9,4.8,5.1,4.9,5.1,4.7,4.4,4.6,4.5,4.4,4.5,4.7,4.3,4.9,4.7,4.6,4.6,5,4.7,4.9
6,CA,443,3.6,2.9,2.8,2.9,2.9,2.8,3.2,2.9,3.1,3,3.6,3.8,4.2,3.5,5,1.8,1.6,5,4.4,3.3,3.2,3.6,3.8,4.2,5.2,3.1,8,12.9,6.8,9.2,6,3.2,3.6,3.4,4.2,7.7,5.3,2.9,3.4,3.1,3,2.9,3,2.4,3,2.4,3.1,1.2,5.3,3.6,3.7,3.2,3.3,3.5,3.5,3.5,3.8,3.5,4.4,2.9,3.9,3.4,3.2,3.3,3.4,3.4,3.5,3.1,3.1,3.1,3.4,5.2,3.7,3,3.4,3.3,3.5,3.9,3.9,4,4.1,3.4,3.3,4,5.1,3.5,3.6
6,CA,444,2.2,1.9,2,2,1.8,2,1.9,1.8,2,2,2.1,2,1.9,2.1,2.3,2.4,2.3,2.5,2.2,2.1,2.2,2.3,2.6,2.6,2.3,2.2,3.2,3.2,2.4,2.4,2.2,2.1,2,2.2,2.8,2.4,2.4,2.6,2.5,2.1,2.4,2.3,2.4,2.5,2.3,2.4,2.6,2.4,2.4,2.6,2.4,2.2,2.5,2.4,2.5,2.5,2.4,2.6,3.1,2.8,2.7,2.9,2.4,2.8,2.6,2.7,3.2,2.5,2.9,3.1,3,3,2.9,2.4,2.5,2.5,2.4,2.6,2.7,2,2.5,2.3,2.3,2.6,2.4,2.1,2.3
6,CA,445,1.1,1.1,1.1,1.1,1.1,1.1,1.1,1.1,1.1,1.1,1.1,1.1,1.1,1.1,1.3,1.2,1.3,1.2,1.2,1.2,1.3,1.2,1.2,1.2,1.2,1.1,1,1.1,1.1,1.2,1.1,1.1,1.2,1.2,1.2,1.2,1.1,1.1,1.2,1.2,1.1,1.2,1.2,1.2,1.1,1.1,1.1,1.1,1,1,1,1,1,1,1,1,1,1,1,1,1,1.1,1.1,1.1,1.1,1.1,1.1,1.1,1.1,1.1,1.3,1.1,1.1,1.1,1.1,1.1,1.1,1.1,1.1,1.1,1.1,1.2,1.1,1.1,1.1,1.1,1.1
6,CA,446,0.7,0.8,0.8,0.8,0.8,0.8,0.8,0.8,0.8,0.9,0.8,0.8,0.7,0.8,0.8,0.8,0.8,0.8,0.8,0.7,0.8,0.8,0.8,0.8,0.6,0.6,0.7,0.9,0.9,0.8,0.7,0.7,0.7,0.7,0.7,0.8,0.7,0.8,0.7,0.7,0.7,0.7,0.7,0.7,0.7,0.7,0.7,0.8,0.7,0.8,0.8,0.7,0.8,0.8,0.7,0.8,0.8,0.8,0.8,0.8,0.7,0.8,0.7,0.7,0.7,0.7,0.8,0.8,0.8,1,0.8,0.9,1,0.9,0.9,0.9,0.7,1,1.3,0.9,1,1.4,1,1.2,1.2,1.1,1.2
6,CA,447,2.3,2.2,2.4,2.4,2.1,2,2.4,1.9,2.3,2.1,2,2.1,2.2,2.4,1.8,1.5,1.4,1.7,2,2,2,2,2,2.2,1.6,1.9,3.4,4.6,3.7,2.7,2.4,2.4,2.4,2.4,2.6,2.7,2.3,2.3,2.7,2.9,3.9,2.9,2.7,2.5,2.5,2.3,2.2,2.1,2.6,2.5,2.1,2.1,1.8,1.8,1.9,2.1,2.5,2.1,2.4,2.2,2.2,2.2,2.4,2.6,2.5,2.3,2.4,2,2.2,2.1,2.1,2.4,2.6,2.4,2.6,2.4,2.6,2.6,2.6,2.5,2.3,2.6,3.1,2.7,2.4,2.4,3.3
6,CA,448,2.6,2.9,2.6,2.4,2.3,2.4,2.8,3.4,2.6,2.8,3,3,3.3,3.8,1.7,0.1,S,3.8,2.4,S,2.5,3.2,3,2.9,3.1,3.5,9,S,S,7.8,S,S,S,4,4.7,4.5,5.1,4.9,4.7,3.9,3.3,3.2,3.3,3.6,3.3,3.2,3.4,3.4,3.7,3.4,3.3,2.9,2.8,3,3,3.3,3,2.9,3.4,3.3,3.3,3.4,3.3,3.2,3.2,3.3,3.2,3.4,3.1,3.3,3.8,3.3,3.4,3.5,3.3,3.3,3.1,3.3,3.5,3.7,3.4,3.4,4,3.9,3.8,3.9,3.8
6,CA,451,5.4,3.9,3,3.1,3.2,3.2,3.3,5,3.9,4.8,3.5,3.7,4.1,3.9,2.5,S,S,3.9,3.5,3.6,3.4,5.1,3.8,3.6,7.2,5,9.5,36.8,17,5.8,5.1,S,S,5.7,6.1,S,5.8,4.8,3.2,3.4,3.4,3.7,3.3,5.3,3.6,4.1,5.4,4.1,6.9,4.4,3.7,3.7,4,4,3.9,5.1,4.1,4.3,5.9,4.4,6.5,4.6,3.8,3.4,3.6,4.5,3.5,4.5,3.7,4.4,4.9,4.7,6.6,4.5,4.4,4,4.3,5.2,4.4,4.8,4.3,4.7,5.5,5.3,8.3,5.3,4.4
6,CA,452,1.9,1.8,1.6,1.9,1.9,1.8,1.9,1.9,1.7,1.9,1.8,1.8,1.9,1.8,1.8,S,S,1.5,1.6,1.6,1.6,2,1.8,1.5,2.1,2.1,2.4,4.7,3.9,2.6,2.3,S,2.4,2.6,2.4,2.4,2.5,2.4,2.4,2.2,2.2,2.1,2.1,2.5,2.2,2.2,2.4,2,2.2,2,2.1,2.6,2.4,2.7,2.5,2.4,2.6,2.7,2.4,2.6,2.5,2,2.2,2.4,2.5,2.8,2.6,2.5,2.5,2.7,2.5,2.5,2.9,2.4,2.1,2.4,2.3,2.4,2.3,2.4,2,2.4,2.2,2.2,2.9,2.2,2.4
6,CA,453,2.6,3.1,2.5,2.7,3.1,2.7,2.6,2.4,2.7,3.2,2.4,2.8,3,3.6,2.8,2.7,2.9,3.2,2.9,2.7,3.4,4.4,2.6,3.3,2.7,2.5,3.9,7.5,6.4,3.7,3.1,3.1,3.5,4.6,2.7,3.1,3.9,3.2,3.3,2.8,3.2,3.1,2.9,3,3.2,3.9,2.5,2.9,3.5,3.8,4.1,4.1,4.2,4.3,5.4,4.2,4,4.7,4.4,3.7,4.1,4,3.7,5,4.1,4.3,4.6,4.3,3.7,4.3,3.9,3.5,4.6,4.2,4.5,5.2,4.8,5.2,4.8,5,6.4,5.9,5.6,4.7,5.7,5.8,5.4
6,CA,TOTAL,0.7,0.7,0.7,0.7,0.7,0.7,0.7,0.7,0.7,0.7,0.7,0.7,0.7,0.8,0.6,0.5,0.7,0.8,0.7,0.7,0.8,0.8,0.8,0.8,0.8,0.8,1.1,1.6,1.2,1,1,1.1,0.9,0.9,0.9,1,1,1,0.9,0.9,0.9,0.9,0.9,1,0.9,0.9,0.9,0.9,0.9,0.9,0.9,0.9,0.9,0.9,0.9,0.9,0.9,0.9,0.9,0.9,0.8,0.9,0.8,0.9,0.9,0.9,0.9,0.9,0.9,0.9,0.9,0.9,0.9,0.8,0.9,0.9,0.9,0.9,0.9,0.9,0.9,0.9,0.9,0.9,0.9,0.9,0.9
8,CO,441,3.5,3.5,3.6,3.5,3.6,3.4,3.6,3.7,3.7,3.7,3.8,3.7,3.8,3.9,2.7,2.6,3.6,4,4,3.8,4.3,4.2,4,4.3,4.4,4.2,7.3,8.8,5.5,5.1,4.9,4.8,4.8,4.8,5.3,4.9,4.6,4.7,4.1,4.1,3.8,4.1,4,4.6,4.4,4.4,4.3,4.4,5.2,5.2,5.1,4.9,5.3,5.2,5.2,5.2,5.4,5.2,5.5,5.5,4.8,5.2,4.8,5,4.9,4.5,5,5,4.8,5.2,5.5,5.4,4.7,4.4,5,4.9,4.5,4.7,4.8,4.7,4.9,4.6,4.4,4.7,4.5,4.6,4.5
8,CO,442,8.5,8.8,8.3,9.2,8.8,8.9,9.2,9,9.1,9,8.4,7.6,11.6,11.6,9.7,4.5,5.5,11.4,10.6,11.1,12.7,11,10.2,12.2,10,10.7,S,S,16.3,11.4,9.2,9.4,S,9.3,9.3,S,9,9.3,8.5,8.9,9.3,8.9,8.7,8.9,9.1,8.1,8.4,8.7,8.3,8,8,7.2,8.2,9.9,8.8,9.3,9.9,10,10.1,10,7.8,8.2,8.5,9.5,9.3,9.1,10.7,11,10.1,10.2,9.5,9.6,9.7,9.2,9.3,9.2,9.5,9.1,9.4,8.7,9.7,9.4,8,7.8,9.8,9.6,9.7
8,CO,443,6.9,6.2,6.1,6.3,6.5,6.4,7,6.6,7,6.9,7.2,7.3,7.8,7.1,7.6,3.6,3.2,7.5,6.7,6.2,6.2,6.8,6.6,6.5,8.9,6.9,11.3,18.9,9.6,10.4,7.8,6.3,7,5.9,6.7,14.9,6.8,6,6.7,6.4,6.2,6.1,5.8,5.9,5.8,4.2,4.5,3.4,7.7,7.6,7,6.4,7.3,7.6,7,7.3,7.2,7.1,9,7.2,7.3,7.7,6.5,7.1,7.5,7.6,7.6,7.1,6.6,6.2,6.2,8,6.8,6.2,7.5,7.7,7.7,8.1,8.5,8.1,8.4,8,7.1,7.8,9.7,7.5,7.8
8,CO,444,4.3,4.1,4.1,4.1,3.8,3.8,3.9,3.8,4.1,4,4,4.2,4,4.4,4.5,4.6,4.5,4.8,4.4,4.3,4.7,4.5,4.8,5,4.6,4.4,5.6,5.7,4.5,4.3,4.1,4.3,4.1,4.3,4.9,4.6,5,5.3,4.9,4.4,4.9,4.8,4.8,5.2,4.9,5,5.1,4.6,4.6,4.9,4.5,4.4,4.8,4.5,4.5,4.5,4.4,4.8,5.1,4.8,5,5.1,4.8,5.4,4.9,4.9,5.6,4.9,5.3,5.6,5,5.1,5,4.8,5.1,5,4.9,4.9,5,4.2,4.9,4.9,4.5,5.2,5,4.4,4.6
8,CO,445,3.2,3.1,3.1,3.2,3.2,3.1,3.2,3.2,3.1,3.2,3.3,3.1,3.2,3.3,3.9,3.5,3.7,3.5,3.5,3.4,3.4,3.5,3.5,3.4,3.5,3.3,3,3.3,3.2,3.4,3.3,3.4,3.4,3.5,3.4,3.5,3.1,3.1,3.2,3.2,3.1,3.2,3.1,3.1,3.1,3.1,3.1,3,2.9,2.9,2.9,2.8,2.8,2.8,2.8,2.8,2.9,2.8,3.2,2.8,3.3,3.4,3.4,3.3,3.3,3.3,3.3,3.3,3.2,3.5,4.4,3.3,3.4,3.1,3.1,3.3,3.2,3.2,3.2,3.2,3.2,3.2,3.1,3.1,3.2,3.1,3.1
8,CO,446,2.2,2.3,2.3,2.3,2.2,2.1,2.2,2.2,2.5,2.7,2.2,2.6,2.4,2.3,2.6,2.8,2.1,2.6,2.4,2.1,2.6,2.6,2.3,2.6,2.1,1.9,2.5,4,2.8,2.6,2.2,2.2,2.4,2.2,2.3,3.1,2.1,2.1,2,2,1.9,2,1.9,1.9,2.1,2,2,2.7,2.3,2.2,2.3,2.2,2.1,2.2,2,2.1,2.1,2.3,2.2,2.5,2,2.2,2,1.9,1.9,2,2.1,2.1,2.2,2.7,2.2,2.5,2.5,2.3,2.3,2.5,2,2.6,3,2.4,2.6,3.4,2.5,3.3,2.8,2.7,2.9
8,CO,447,3.1,3.3,3.3,3.9,3.3,3.3,3.3,3.2,3.2,3.2,3.3,3.6,3.7,3.6,2.9,2.2,2.4,2.8,2.9,2.6,2.6,2.6,2.5,2.7,2.5,2.7,3.7,4.6,4.8,3.8,3.7,4.3,4.5,4.7,5,4.9,3.6,3.9,5.1,5.2,5,4.2,4.1,3.7,3.7,3.4,3.4,3,3,2.8,2.5,2.6,2.4,2.2,2.3,2.6,3.1,2.7,2.6,2.7,3.4,3.5,3.6,3.8,3.7,3.6,3.7,3.4,3.4,3.5,3.7,3.9,4,3.6,4,3.7,3.8,3.8,3.6,3.6,4.1,3.6,4,3.6,3.5,3.5,4.4
8,CO,448,4.6,4.9,4.5,4.5,4.4,4.5,4.7,5.2,4.6,5.1,5.2,5.2,5.3,6,2.9,2.6,S,6.4,4.4,4.9,5,4.7,4.5,4.8,5.5,5.5,14,107.6,S,10.8,8.1,7.1,6.6,7,8.6,6.8,6.2,7,6.2,6.1,5.2,4.9,4.9,5,5.1,4.9,5.1,5.1,5.6,5.1,5,4.5,4.4,4.6,4.6,4.7,4.5,4.3,5,4.8,4.7,5.1,4.6,4.8,4.7,4.7,4.6,4.6,4.5,4.7,5.2,4.7,5.3,4.9,4.9,4.9,4.8,4.9,5.1,5.4,5.2,5.3,6,6,6.1,6.2,5.6
8,CO,451,6,4.9,4.4,5.1,5.2,5.5,5.8,5.6,4.9,6.3,5.4,5.4,7.7,6.8,5.5,8.6,S,9.2,7.3,6.6,6.8,8,8.8,7.1,10.8,7.9,13,28.3,10,8.1,7.8,9.1,7.7,9.1,10.3,8.7,7.4,6.7,5.3,5.4,5.3,5.6,5.5,6.3,5.5,5.8,7.5,6.1,7.6,6.6,5.9,6.1,6.1,6.3,6.3,6.2,6.2,6.6,7.4,5.7,7.2,6.7,5.9,5.6,5.9,6.5,6,5.8,6,6.7,7,6.8,7.5,6,6.5,6.5,6.5,7.2,6.9,6.6,6.8,7.3,7.7,7.7,8.9,7.5,6.7
8,CO,452,2.8,2.6,2.4,2.7,2.6,2.5,2.8,2.9,2.6,2.9,2.5,2.5,2.9,2.8,2.9,S,4.8,3,2.8,3,2.8,3.1,2.7,2.5,3.4,3.4,3.7,4.9,5,3.6,3.3,6.6,3.7,3.9,3.5,3.2,4.1,4.1,3.7,3.7,3.8,3.3,3.5,5.1,3.7,3.8,3.6,3.2,3.4,3.3,3.6,4.3,4.4,5.1,4.5,4.2,4.8,5.3,3.9,4.5,3.8,3.5,3.6,3.9,4.3,4.7,4.6,4.3,4.6,4.9,4.2,4.2,4.6,3.7,3.4,4,3.6,3.9,3.8,4.5,3.4,4.4,3.8,3.5,4.8,3.8,4.3
8,CO,453,3.3,3.4,3.1,3.4,4,3.8,4.1,3.9,4,4.8,4,3.9,4,3.8,3.8,4.6,6.1,4.8,4.1,3.8,4.4,5.3,3.7,4.5,4.7,4.7,6.9,10.6,9.1,6.5,6.3,5.7,6,5.8,4.9,5,5.7,5.3,5,5,5.1,5.2,4.8,5,4.8,5.1,4.2,4.4,S,S,5.4,5.1,5.1,5.3,5.5,5.1,5.2,5.9,6.9,5.6,4.4,4.6,4.4,5.4,4.6,4.5,4.7,5,4.5,5.2,5.1,4.9,5.3,5.3,5.8,6.1,6,5.9,5.3,5.7,6.3,6.3,6.5,5.9,6.1,6.5,6
8,CO,TOTAL,1.4,1.4,1.4,1.5,1.4,1.4,1.5,1.5,1.4,1.5,1.5,1.4,1.5,1.6,1.4,1.2,1.6,1.6,1.5,1.5,1.6,1.6,1.5,1.6,1.7,1.6,2.2,2.9,2.2,1.9,1.8,2,1.9,1.9,2,1.9,1.8,1.9,1.8,1.8,1.7,1.7,1.7,1.8,1.7,1.7,1.6,1.6,1.8,1.8,1.8,1.7,1.8,1.8,1.7,1.8,1.8,1.8,1.8,1.8,1.8,1.9,1.9,1.9,1.9,1.8,1.9,1.9,1.9,2,2,1.9,1.9,1.8,1.9,1.9,1.8,1.8,1.8,1.8,1.8,1.8,1.8,1.8,1.8,1.8,1.9
9,CT,441,4.3,4.4,4.4,4.6,4.4,4.3,4.7,4.8,4.7,4.7,4.8,4.5,4.8,5.1,3.4,3.1,4.4,5.1,5,4.8,5.6,5.3,4.9,5.5,5.4,5.1,8.9,11,6.9,5.9,5.8,5.6,5.5,5.5,6,5.6,6,6.2,5.2,5.3,5,5.2,5.2,5.9,5.6,5.6,5.4,5.5,5.2,5.1,5.1,4.9,5.6,5.5,5.5,5.5,5.6,5.4,5.6,5.8,5.8,6.1,5.6,5.9,5.4,5,5.5,5.5,5.2,5.6,5.9,5.8,5.6,5.2,5.8,5.8,5.4,5.7,5.6,5.8,5.8,5.6,5.5,5.8,5.5,5.7,5.5
9,CT,442,5.1,5,5.2,5.2,5.1,4.9,5.2,5.1,5.3,5.1,5.1,4.9,6.1,6.7,4.7,3.9,4,6.1,5.8,6,6.7,6.2,5.6,6.7,6.2,6.4,9.7,S,11.9,7.9,6.6,6.4,7.1,6.3,6.5,7,6.1,6.6,6.2,6.1,6.3,6.1,5.9,6.3,6.4,6.4,6,5.8,7,6.3,6.2,6.1,6.7,6.9,6.9,7.4,7,7,7.1,6.6,7,7,6.9,7.2,7.4,7.6,8.4,8.6,8.5,9.2,8.7,8.7,9.2,8.2,8.8,9,8.8,8.9,9.8,8.9,9.7,9,8.3,8.4,9.2,8.5,9
9,CT,443,10.2,9.6,9.4,9.4,9.7,9.5,10.7,9.8,10.3,10.3,10.5,10.7,12.1,12,11.6,5.2,5,11,9.6,10.4,10.4,11.2,10.4,9.8,10.1,8.3,15.1,23.9,15.7,13.2,11,9.5,9.8,7.9,7.9,17.9,8.4,7.9,8,7.7,7.3,7.2,7,6.8,6.3,4.5,5.6,2.8,9.1,7.7,7.6,6.9,7.3,7.7,7.4,7.5,7.4,7.3,8.5,6.7,8.2,8,7.1,7.8,7.9,7.9,7.9,7.6,7.1,7.6,7.7,8.6,8.3,7.5,8.3,8.7,9.5,10,10.2,10,10.2,9.4,8.7,9.1,10.7,9.3,9.6
9,CT,444,5.2,4.9,4.9,4.8,4.5,4.7,4.8,4.6,5,4.8,4.9,5,4.8,5.1,5.1,5,5,5.7,5.3,5.3,5.7,5.6,5.8,6,5.4,5.3,6.9,7.2,5.5,5.4,5.1,5.1,4.9,5,5.7,5.3,6,6.4,5.9,5.3,5.8,5.8,5.9,6.4,6,6.2,6,5.5,4.9,4.9,4.5,4.3,4.7,4.5,4.7,4.8,4.6,4.9,5,4.7,4.3,4.6,4.1,4.6,4.3,4.4,5.2,4.3,4.7,5.1,4.8,4.8,5.2,4.7,4.9,4.8,4.7,5,5.3,4.3,5,4.7,4.7,5.3,5.1,4.6,4.7
9,CT,445,3.1,3.1,2.9,3.1,3,3.1,3.2,3.2,3.1,3.2,3.2,3.3,2.8,3.1,3.7,3.8,3.6,3.5,3.6,3.6,3.7,3.6,3.4,3.6,3.3,3.2,2.7,3,3.1,3.3,3.3,3.3,3.4,3.4,3.4,3.5,3.2,3,3.2,3.4,3.2,3.4,3.4,3.3,3.4,3.3,3.3,3.5,3,3.1,3.3,3.2,3.4,3.3,3.4,3.5,3.2,3.2,3.4,3.3,3,3.3,3.2,3.2,3.3,3.3,3.4,3.3,3.2,3.3,3.4,3.2,3.1,3.2,3.2,3.6,3.3,3.3,3.5,3.5,3.3,3.4,3.2,3.3,3.2,3.1,3.3
9,CT,446,1.8,1.8,2,2,1.8,1.8,1.9,1.8,2,2.2,1.7,2.1,1.8,1.8,2,1.8,1.6,1.8,1.9,1.7,2.1,2.1,1.8,2,1.6,1.5,1.7,2.1,1.8,1.9,1.7,1.6,1.8,1.6,1.7,1.8,1.9,1.8,1.8,1.7,1.6,1.8,1.7,1.7,1.8,1.8,1.6,1.8,1.8,1.7,1.9,1.7,1.7,1.8,1.7,1.8,1.8,1.8,1.7,1.8,1.7,1.7,1.6,1.6,1.5,1.6,1.7,1.7,1.8,2.1,1.8,2,2.2,1.9,1.9,2,1.6,2.2,2.4,2,2.1,2.7,2,2.6,2.5,2.1,2.4
9,CT,447,3.8,4.2,4.4,4.7,4.2,4,4.2,4,4,4,4.2,4.5,4.4,4.4,3.4,2.5,2.7,3.3,3.4,3.5,3.5,3.5,3.4,3.7,S,S,S,S,S,S,S,S,S,S,S,S,5.8,6.3,S,S,8.2,7.5,6.6,6.5,5.3,5.4,5.3,4.8,S,S,S,S,S,S,S,S,S,S,S,S,2.3,2.4,2.3,2.4,2.3,2.3,2.3,2.2,2,2.2,2.1,2.2,2.1,2.2,2.1,2.1,2,2.1,2.2,2.2,3.8,2.4,2.4,2.4,2.3,2.3,2.8
9,CT,448,5.7,5.9,5.7,5.4,5.1,5.5,5.7,6.3,5.7,5.9,6,6,6.6,7.2,3.2,0.3,5.9,7.1,6.5,5.8,6.1,5.8,5.4,5.5,6,5.4,15.5,S,23.9,10.1,8.1,7.3,6.7,7.2,8.7,7.1,7.6,8.6,7.2,6.9,5.9,5.7,6,6.1,5.8,5.9,5.8,5.9,7.7,6.6,6.3,6.1,6.1,6.1,6.4,6.4,5.9,5.9,6.5,6.2,6.5,6.7,6.5,6.2,6.5,6.4,6.6,6.7,5.7,6.6,6.8,6.1,7.4,6.7,7.1,7.1,6.8,7,8,7.6,7.7,7.9,8.6,8.5,7.9,8.3,7.7
9,CT,451,6.7,5.8,5.4,5.6,6,6.3,6.8,6.8,5.8,6.8,6.1,5.9,8.1,9.3,5.8,S,S,S,S,S,S,S,S,8.9,S,10,S,S,17.4,8.2,7.5,10.7,7.4,7.9,S,10.8,10.2,10.1,7.3,7.5,7.7,8.4,8.5,10.8,8.4,9.6,12,8.7,13.5,10.3,7.1,6.9,7.3,7.5,7.3,8,6.9,7.3,8.6,6.6,11.7,7.6,6.8,6.1,6.7,7.6,6.8,8.1,6.6,8.9,8.7,8.2,12.4,8.1,7.9,7.8,7.7,8.3,8.7,8.8,8.3,8.2,8.9,8.9,13.4,9.9,8
9,CT,452,4.1,3.7,3.6,4.1,3.9,3.8,4.2,4.3,4,4.2,3.7,3.7,4.1,4.3,4.2,S,6.4,4.4,4.8,4.8,4.8,5,4.4,3.8,5,4.4,5.6,11,7.7,5.3,4.5,7.3,5.3,5.7,5.4,4.7,4.2,5,4.6,4.5,4.9,4.5,4.5,6.6,5.1,4.9,4.5,4.5,5.4,4.8,4.8,5.4,5.6,6.3,5.8,5.7,5.8,6.2,5.1,5,4.2,3.7,4.4,4.6,5.2,6.3,5.1,5.7,5.4,6.2,4.5,5.2,4.9,3.7,3.7,4.7,3.9,4.4,4.3,5.2,4,5.1,4.4,4.2,6,4.9,5.6
9,CT,453,4.2,4.3,4,4.4,4.6,4.7,4.8,4.5,4.7,5.6,4.2,4.5,5.1,5.3,4.8,4.8,5.7,6.1,5.8,5.2,5.9,6.6,4.8,5.2,5,4.4,7.2,12.9,8.6,6,5.6,5.4,5.6,6,4.5,4.6,6,5.5,5.2,5.4,5.6,5.8,5.4,5.4,5,5,4.6,5,5,4.4,4.4,4.3,4.4,4.7,4.3,4.3,4.5,5.3,4.3,4.2,5.7,5.8,5.7,7.2,6.6,6.9,S,6.6,5.9,6.1,6,5.9,6.1,5.6,5.9,6.3,6.2,7.1,6.6,6.6,6.9,7,6.8,6.1,6.7,6.8,6.6
9,CT,TOTAL,1.6,1.6,1.6,1.6,1.6,1.6,1.7,1.7,1.6,1.6,1.6,1.6,1.6,1.8,1.5,1.2,1.7,1.8,1.8,1.8,1.9,1.8,1.7,1.8,1.8,1.7,2.3,3.1,2.4,2,1.9,2,1.9,1.9,2,1.9,2,2.1,2.1,2.1,1.9,1.9,1.9,2.1,1.9,1.9,1.9,1.8,1.9,1.9,1.9,1.9,1.9,1.9,1.9,2,1.9,2,1.9,1.9,1.7,1.8,1.8,1.8,1.8,1.8,1.9,1.8,1.8,1.9,1.8,1.8,1.9,1.8,1.9,2,1.8,1.9,1.9,2,1.9,1.9,1.9,1.9,2,1.9,2
10,DE,441,7.5,7.5,7.7,7.6,7.5,7.4,7.8,7.8,7.8,8.1,8.1,7.8,7.5,8.1,5.4,4.8,6.7,8.2,7.8,7.5,8.6,8.3,7.7,8.8,9.8,9.1,16.9,20.3,13,11.3,10.9,10.6,10.6,10.9,11.8,10.8,9.9,10.7,8.6,8.8,8.2,8.6,8.5,9.5,9.3,9.2,9.1,9.3,9.5,8.9,9,8.5,9.6,9.4,9.6,9.9,9.9,9.6,10,9.6,9.2,10.3,9.6,10,9.3,9,9.9,9.2,9.3,10.1,10.5,10.4,9.4,8.8,9.8,9.8,9.1,9.4,9.2,9.3,9.8,9.2,8.8,9.2,9.1,9.3,9.1
10,DE,442,11.3,11.5,12.3,12.1,12.1,11.6,11.7,11.6,11.7,11.9,11.2,10.8,11.6,13.2,9.4,5.8,7.8,12,11.9,11.9,13.6,12.3,11.2,13.5,12.6,12.7,18.1,56.3,20,14.4,12.5,12.5,13.7,12.7,13.3,14.3,11.1,13.1,12.7,12.8,11.2,11.1,11,11.9,11.7,12,11.4,11.2,11.4,10.1,9.7,9.5,10.6,11,10.8,11.4,11.2,10.9,11.9,12.1,8.2,8.8,8.4,9.3,8.9,9.1,10.1,10.5,10.4,10.8,10.5,10.3,10.7,9.8,10.6,10.6,10.3,10.4,10.5,10.1,10.7,10.4,10.1,10.1,11,10.3,11
10,DE,443,18.9,17.5,17.5,16.8,17.1,16.8,19.1,17.8,18.4,18.7,18.3,18.9,16.4,16.8,15.2,6.2,6.9,14.4,14.8,14.7,14.8,15.9,14.4,12.3,19.1,17.5,25.2,47,38.7,24.3,23,20.1,21,18.1,16.9,8.8,17.9,19.3,19.2,19.2,18.7,17.2,17.6,17.7,17.1,14.3,14.3,12.2,21.7,20.2,19.4,17.7,19.1,20.4,19.6,19.7,19.2,19.2,20.8,19.6,18.6,19.5,16.6,18.7,17.9,18.9,18.9,17.4,16.6,18.3,17.1,18.3,18.4,18.1,19.2,21.8,24.8,25.9,26.3,25.8,25.8,23.1,21.8,22,24.1,22.9,24.6
10,DE,444,5.9,5.2,5.2,5.4,4.8,5.1,5.1,5.1,5.5,5.2,5.4,5.3,5.1,5.5,5.7,5.9,5.4,6.1,5.7,5.5,6,5.9,6.3,6.2,6.3,6.1,7.9,7.8,6,6.2,5.8,6,5.8,6,6.9,6.2,7.1,7.5,6.8,6.3,6.9,6.9,6.8,7.5,7.1,7.2,6.9,6.5,6.8,6.7,6.1,5.9,6.4,6.2,6.3,6.5,6.1,6.6,6.7,6.3,5.8,6.2,5.5,6.1,5.6,5.7,6.7,6,6.3,6.7,6.4,6.5,6.4,5.6,5.9,5.7,5.5,5.9,6.1,5.3,5.9,5.6,5.7,6.4,6,5.8,6.2
10,DE,445,5.6,5.7,5.4,6,5.8,5.5,5.5,5.7,5.7,5.8,5.9,5.8,5.4,5.8,6.8,6.2,6.4,6,6.1,5.9,6.3,6.2,6.1,6.4,5.9,5.6,4.9,5.7,5.8,5.9,5.8,6,6.1,6.2,6.1,6.2,5.5,5.5,5.8,5.9,5.6,5.7,5.5,5.5,5.5,5.7,5.5,5.8,5.3,5.5,5.4,5.5,5.4,5.4,5.2,5.4,5.4,5.4,6.1,5.4,5.5,5.8,5.7,5.7,5.8,5.8,5.7,5.7,5.7,6,6.6,5.9,5.7,5.6,5.6,6,5.7,5.5,5.7,5.8,5.8,5.9,5.8,5.9,5.7,5.7,5.8
10,DE,446,2.6,2.7,3,3.1,2.8,2.8,2.9,2.7,3.2,3.4,2.7,3.2,3.2,2.9,3.4,3.1,2.7,3.2,3.3,2.8,3.5,3.5,3,3.4,2.5,2.3,2.7,3.3,3,3,2.7,2.7,2.8,2.6,2.7,2.8,3,3.1,2.9,2.8,2.7,3,2.8,2.9,3,2.9,2.8,3.1,3,3.2,3.1,2.9,2.9,3,2.9,3.1,3,3.1,3,3.1,2.7,3,2.7,2.6,2.4,2.6,2.8,2.8,2.9,3.4,3,3.3,3.4,3.2,3,3.1,2.6,3.4,3.8,3.2,3.2,4.1,3.1,3.9,3.6,3.4,3.4
10,DE,447,7.6,7.7,8.4,8.3,7.8,7.5,7.2,7.4,7.4,7.4,7.7,8.4,8.8,8.3,6.5,5,5.4,6.4,6.6,6.7,6.9,6.9,6.6,7.2,7.2,7.5,11.6,14.6,11.5,10.6,10.4,10.7,11.1,11.4,12.2,11.1,9.8,10.5,11.7,11.7,12.3,11.2,10.2,9.4,8.7,8.4,8.7,8.1,9.1,8.9,7.8,7.6,7.2,7.1,7.5,8.7,9,8.6,8.2,8.4,9.1,9.9,9.9,10.3,10.2,9.8,9.6,8.9,8.7,9.2,9.5,9.8,10.1,9.4,9.5,9.4,9.6,9.8,9.9,10,9.1,10.4,10.6,10.4,10.2,9.8,12.2
10,DE,448,6.3,6.1,6,5.9,5.5,5.8,6.2,6.2,5.7,6,6,5.9,6.5,6.5,3.2,S,S,7.1,5.6,5.5,5.7,5.8,5.5,5.5,7,6.1,16.4,S,S,11,9.1,8.4,7.8,7.9,8.8,7.7,7.8,9.1,7.3,7.5,6.5,6.4,6.5,6.6,6.3,6.4,6.3,6.2,7.6,6.6,6.4,6,6,6,6.4,6.3,5.6,5.9,6.4,6.1,6,6.5,6.2,5.8,5.9,5.9,5.9,5.8,5.2,5.9,6.2,5.5,7,6.2,6.6,6.7,6.6,6.7,7.3,7.2,7.1,7.4,8.1,7.9,8.5,8.1,8.2
10,DE,451,6,S,7.7,8.3,7.9,8.6,8.5,7.5,7,7.5,6.1,6.5,S,12.2,9.4,24.3,S,S,S,S,S,S,S,S,S,14.1,S,S,S,S,S,S,S,S,S,S,S,S,11.9,14.7,13.2,14.3,15.1,16.8,14.7,S,16.7,14.8,16.2,14.6,12.2,13.2,12.9,13.8,13.2,12.4,12.1,11.8,13.1,11.2,14.3,12.4,11.1,10.6,11.4,12.7,12,11.7,11.1,12.8,12.8,12.5,15.3,11.9,12.2,11.5,12.2,12.8,13.6,12.3,12.6,13,12.7,13.1,15.2,12,12.7
10,DE,452,6.2,5.8,5.4,6.4,6.2,5.7,6.5,6.8,6.1,6.6,5.6,5.7,6.6,6.5,6.4,S,S,8,8.4,7.9,7.7,8,6.8,6.1,6.8,6.3,7.6,18.1,16.7,7.8,6.4,10,7.8,8.1,7.4,6.6,7,8.3,7.1,6.9,7.5,6.6,6.5,11.8,7.7,7.6,6.5,6.7,8.1,7.1,7.4,8.8,8.8,10,9.3,9.1,9,9.5,7.4,7.6,5.9,5.6,6.4,6.9,7.6,9.6,7.6,8.1,8.7,10.1,7.3,8.3,8,5.8,5.7,7.8,6.6,7.5,7.3,8.2,6.4,8.4,7.1,6.7,10.4,8.1,9.5
10,DE,453,8.5,8.4,7.8,8.8,9.1,9.2,9.7,8.6,9.6,11.3,8.1,9.7,10.6,9.7,9.3,7.9,11.6,12.2,11,10.1,11.4,13.1,9.1,11.2,9.6,8.2,13.3,29.5,18.9,12.3,11.3,11.3,12.7,14.8,8.9,10.3,12.3,12.1,11.2,11.1,12.1,12.1,10.6,11.1,11.3,12,8.3,9.7,7.9,7.5,7.6,7.5,8.2,8.6,8.1,7.5,8.7,9.8,8.4,7.9,7.8,8.4,8.3,9.5,8.9,8.7,8.8,9,8.6,10.3,7.6,8.8,8.8,8.7,9.4,8.6,9.7,9.9,9.3,8.5,10.2,11.2,9.9,9.8,9.4,9.9,9.5
10,DE,TOTAL,2.6,2.6,2.6,2.7,2.6,2.5,2.6,2.7,2.6,2.7,2.6,2.6,2.7,2.8,2.4,1.9,2.5,2.9,2.9,2.8,3,2.9,2.7,2.8,3,2.8,3.9,5.3,4.5,3.4,3.2,3.5,3.3,3.4,3.4,3.1,3.2,3.5,3.2,3.2,3.2,3.1,3,3.4,3.1,3.1,2.9,2.8,3.1,3,2.9,2.9,2.9,3,3,3.1,3.1,3.1,2.9,2.8,2.8,3,2.9,3,2.9,3,3.1,3,3,3.2,3,3,3.1,2.9,3,3.2,2.9,3,3.1,3.1,3,3.1,2.9,2.9,3.2,3.1,3.4
11,DC,441,13.3,13.5,13.5,14.4,13.7,13.3,14.3,13.9,13.7,14,13.5,14.1,14.3,14.5,12.5,12.4,15.9,17.9,16.8,15.7,17.1,16,15,16.3,14,13.8,19.3,22.5,15.8,14.3,14.6,15.7,15.7,16.6,17.7,17.5,17.6,18.1,15.5,15.4,15.7,15.8,15.4,17.2,17,16.6,16.8,17,21.3,21.2,20.5,20,21.4,20.8,21.1,21.4,21.3,21.3,21.6,21.2,18.2,18.8,17.5,18.5,18.3,17,18.2,17.9,17.4,18.3,19.1,19.7,19.9,18.9,20.1,20.1,18.6,18.9,19.2,19.2,19.5,19.5,18.6,20.1,19.2,19.6,20.2
11,DC,442,9.4,9.4,9.6,9.7,9.5,9.2,9.9,9.6,9.9,9.7,9.6,9.6,9.9,10.8,7.4,4.9,7,10.1,9.8,9.7,10.7,9.9,9.6,11.4,11,10.9,16.7,S,17.2,12.9,11.7,11.2,11.5,11.2,12.1,11.8,10.2,11.4,10.4,10.2,10.2,10.1,9.6,10.8,10.7,10.9,10.2,10.5,12.8,11.3,11.1,10.6,11.7,12.5,12.5,12.6,12.4,11.8,12.6,12.1,13.2,14.6,13.3,13.9,13.9,14.4,16,16.1,15.8,15.5,14.9,15.2,15.7,14.8,15.5,14.5,14.9,14.9,15.3,14.2,15.3,14.5,14.4,14.5,15.7,15.1,15.9
11,DC,443,33.2,34.3,34.3,36.7,37.2,37.8,40.4,39.5,38.9,40.1,39.3,39.4,48.9,50.7,S,16,20.1,S,S,39.6,40,S,42.6,S,S,S,S,S,S,S,S,S,S,S,S,S,33.9,38.2,35.1,36.6,34.3,31,31.3,30.9,25.4,17.8,20.3,12.5,38.6,37,34.1,31.6,33.5,36.1,34.7,36.2,35.2,35,43.5,37.9,18.7,19.8,17.9,19.5,19.8,19.6,19.5,18.5,16.3,16.9,19.4,20.1,23,24.1,25.9,26.7,29.8,32.1,33.1,32.6,28.4,27.7,25.1,24.6,24.9,25.9,26.6
11,DC,444,10,9,8.9,9.3,8.5,8.6,8.7,9,9.1,8.9,8.7,9,8.5,8.8,9.2,9.3,9.3,10.3,9.6,9.3,10.1,9.8,10.2,10.2,7.8,7.6,9.5,9.5,7.2,7.3,6.9,7.2,7,7.2,8,7.4,7.2,7.7,7.1,6.4,7,7.3,7,7.8,7.4,7.5,7.2,6.6,9.3,9.3,8.7,8.8,9.4,8.9,8.9,8.9,8.4,8.8,9.2,8.9,11.5,11.8,10.9,12.3,11.5,10.9,12.6,11.3,11.7,12.5,12.1,12.3,13.2,12,13.4,13.2,13,13.1,13.3,11.9,13,12.3,12.8,13.7,13.2,12.4,13.1
11,DC,445,0.1,0.1,0.1,0.1,0.1,0.1,0.1,0.1,0.1,0.1,0.1,0.1,0.1,0.1,0.1,0.1,0.1,0.1,0.1,0.1,0.1,0.1,0.1,0.1,0.1,0.1,0.1,0.1,0.1,0.1,0.1,0.1,0.1,0.1,0.1,0.1,0.1,0.1,0.1,0.1,0.1,0.1,0.1,0.1,0.1,0.1,0.1,0.1,0.1,0.1,0.1,0.1,0.1,0.1,0.1,0.1,0.1,0.1,0.1,0.1,0.1,0.1,0.1,0.1,0.1,0.1,0.1,0.1,0.1,0.1,0.1,0.1,0.1,0.1,0.1,0.1,0.1,0.1,0.1,0.1,0.1,0.1,0.1,0.1,0.1,0.1,0.1
11,DC,446,3.6,3.5,3.9,3.9,3.4,3.5,3.6,3.4,3.9,4.1,3.4,4,3.5,3.4,3.9,3.3,2.9,3.5,3.7,3.4,4,4,3.4,4.1,3.1,3,3.5,4.2,3.6,3.8,3.4,3.2,3.6,3.3,3.3,3.9,3.8,3.4,3.5,3.6,3.2,3.6,3.4,3.3,3.7,3.5,3.2,3.8,3.9,3.6,4.1,3.8,3.5,3.9,3.4,3.5,3.7,3.8,3.5,4,3.3,3.6,3.3,3.2,3.1,3.3,3.5,3.4,3.6,4.1,3.6,4.2,4.2,3.9,3.8,3.9,3.3,4.2,4.6,3.9,4.2,5,4.1,5.3,4.9,4.3,4.8
11,DC,447,S,22.7,S,20.2,S,S,21.1,S,S,S,S,S,S,S,17.1,S,13.9,17.3,18,18.3,S,S,S,S,14.9,15.6,S,S,23.9,21.4,21.2,20,20.6,21.7,22.7,20.7,16.4,17,17.3,19.6,21.5,19.6,17.8,16.6,15.4,14.8,14.6,13.6,15.5,14.8,13.2,12.9,11.9,11.4,12.2,14.1,14.9,14.3,13.3,13.6,11.1,11.8,11.8,12.3,12,11.7,11.5,10.7,10.3,10.9,11.3,11.7,13.3,12.4,12.3,12.2,12.4,12.6,12.8,13,12,13.5,13.7,13.5,13.2,13.4,16.1
11,DC,448,8.6,8.6,8.2,8,7.6,7.9,8.5,9.4,8.1,7.9,8,8.4,8.4,8.7,4,5.1,3.9,8.1,6.9,7.5,7.4,7.1,6.5,7.2,8.5,7.9,20.5,54.7,S,14.9,12.1,11,10.4,10.6,12.6,11,8.8,10.4,8.5,8.6,7.6,7.3,7.4,7.6,7.4,7.2,6.9,7.4,9.2,8.7,7.7,7.4,7.6,7.6,7.9,7.7,7.2,7.2,7.2,8.1,7.7,8.7,7.8,7.5,8.3,8,7.6,7.4,7.2,7.8,7.7,8.3,9.4,8.5,8.4,8.8,8.6,8.9,9.2,9.5,9.8,9.7,10.1,11.5,11.2,11.4,10.1
11,DC,451,23.9,19.3,15.7,16.3,17,15.6,18.5,24.7,17.9,25.8,17.5,18.9,29.8,S,18.1,S,S,S,21.4,S,22.6,19.2,18.6,21,41.4,22.9,29.1,S,S,S,S,S,S,S,24.3,S,32.3,26.9,18.9,20,18.4,S,13.8,17.5,13.1,16.3,16.5,16.8,S,S,S,S,S,S,12.8,14.4,13.9,16.5,S,S,18.9,19.4,S,S,11.1,14.1,13.4,12.3,16.5,S,4.4,3.5,27.7,15.5,5,4.8,S,S,S,S,S,4.9,4.4,3.3,S,S,5
11,DC,452,14.8,14.4,13.2,16.5,15.4,14.3,15.5,17.7,14.4,16,16.2,16,16.1,15.8,15.4,S,S,11.8,13.8,14.1,14.1,16.9,12.4,13,15.3,14.9,18,S,43.3,26.9,22.1,S,24.1,23.9,S,21.5,18.8,20.9,19.8,17.5,18.3,17,17.7,21.8,19.5,20.2,18.4,18,19.4,18.1,19.1,21.7,22.3,26,22.1,23.3,23.5,25.5,21.7,24.2,17.4,16.4,18.7,19.7,21.6,23.2,21.5,22.9,21.8,24,19.9,21.2,21.9,17.6,17.8,19.1,17.4,18.8,19.5,21.1,15.6,20,18.7,16.6,20.3,18.2,19.8
11,DC,453,8.6,9.4,8.7,8.7,6.6,10.5,11.4,10.3,9.7,11.8,9.5,11.5,13,13.1,9.1,5.7,8.9,8.6,9.8,8.8,11.4,13.2,8.5,13.3,9.6,7.7,15.7,33.6,S,22.9,15.8,15.2,16.8,17.5,S,12.5,17.5,16.5,13.7,14.2,15.2,13.5,11.8,12.3,12,13.2,9.3,11.4,10.9,10,9.8,9.5,11,11.2,11.4,9.8,12.2,14.4,11.3,11.5,11.3,12.4,12.1,13.8,12.4,12.7,13.3,13.7,13.2,13.1,10.1,12.1,12.3,10.5,11.5,11.9,13.8,15.7,13.7,12.9,14.1,16.6,13.5,13.7,12.9,12.7,10.6
11,DC,TOTAL,0.2,0.2,0.2,0.2,0.2,0.2,0.2,0.3,0.3,0.3,0.3,0.3,0.2,0.3,0.3,0.8,0.2,0.2,0.2,0.3,0.3,0.3,0.3,0.3,0.3,0.3,0.2,0,0.2,0.3,0.2,0.3,0.3,0.3,0.3,0.3,0.2,0.2,0.2,0.2,0.2,0.2,0.2,0.2,0.2,0.2,0.2,0.2,0.2,0.2,0.2,0.2,0.2,0.2,0.2,0.2,0.2,0.2,0.2,0.2,0.1,0.1,0.1,0.2,0.2,0.2,0.2,0.2,0.2,0.2,0.2,0.2,0.2,0.1,0.1,0.2,0.2,0.2,0.2,0.2,0.2,0.2,0.2,0.2,0.2,0.1,0.2
12,FL,441,2,2,2,2.1,2.1,2.1,2.1,2.2,2.1,2.2,2.2,2.1,2.1,2.2,1.5,1.5,2.2,2.3,2.4,2.3,2.6,2.5,2.3,2.6,2.6,2.5,4.3,5.6,3.4,3.1,3.1,2.9,2.9,2.9,3.1,3.1,3.2,3.1,2.8,2.8,2.6,2.8,2.8,3.2,3,3,3,3,2.8,2.7,2.8,2.7,2.9,2.9,2.9,3,3.1,2.8,3.1,3.1,2.5,2.6,2.5,2.7,2.5,2.4,2.6,2.6,2.4,2.7,2.9,2.8,2.6,2.4,2.8,2.8,2.5,2.7,2.7,2.7,2.8,2.6,2.6,2.7,2.6,2.6,2.6
12,FL,442,2.7,2.8,2.8,2.9,2.9,2.7,2.8,2.7,2.8,2.8,2.7,2.6,2.8,3.2,2.1,2.9,2.3,3.1,2.7,2.8,3.3,2.8,2.6,3.5,3,3,4.5,23.9,4.6,3.5,3.2,3.3,3.6,3.2,3.3,3.7,2.7,2.8,2.6,2.7,2.8,2.8,2.6,2.7,2.7,2.8,2.8,2.9,3,2.7,2.9,2.9,3.2,3.2,3.3,3.7,3.5,3.3,3.5,3.2,2.6,2.6,2.6,2.8,3,3.1,3.3,3.5,3.4,3.6,3.5,3.6,3.5,3.1,3.2,3.3,3.4,3.3,3.7,3.2,3.7,3.6,3.3,3.3,3.6,3.1,3.3
12,FL,443,4.8,4,4,4,4.1,4,4.3,4.2,4.4,4.3,4.9,5.2,5.2,4.5,5.7,2.3,2,5.7,5.2,4,4,4.2,4.4,4.4,6.8,4.7,10.9,17.5,10.1,11,7.4,4.9,5.4,4.9,5.2,10.4,6.4,4.3,4.8,4.7,4.4,4.6,4.4,4,4.3,3.2,3.6,2.4,6,4.6,4.6,4.1,4.4,4.6,4.4,4.4,4.7,4.4,5.4,3.6,4.8,4.6,4.3,4.6,4.6,4.7,4.7,4.4,4.1,4.2,4.4,6,5,4.2,4.6,4.7,5.4,5.6,5.7,5.6,5.8,5.3,4.7,5.1,6.2,4.9,5.1
12,FL,444,2.7,2.2,2.4,2.4,2.1,2.4,2.1,2.1,2.5,2.3,2.5,2.3,2.2,2.3,2.8,2.9,2.6,2.9,2.6,2.4,2.5,2.7,3.1,3,2.6,2.4,3.6,3.6,2.7,2.8,2.4,2.4,2.3,2.6,3.3,2.8,2.7,2.8,2.9,2.4,2.7,2.8,2.7,2.8,2.6,2.9,3.2,2.7,2.8,3,2.7,2.5,2.7,2.7,2.7,2.7,2.5,2.9,3.5,3.1,2.9,3.1,2.6,3,2.8,2.9,3.7,2.7,3,3.3,3.4,3.5,3.3,2.5,2.7,2.7,2.6,2.8,3.2,2.3,2.7,2.6,2.6,3,2.8,2.4,2.6
12,FL,445,1,1,1,1.1,1.1,1.1,1.1,1.2,1,1.1,1.1,1.1,1,1.1,1.2,1.2,1.4,1.3,1.3,1.2,1.3,1.3,1.2,1.4,1.1,1,0.9,1.1,1.2,1.2,1.1,1.2,1.2,1.2,1.2,1.3,1,1.1,1.1,1.1,1.1,1.1,1.1,1.1,1.1,1.1,1.1,1.1,1,1,1.1,1,1.1,1.1,1,1.1,1,1,1.1,1.1,1,1,1,1,1.1,1.1,1.1,1.1,1.1,1.1,1.1,1.1,1,1,1,1.1,1.1,1.1,1.1,1.2,1.1,1.1,1.1,1.1,1.1,1.1,1.1
12,FL,446,0.9,1,1,1,1,0.9,1,1,1,1.2,0.9,1,0.9,0.9,1,0.8,0.8,0.9,0.9,0.9,1,1,0.9,1,0.7,0.7,0.8,0.9,0.9,0.9,0.8,0.8,0.8,0.8,0.8,0.8,0.8,0.8,0.8,0.8,0.8,0.8,0.8,0.8,0.8,0.8,0.8,0.8,0.8,0.9,0.9,0.8,0.8,0.8,0.8,0.9,0.9,0.9,0.8,0.9,0.7,0.8,0.7,0.7,0.7,0.7,0.8,0.8,0.8,1,0.8,1,1,0.9,0.9,1,0.8,1,1.2,1,1,1.4,1,1.3,1.2,1.1,1.2
12,FL,447,1.7,1.9,1.8,2.4,1.9,1.9,1.8,1.8,1.8,1.8,1.8,2,2.1,2.1,1.7,1.3,1.4,1.6,1.6,1.6,1.7,1.6,1.5,1.8,1.6,1.7,2.6,3.3,3.4,2.5,2.4,2.6,2.8,2.8,3,3,2.3,2.5,3,3.2,3.1,2.8,2.7,2.4,2.5,2.2,2.3,2,2.3,2.1,2,2,1.8,1.7,1.8,2,2.4,2.2,2,2.1,2.5,2.6,2.8,2.8,2.7,2.6,2.6,2.3,2.4,2.4,2.6,2.6,2.6,2.4,2.5,2.4,2.5,2.5,2.5,2.5,2.6,2.6,2.8,2.6,2.5,2.6,3.6
12,FL,448,2.5,2.7,2.5,2.4,2.3,2.4,2.6,3.1,2.5,2.8,2.8,2.9,2.9,3.3,1.7,0.4,S,4.7,2.7,3.5,3.3,3,2.9,2.9,3.3,3.3,7.9,S,10.6,6.3,5.2,4.5,3.8,4,4.8,4.1,4.1,4.3,3.9,3.5,3,2.9,3.1,3.4,3.2,3.1,3.2,3.4,3.7,3.5,3.4,3,2.9,3.2,3.1,3.5,3.3,3,3.5,3.3,3.2,3.4,3,3,3,3.3,3.1,3.2,3,3,3.6,3.2,3,3,3,3.1,3,3.2,3.2,3.6,3.4,3.3,3.6,3.5,3.6,3.5,3.6
12,FL,451,7.7,4.8,3.8,4.2,4.2,4.4,4.6,6.3,4.7,5.6,4.4,4.7,6.8,4.9,4.2,6.4,10.7,6.4,5.4,6.7,5.5,6,5.1,5.4,8.7,5.5,S,S,7.6,4.9,4.7,5.4,4.5,S,S,4.5,5.3,4.1,3.6,4.3,3.7,4,3.9,5.8,3.8,4.5,6,5,6.4,5,4.1,3.7,4.3,4.5,4.3,4.8,4.4,4.2,5.4,4,6.5,4.8,4,3.9,4,4.9,4,4.6,4.3,5.1,5.8,5.7,6.8,4.4,4.6,4.3,4.6,5.8,5.2,5.4,5.2,5.1,5.9,5.8,7.9,5.6,4.9
12,FL,452,1.5,1.3,1.3,1.5,1.6,1.3,1.5,1.5,1.3,1.5,1.5,1.4,1.6,1.6,1.7,S,3.6,2.1,1.8,2.2,1.9,2.2,2.2,1.8,1.9,1.9,2,3.4,2.9,2.1,2.1,3.1,2.1,2.3,2.5,2,2.2,2.2,2,2,2.1,1.8,1.9,2.7,1.8,2.1,2,1.9,1.8,1.8,1.9,2,2.2,2.5,2.3,2.2,2.5,2.5,2,2.2,2,1.7,1.9,2,2.2,2.5,2.3,2.1,2.3,2.5,2.2,2.3,2.5,1.9,1.6,2.1,1.8,2.1,1.9,2.1,1.6,2.2,1.8,1.8,2.6,2.1,2.3
12,FL,453,4.2,4.3,3.6,4.1,5,4.5,4.6,4.4,4.8,6,4.7,5.2,4.2,4.6,3.4,3,4.2,4.4,4.2,3.8,4.7,6.5,3.8,4.7,5.2,5.2,7.7,12.7,10,7.5,S,6.4,7.2,7.7,S,6.9,5.4,5.3,4.9,4.7,4.7,4.7,4.4,5,5.4,6.1,4.3,5.3,5,4.7,4.3,4,4,4.2,4.3,3.9,4.5,5.5,4.6,4.4,4.9,4.9,4.8,6.3,5.2,5.3,5.7,6.2,5.2,6.1,5.8,5.8,4.8,4.5,5,5.7,6.3,6.1,5.3,5.3,6,6,6.2,5.9,5.6,6.2,5.7
12,FL,TOTAL,0.7,0.7,0.8,0.8,0.8,0.8,0.8,0.8,0.8,0.8,0.8,0.8,0.8,0.8,0.7,0.6,1,0.9,0.9,0.9,0.9,0.9,0.9,0.9,0.9,0.9,1.2,1.7,1.3,1.2,1.1,1.1,1.1,1.1,1.1,1.1,1.1,1.1,1.1,1.1,1,1.1,1.1,1.2,1.1,1.1,1,1,1,1,1.1,1,1,1.1,1,1.1,1.1,1,1,1,1,1,1,1,1,1,1,1,1,1,1.1,1,1,0.9,1,1.1,1,1,1,1,1,1,1,1,1,1,1.1
13,GA,441,2.8,2.8,2.9,2.9,2.9,2.9,3,3.1,3,3.1,3.2,3,3.1,3.3,2.2,2.2,3,3.3,3.4,3.1,3.6,3.6,3.2,3.7,3.7,3.5,6,7.4,4.7,4.2,4.1,3.9,3.9,4.1,4.3,4.2,4.3,4.5,3.8,3.9,3.6,3.9,3.7,4.4,4.1,4.2,4,4.1,3.8,3.6,3.7,3.5,3.9,3.9,3.9,4,4,3.8,4.1,4,3.6,3.8,3.6,3.7,3.5,3.3,3.7,3.6,3.4,3.8,4,3.8,3.7,3.6,4,4,3.7,3.9,3.8,3.8,4.1,3.8,3.7,3.9,3.8,3.9,3.8
13,GA,442,4.2,4.1,4.3,4.4,4.2,4.2,4.4,4.4,4.8,4.4,4.1,4.2,4.4,4.8,3.5,3.4,3.3,4.9,4.3,4.5,5.1,4.5,4.2,5.2,4.8,4.7,7,S,6.8,5.5,4.7,4.6,5,4.7,4.6,5.1,4,4.3,4.1,3.9,4.1,4.2,3.9,4.2,4.2,4.1,4,4.1,4.5,4.2,4.1,4,4.3,4.7,4.6,5,4.8,4.7,4.9,4.7,4.3,4.3,4,4.4,4.3,4.4,4.8,4.7,4.7,4.9,4.8,4.8,5,4.6,4.8,4.7,4.7,5,5.4,4.8,5.5,5.4,4.8,4.9,5.4,5,5.3
13,GA,443,6.7,5.9,5.8,5.7,5.8,5.7,6.4,5.9,6.2,6.1,6.7,7,6.9,6.3,7.5,3.5,2.9,7.6,6,5.9,5.7,6.1,5.9,5.9,9.4,6.9,11.7,20.9,10.7,10.6,7.7,6.1,7.3,6.4,6.9,14.5,7,5.7,6.5,6.5,6.3,6.2,5.7,5.8,5.9,4.6,4.6,11.6,7.3,6.1,6.1,5.5,5.9,6.2,5.7,6.1,6,5.8,6.6,2.8,6.6,6.7,6.1,6.5,6.4,6.5,6.6,6.1,5.8,5.9,6,7.5,6.7,5.7,6.3,6.4,7.3,7.3,7.4,7.3,7.5,7.5,6.7,7.1,8.4,7,7.1
13,GA,444,3.3,2.8,3,2.9,2.6,2.8,2.7,2.6,3,2.8,3.1,2.9,2.7,2.9,3.4,3.5,3.1,3.5,3.1,2.9,3.1,3.2,3.6,3.6,3.2,3.1,4.4,4.6,3.4,3.4,3,3,2.8,3.1,3.9,3.5,3.4,3.6,3.5,3.1,3.4,3.5,3.4,3.6,3.4,3.6,3.9,3.3,3.3,3.5,3.1,3,3.2,3.1,3.3,3.3,3.1,3.4,4,3.6,3.3,3.5,2.9,3.4,3.1,3.2,4.1,3.2,3.4,3.7,3.8,4,3.8,3.1,3.2,3.1,3.1,3.3,3.7,2.7,3.2,3.1,3.3,3.6,3.3,2.9,3.1
13,GA,445,2.5,2.4,2.3,2.5,2.5,2.4,2.6,2.6,2.4,2.4,2.5,2.5,2.3,2.4,2.8,2.6,2.7,2.6,2.6,2.5,2.6,2.5,2.5,2.5,2.5,2.3,2.1,2.4,2.4,2.4,2.4,2.5,2.5,2.5,2.5,2.5,2.4,2.4,2.5,2.4,2.4,2.4,2.4,2.4,2.4,2.4,2.4,2.4,2.4,2.5,2.5,2.5,2.5,2.5,2.4,2.5,2.5,2.4,2.7,2.4,2.2,2.3,2.3,2.2,2.3,2.3,2.3,2.2,2.2,2.4,2.5,2.2,2.4,2.3,2.3,2.5,2.4,2.4,2.4,2.4,2.4,2.4,2.4,2.3,2.3,2.4,2.4
13,GA,446,1.1,1.2,1.3,1.3,1.2,1.3,1.2,1.2,1.3,1.4,1.2,1.4,1.3,1.3,1.4,1.2,1.1,1.3,1.3,1.2,1.5,1.5,1.3,1.4,1.1,1,1.1,1.4,1.3,1.3,1.1,1.1,1.2,1.1,1.2,1.2,1.3,1.3,1.2,1.2,1.2,1.3,1.2,1.3,1.3,1.3,1.2,1.3,1.4,1.4,1.4,1.3,1.3,1.4,1.3,1.4,1.4,1.4,1.4,1.4,1.1,1.3,1.2,1.2,1.1,1.2,1.3,1.2,1.3,1.5,1.4,1.5,1.6,1.3,1.3,1.4,1.1,1.5,1.7,1.3,1.4,1.9,1.4,1.8,1.6,1.5,1.6
13,GA,447,2.3,2.4,2.4,3,2.4,2.4,2.5,2.3,2.3,2.3,2.3,2.6,2.7,2.6,2,1.7,1.8,2,2,2,2.1,2,1.9,2.1,2.1,2.2,3.4,4.2,4.6,3.2,3.1,3.2,3.4,3.4,3.7,3.6,2.9,3.2,3.6,3.7,3.9,3.5,3.3,3.1,3.2,2.7,2.9,2.5,3.2,2.9,2.6,2.7,2.5,2.3,2.4,2.8,3.2,2.8,2.7,2.8,3.4,3.5,3.6,3.7,3.6,3.5,3.4,3.1,3.1,3.2,3.5,3.5,3.5,3.2,3.3,3.2,3.4,3.5,3.4,3.4,3.4,3.5,3.8,3.5,3.4,3.6,4.9
13,GA,448,3.3,3.2,3,3,2.9,3,3,4.1,3.1,3.3,3.3,3.4,3.4,3.5,2,S,S,5.8,3.1,S,3.8,3.6,3.7,3.6,4.1,3.9,9,25.3,11.2,7,5.5,5.1,4.3,4.5,5.1,4.7,4.8,5.1,4.3,4,3.5,3.5,3.6,4.2,3.9,3.8,3.9,4.2,4.4,4.1,3.8,3.5,3.4,3.7,3.7,4,3.6,3.4,4.1,4,3.8,4.1,3.6,3.7,3.6,4,3.6,3.7,3.5,3.8,4.2,4,3.9,3.7,3.7,3.8,3.7,3.8,3.8,4.4,3.9,3.6,4.1,4.2,4.6,4.3,4.4
13,GA,451,7.2,5,4.1,4.9,4.8,5.1,5.3,6.4,5.1,5.7,4.9,5.1,8,5.6,5.1,S,S,8,6.6,7.3,6.3,6.9,6,6.2,8.1,6,S,14.3,9.9,6.2,5.8,6.5,5.3,6.2,7.3,6.1,8.4,6.4,4.9,5.6,5.3,5.7,5.6,7.1,5.6,5.7,6.8,6.4,8.9,6.9,6.3,6.1,6.4,7,6.9,7.1,6.7,6.8,8.3,7,8.2,7.4,6.6,6.5,6.3,7.1,6.6,6.7,6.7,7,7.3,7.5,9.1,7.3,7.7,7.7,7.5,8.7,7.8,8.1,8,8,8.2,8.3,11,8.1,7.8
13,GA,452,1.7,1.5,1.5,1.8,1.8,1.6,1.8,1.7,1.6,1.8,1.8,1.7,1.8,1.8,2.1,1.5,S,3,2.5,2.9,2.5,2.8,2.8,2.4,2.2,2.2,2.5,4.2,S,2.2,2.1,3,2.3,2.5,2.8,2.3,2.2,2.4,2.1,2.1,2.4,2,2.1,3.3,2.3,2.4,2.2,2.1,2,1.9,1.9,2.2,2.4,2.8,2.6,2.1,2.7,2.8,2.1,2.3,2,1.8,2.2,2.3,2.5,3.1,2.7,2.3,2.6,3.1,2.4,2.6,2.4,2,1.9,2.4,2,2.3,2.1,2.1,1.9,2.3,2,1.9,2.4,2.1,2.5
13,GA,453,3.8,3.8,3.4,3.7,4.2,4,3.9,3.8,4.2,5.5,4,4.6,3.8,4.1,3.2,3.3,4.3,4.2,3.9,3.7,4.4,6.1,3.6,4.7,4,3.7,5.9,9.7,7.4,5.6,5.3,4.6,5.2,5.9,4,4.3,4,4,3.7,4.1,4.5,4.4,4,4.1,4.3,4.5,3.1,3.7,3.8,3.7,3.9,3.8,4.1,4.2,4.1,3.9,4.2,5.2,4.1,3.8,4.3,4.5,4.1,4.6,4.5,4.6,4.5,4.7,4.9,6,4.3,4.8,4.3,4,3.9,4,4.5,4.9,4.2,4.5,5.6,6.5,5.1,5.3,4.4,4.6,4.5
13,GA,TOTAL,1,1,1,1.1,1,1,1.1,1.1,1.1,1.1,1.1,1,1.1,1.2,1,0.9,1.4,1.3,1.2,1.2,1.3,1.3,1.2,1.2,1.3,1.2,1.6,2.2,1.8,1.5,1.4,1.4,1.4,1.4,1.5,1.4,1.5,1.5,1.5,1.5,1.4,1.4,1.4,1.5,1.4,1.4,1.3,1.3,1.4,1.3,1.3,1.3,1.3,1.3,1.3,1.4,1.4,1.3,1.3,1.3,1.3,1.3,1.3,1.3,1.3,1.3,1.4,1.3,1.3,1.4,1.4,1.3,1.4,1.3,1.4,1.4,1.3,1.4,1.4,1.4,1.4,1.3,1.3,1.3,1.4,1.4,1.5
15,HI,441,5.7,5.8,5.7,5.8,6,5.6,6.1,6.4,6,6.1,6.3,6,5.5,S,4.2,3.7,5.3,6.5,6.1,5.7,6.4,6.9,6.2,6.6,6.5,8.5,11,16.5,9,7.9,7.6,8,7.7,7.5,8,7.6,7.6,7.9,7.1,6.9,6.4,7,7.1,8,7.7,7.8,7.6,7.4,7.6,7.4,7.6,7.3,8,7.6,7.7,7.7,7.9,7.7,8.1,8.1,7,7.1,6.6,7.4,7.1,6.6,7.5,7.6,7,7.6,7.9,7.8,6.9,6.5,7.5,7.4,6.9,7.1,7.1,6.9,7.2,6.9,6.6,6.8,6.4,6.7,6.4
15,HI,442,9.2,9.1,9,9,8.6,8.9,9.8,9.3,9.6,9.8,9.5,9.3,10.5,10.7,8,S,8.6,10.9,10.5,10.5,10.8,10.3,10.5,13,9.7,9.9,13.6,S,13.7,11.2,9,9.2,10.1,10,9.6,10.1,7.7,8.3,7.8,7.5,7.7,7.8,7.7,7.9,8,8.2,7.9,7.8,11.4,10.7,10.6,10.4,11.2,10.8,11.7,12.2,11.3,11.3,11.8,11.2,7.2,7.2,6.6,7.7,7.9,7.2,8.3,8.1,7.7,8.1,7.7,7.7,9,8.3,9,8.8,8.6,9.2,9.6,9.1,9.5,9.5,9.3,9.3,10.1,9.4,9.7
15,HI,443,19.4,17.3,17.5,17.2,17.6,17.7,20,18.4,18.6,19.8,20.1,19.3,17.1,17.3,14.7,6.5,7,14.7,14.4,15.3,15.2,16.1,14.9,13,20,18.5,26.2,50.5,44.9,21.8,20.2,19.5,20.3,16.4,16.1,37.8,13.6,15.4,16,16.4,15.7,14.5,14.1,14.5,13.6,9.4,8.5,3.4,17.9,16.4,16.2,14.9,15.6,16.8,15.9,16.5,15,14.7,18.5,14.4,13,13.8,12.8,13.9,14.9,14.2,14.4,13.6,11.6,12.6,13.1,14.5,14.2,14.1,15.5,15.9,16.9,18.3,18.4,18,17.5,16.4,15.1,14.1,15.6,15.5,16.2
15,HI,444,3.1,2.5,2.6,2.4,2.2,2.4,2.7,2.2,2.6,2.4,2.2,2.1,1.9,2.6,2.9,2.8,2.7,2.9,2.8,2.8,2.8,2.7,2.7,2.6,2.9,2.8,2.7,2.4,2.3,2.3,2.4,2.5,2.4,2.4,2.5,2.2,2.3,2.5,2.3,2.2,2.4,2.2,2.3,2.4,S,2.4,2.3,1.9,S,3.6,3.1,3.1,3.8,2.9,3.5,3.4,3.4,3.3,3.3,2.5,2.4,3.2,2.7,2.9,2.8,2.9,3.7,S,3.1,3.2,3.2,S,S,S,S,S,S,S,S,2.3,S,S,2.6,2.2,1.8,1.7,1.6
15,HI,445,4.8,4.5,4.3,4.5,4.6,4.4,4.9,4,4.5,3.9,4.7,4.3,S,S,S,5.1,S,5.1,5.1,5.2,5,S,5.5,4.8,3.2,2.8,2.9,3,3.5,3.7,3.6,3.9,3.6,3.7,3.6,3.8,3.1,3,3.3,3.5,3.2,3.2,3.2,3.3,3.4,3.5,3.3,3.5,3.4,3.5,3.6,3.4,3.7,3.6,3.5,3.4,3.7,3.7,3.8,3.7,5,5.2,5.1,5.1,5.4,5.4,5.3,5.4,5.5,5.7,5.6,5.5,5,5,5.2,5.3,5.6,5.5,5.4,5.6,5.4,5.7,4.8,5.4,5.4,5.2,5.1
15,HI,446,3.2,3.1,3.5,3.4,3,3.1,3.2,3,3.6,3.7,3,3.7,3.1,3.1,3.4,2.9,2.7,3.2,3.3,3,3.7,3.6,3,3.7,2.8,2.5,3.1,3.8,3.4,3.4,3,2.9,3.3,2.9,3,3.7,3.3,3.1,3.1,3.1,2.8,3.2,3,3,3.4,3.1,2.9,3.8,3.2,3,3.4,3.2,2.9,3.4,2.9,3.1,3.3,3.2,3.1,3.9,2.9,3.1,3.1,2.8,2.7,3,3,3.1,3.3,3.4,3.2,3.8,3.6,3.4,3.4,3.4,3,3.7,3.8,3.4,3.8,4.2,3.6,4.6,4.2,3.6,4
15,HI,447,7,10.8,7,12.1,9.5,9.6,7.2,9.8,9.8,10.2,10.1,10.1,S,S,7.1,5.4,6.2,7,S,7.6,7.8,7.8,7.7,8.2,S,S,S,S,S,S,S,S,S,S,S,S,S,S,S,9.6,S,S,S,S,S,S,S,S,S,S,S,S,S,S,S,S,S,S,S,S,7.1,7.8,7.6,7.9,7.7,7.6,7.7,7.2,6.9,7.5,7.5,7.8,7.7,7.3,7.7,7.6,7.6,7.5,7.3,7.2,6.3,7.1,8.1,7.8,8.2,7.9,8.7
15,HI,448,5.5,5.3,5.4,5.4,5,5.2,5.3,5.8,5.2,5.6,5.3,5.3,6,6.1,3.1,S,S,16.3,4.7,11.2,5.4,5.4,4.8,5.1,5.3,5.1,13,S,S,24.3,7.8,13.5,6.2,6.4,6.9,6,6.4,7.3,6.4,6.4,5.4,5.2,5.2,5.4,5.4,5.1,4.8,5,6,5.8,5.3,5,5,5.1,5.3,5.5,4.8,4.7,4.4,4.9,4.2,4.8,4.5,4.6,4.7,4.9,4.4,4.5,4.2,4.4,4.4,4,4.8,4.8,5.2,5.4,5.3,5.4,6,6.5,6.2,6.2,6.7,7,7.9,7.6,7.4
15,HI,451,16.9,10.4,9.3,10.4,10.4,10.7,11.4,16.9,12.6,12.3,11,11.8,19.5,10.5,7.8,S,S,12.1,10.6,14.3,12.7,12.3,10.6,11.2,13.5,8.4,S,S,S,S,8.1,10.9,8,8.2,8.8,8.3,13.6,12.5,9.5,9.8,10,10.5,10.3,12.7,10.6,10.6,11.7,11.7,11.6,9.5,8.9,8.9,9.4,9.5,9.4,9.8,9,9,10.3,8.8,15,11.6,9.8,9.4,9.6,10,9.8,11.9,11.1,11,10.2,11.9,17.1,12.5,11.5,11.8,12.3,11.5,12.3,13.2,13,12.5,12,12.7,18.9,14.7,11.9
15,HI,452,12,11.3,10,11.3,11.1,11,12.2,12.8,11.5,11.7,11.3,10.9,11.6,12.3,11.3,S,12,11.4,11.2,11,11.3,11.4,9.4,9,10.9,10,11.7,S,20.8,17.4,15,S,14.8,13.4,16.7,13.8,12.5,13,12.2,11.8,11.1,11.6,11.9,11.8,13,11.8,12.5,11.7,13.1,12.1,11.4,11.4,11.4,10.9,11.4,11.7,11.4,11.2,10.9,10.5,10.7,11.1,11.4,10.7,11.8,12.5,11.6,12.5,12.1,12.1,11.2,10,12.5,11.6,11.2,11.9,11.6,11.1,12.1,12.3,10.9,11.7,11,9.7,12.9,11.1,11.1
15,HI,453,5.4,6.2,5.4,5.8,6.4,5.9,6.4,5.7,5.9,7,5.4,5.8,6.5,6.2,4.9,3.7,S,S,4.8,S,S,6.3,4.9,5.1,5.3,S,9,23.5,15.4,10.6,8.8,9.1,10.2,8.1,6.4,6.5,8.5,7.3,7.1,6.5,7.8,6.8,6.7,7.4,7.1,7.1,6,6.5,7,6.3,5.8,6.2,6.3,7.3,8.3,5.8,7.2,7.5,6.5,5.9,5.1,5.6,5.6,8.4,6.2,7.6,6.1,7.9,6.4,6.9,5.5,6.1,5.7,5.5,6.4,5.5,10,7.5,6.7,5.7,8.4,9.4,7.6,6.3,7,8.1,6.6
15,HI,TOTAL,2.8,2.7,2.4,2.5,2.4,2.4,2.7,2.7,2.6,2.6,2.5,2.6,2.5,2.6,2.4,43.8,337.6,3.1,2.6,2.9,2.7,2.7,2.5,2.5,2.7,2.6,3.2,106.4,413.8,3.4,2.8,3.4,2.9,2.8,2.9,2.7,2.8,2.9,2.5,2.5,2.5,2.4,2.5,2.7,2.6,2.6,2.5,2.4,3,2.8,2.6,2.6,2.7,2.6,2.7,2.7,2.8,2.8,2.7,2.6,2.4,2.6,2.4,2.5,2.5,2.5,2.7,2.9,2.6,2.7,2.6,2.6,2.7,2.6,2.8,2.8,2.8,2.8,2.9,2.5,2.8,2.8,2.5,2.4,2.5,2.4,2.3
16,ID,441,6.3,6.4,6.3,6.5,6.4,6.2,6.7,6.9,6.8,6.8,7,6.8,6.7,6.7,4.7,4.4,6.3,6.9,6.9,6.6,7.5,7.4,6.8,7.6,8.2,8.2,12.9,15.5,9.7,8.6,8.6,8.6,8.6,8.7,9.5,8.9,7.5,7.7,6.4,6.5,6.2,6.5,6.5,7.4,6.9,7.1,6.9,7,7.4,7.2,7,7,7.6,7.5,7.6,7.6,7.6,7.4,7.7,7.8,6.4,6.5,6.1,6.5,6.3,5.9,6.6,6.6,6.1,7,7.3,7.3,6.8,6.4,7.2,7.1,6.5,6.7,6.7,6.6,6.9,6.6,6.3,6.7,6.5,6.6,6.5
16,ID,442,11.8,12.2,12,12.5,12,12,12.5,12.1,12.8,12.3,11.4,11.4,13.1,13.6,11.6,6.5,8.9,13.2,12.3,13.3,14.5,13.4,12.9,15.6,14.6,15.5,18.4,S,23.1,16.2,15.2,14.4,14.7,14.2,14.4,14,11.1,12.1,11.4,11.6,11.7,11.5,11.3,12,11.9,11.8,11,11.7,11.4,10.9,10.5,9.2,10.2,11.8,10.3,10.6,11.9,11.7,12.6,11.9,11,10.8,10.2,12.5,13.2,11.5,14.8,13.8,12.8,13.3,12.7,13.2,13.8,13.1,13.2,12.8,13.1,13,13.7,12.7,14.2,13.5,13.1,13.8,14.1,13.4,14.2
16,ID,443,16.9,15.4,15.1,14.8,15,15.1,17.6,15.5,16.1,16.3,17.1,16.9,12.8,13.3,12.6,5.8,6.2,12.3,11.6,12.8,13.2,13.6,11.9,11.9,16.8,13.1,17.8,36.6,23.7,17.8,13.4,11.6,11.6,11.1,13.8,6.8,12.2,12.4,12.8,12.6,12,11.9,11,11.2,11.9,10.7,9.6,8.9,14.5,12.8,12.1,11.4,12.7,13.1,12.8,12.4,12.4,12.5,13.6,12.8,12.2,12.6,11.1,12.3,12.3,12.3,12.4,11.7,11.2,11.6,10.5,11.7,11.5,10.5,11.4,11.9,12,13.6,14.4,13.3,14,13.5,12.8,13.8,14.6,12.8,13.3
16,ID,444,6.2,5.8,5.8,6.1,5.7,5.6,5.8,5.5,5.9,5.7,5.9,5.9,5.9,6.6,6.7,6.8,6.9,7.5,7,6.7,7.2,6.9,7.2,7.5,6.8,6.6,8.2,8.5,7.1,6.8,6.6,6.6,6.4,6.5,7.4,7,7.3,7.5,7,6.7,7.3,7,7,7.5,7.2,7.2,7,6.5,6.7,6.7,6.2,6.2,6.7,6.4,6.4,6.5,6.3,6.6,6.8,6.5,6.1,6.7,6.2,6.9,6.5,6.4,7.3,6.5,6.8,7.2,6.7,6.8,6.5,5.8,6.4,6,5.9,6.3,6.3,5.2,6.3,5.9,5.6,6.1,5.6,5.4,5.7
16,ID,445,5.5,5.3,5.4,5.4,5.5,5.3,5.6,5.6,5.3,5.4,5.5,5.2,5.4,5.6,6.6,6.3,6.4,6,6,5.8,5.9,5.9,6.1,6.1,6.3,5.8,5,5.6,5.7,5.9,5.7,5.8,6,5.9,5.9,6,5.7,5.7,5.9,5.8,5.7,5.8,5.6,5.6,5.7,5.6,5.8,5.7,5,5,5.2,5.1,5.1,5,5,5.1,5,4.9,5.1,4.8,5.1,5.1,5.1,5.1,5.1,5.1,5.1,5.1,4.9,5.2,5.2,5,5.3,5.1,5.2,5.3,5.1,5.2,5.2,5.2,5.2,5.2,5.1,5,5.2,5,5.1
16,ID,446,3.4,3.6,3.9,3.9,3.6,3.5,3.6,3.6,4.1,4.4,3.5,4.3,4.2,3.9,4.5,4.3,3.6,4.2,4,3.6,4.7,4.6,3.8,4.4,3.5,3.2,3.9,5.5,4.4,4.3,3.7,3.7,4.1,3.7,3.7,4.7,4.4,4.2,4.1,4,3.8,4.2,3.8,3.9,4.4,4.1,3.9,4.8,4,3.9,4.2,3.9,3.9,4.1,3.7,3.9,4.1,4.1,3.9,4.3,3.2,3.4,3.2,3.1,2.9,3.1,3.3,3.2,3.4,3.8,3.3,3.7,4,3.6,3.6,3.7,3.1,3.9,4.4,3.7,3.9,4.7,3.7,4.5,4.1,3.8,4.1
16,ID,447,3.8,3.8,4.1,4.4,3.9,3.7,3.7,3.8,3.7,3.7,3.8,4.1,4.6,4.4,3.7,2.8,3,3.5,3.6,3.8,3.9,3.8,3.6,3.8,3.4,4,6.1,7.6,6.6,5.4,5.3,5.3,5.6,5.8,6.2,6.4,6.4,5.9,5.8,5.9,7.1,6.1,5.7,5.3,5.1,4.9,4.7,4.1,4.9,4.7,4.3,4.1,3.8,3.7,3.7,4,4.7,4.3,4.3,4.5,4.3,4.7,4.4,4.8,4.8,4.7,4.9,4.7,4.4,4.7,4.9,5.2,7.4,6.7,7.7,7.2,6.7,6.7,6.3,6.5,5.3,6.3,6.6,6.2,6,6.1,7.2
16,ID,448,5.1,5.5,5.2,5,4.8,5,5.1,5.4,5,5.5,5.6,5.8,5.7,6.5,3.2,4.4,S,7.5,5,5.4,5.7,5.4,5.5,5.6,7.1,6.9,17.8,66.2,17.2,11.1,9.6,8.3,7.9,8.4,9.1,8.4,7.3,8.4,6.8,6.8,6.2,6,5.8,5.8,5.9,6.1,6.2,6.3,6.8,6.5,6.3,6,5.9,6,5.6,5.4,5.8,5.6,6.4,6.8,5,5.5,5.1,4.9,4.9,5.1,4.8,4.8,4.6,4.9,5.2,4.8,5.9,5.6,5.7,5.9,5.8,5.9,6,6.2,6.2,6.2,7.2,7.3,7.6,7.4,7.1
16,ID,451,8.7,8,7.7,8.4,8.7,9.2,9.6,9,8.5,10.1,9,9.1,10.3,10.1,7.8,S,S,12.6,10.8,9.9,10.3,11.9,11.9,10.9,13.9,10.7,17.5,S,13.1,11.2,10.6,11.2,10.5,11.2,12.8,11.6,8.7,9.2,7.1,7.1,7.5,7.6,7.9,8.4,7.5,7.9,9.3,8.3,9.2,7.5,7.1,7.7,7.7,7.6,7.5,7.7,7.5,7.6,9.3,7.4,8.3,8.2,7.6,6.8,7.2,8.2,7.5,7.4,7.4,7.7,8.1,8.5,8.8,7.8,8.3,7.8,8.3,8.8,8.4,8,8.2,8.9,8.8,8.8,10.1,9,8.7
16,ID,452,5.9,5.4,5.2,5.9,5.8,5.4,6,6.6,5.8,6.3,5.4,5.6,5.6,6.1,5.7,S,7.3,5.1,5.2,5.5,5.1,6.1,4.9,4.9,6.8,7,7.7,14.2,11.6,8.7,7.9,S,8.6,8.5,7.5,6.8,8.2,8.6,7.6,6.9,7.1,6.7,6.9,10.2,7.7,7.4,7.4,6.3,6.6,6.3,6.6,7.8,8.3,8.7,7.8,8.1,8.3,9,7.7,8.5,6.9,6.8,7.4,7.3,7.8,9,8.7,9.3,8.5,9.5,8.1,8.2,8.8,7.3,6.5,7.1,6.9,6.9,7.3,8.1,6.3,7.3,6.9,6.3,8.7,6.8,7.5
16,ID,453,6.3,5.8,5.4,5.6,5.6,5.7,6.1,6.1,6,6.8,5.5,6,7.2,7.2,7,6.5,7.4,7.8,7.1,6.7,7.6,7.7,6.3,7.4,8.6,S,S,16.7,11.8,9.3,9.3,S,9.6,S,S,S,8.3,7.9,6.8,6.7,6.9,6.8,6.5,6.5,6.1,6,5,5.4,6.2,5.6,5.4,5.1,5.2,5.4,5.3,5.7,5.8,6.2,5.7,5.8,5.5,5.6,5.6,6.3,6,5.6,5.9,6,5.5,6,5,5.3,5.9,5.4,5.9,5.2,6,6,5.7,5.7,6,6.6,6.3,6.2,6.5,6.5,6.2
16,ID,TOTAL,2.6,2.6,2.7,2.7,2.6,2.5,2.7,2.8,2.7,2.7,2.7,2.7,2.7,2.8,2.4,2,2.8,2.8,2.8,2.7,2.9,2.9,2.7,2.8,3.1,3.2,4.1,5.4,4.1,3.6,3.5,3.9,3.5,3.5,3.6,3.5,3.3,3.4,3.1,3.1,3.1,3,3,3.3,3,3,2.9,2.8,2.9,2.8,2.8,2.8,2.8,2.9,2.8,2.9,3,2.9,2.9,3,2.6,2.7,2.6,2.7,2.7,2.7,2.9,2.9,2.7,2.9,2.9,2.9,3.1,2.8,3,3,2.8,2.8,2.9,2.9,2.8,2.8,2.8,2.8,3,2.8,3
17,IL,441,2.6,2.6,2.8,2.9,2.7,2.6,2.8,2.9,2.8,2.8,2.9,2.7,2.9,3,2.1,2,2.8,3.1,3.1,2.9,3.4,3.3,3,3.4,3.5,3.1,5.5,7,4.5,3.9,3.8,3.8,3.7,3.8,4.2,4,4.2,4.3,3.7,3.7,3.5,3.6,3.5,4.2,4,3.9,3.9,4,3.6,3.5,3.4,3.4,3.6,3.7,3.6,3.7,3.7,3.6,3.7,3.9,3,3.3,3,3.2,3,2.8,3.1,3.1,2.9,3.2,3.4,3.4,3.2,3,3.5,3.5,3.2,3.4,3.3,3.3,3.5,3.2,3.2,3.4,3.2,3.2,3.3
17,IL,442,3.6,3.5,3.6,3.6,3.5,3.4,3.6,3.5,3.7,3.6,3.6,3.5,3.8,4,3.1,3.1,2.9,4.1,3.7,3.8,4.2,3.9,3.6,4.5,4.3,4.5,6.1,25.1,7,5.1,4.3,4.2,4.6,4.2,4.3,4.7,3.8,4,3.8,3.8,4,3.8,3.7,3.8,3.9,4,3.8,3.8,4.9,4.3,4.2,4.1,4.4,4.7,4.6,4.9,4.8,4.7,5,4.9,4.2,4.4,4.2,4.5,4.7,4.8,5.2,5.2,5.1,5.4,5.2,5.4,5,4.5,4.9,4.7,4.6,4.7,5.1,4.5,5,4.8,4.8,5.2,5.6,5,5.3
17,IL,443,6.7,6.5,6.2,6.2,6.1,6.3,8.1,6.6,7.2,7.3,7.8,7.7,7.3,7.3,10.5,3.4,3.6,10,10.3,10.1,10.5,11.9,8.2,11.6,11,10,18.1,25.4,20,21,17.6,17.4,17.5,16.7,15.5,18.6,12.6,13.3,13.2,14.1,13.9,12.7,12.1,13.4,13.2,12.4,12.5,14.4,11.3,10.2,9.6,9.1,9.6,10.3,10.1,10.5,11,11.1,11.9,15.7,7.7,7.5,6.5,7.4,7.6,7.2,8.1,6.7,7.1,7.4,7,11.2,7.3,6.7,7,8.5,9.6,10.6,11.1,10,11.7,10.8,9.2,10.2,11.4,10.1,10.3
17,IL,444,3.1,2.7,2.9,2.8,2.5,2.8,2.6,2.5,2.9,2.7,3,2.9,2.7,2.8,3.3,3.6,3.2,3.4,3,2.8,3,3.1,3.5,3.4,3.1,3,4.3,4.2,3.1,3.2,2.8,2.8,2.7,2.9,3.7,3.2,3.2,3.4,3.4,2.9,3.3,3.4,3.3,3.4,3.2,3.5,3.9,3.2,3,3.2,2.8,2.7,2.9,2.8,2.9,2.8,2.7,3,3.7,3.4,3.2,3.2,2.7,3.1,2.9,3,3.9,2.9,3.1,3.3,3.4,3.7,3.7,2.9,3.1,3,3,3.2,3.5,2.7,3.1,3,3.3,3.7,3.3,2.9,3.1
17,IL,445,2.3,2.2,2.2,2.3,2.2,2.2,2.4,2.4,2.2,2.2,2.3,2.3,2.2,2.4,2.8,2.6,2.8,2.5,2.6,2.5,2.6,2.6,2.5,2.5,2.4,2.2,2,2.2,2.2,2.4,2.3,2.3,2.4,2.4,2.3,2.4,2.3,2.3,2.4,2.4,2.3,2.4,2.4,2.4,2.4,2.4,2.4,2.4,2.3,2.3,2.3,2.3,2.3,2.3,2.3,2.4,2.3,2.2,2.5,2.3,2.2,2.3,2.2,2.2,2.2,2.3,2.2,2.3,2.2,2.3,2.7,2.2,2.4,2.3,2.3,2.4,2.3,2.3,2.4,2.4,2.4,2.4,2.3,2.2,2.4,2.3,2.3
17,IL,446,1.3,1.4,1.4,1.5,1.3,1.3,1.3,1.3,1.5,1.6,1.2,1.5,1.2,1.3,1.4,1.2,1.1,1.3,1.3,1.2,1.4,1.4,1.2,1.3,1,0.9,1,1.2,1.1,1.1,1,1,1,1,1,1.1,1,1,1,0.9,0.9,1,0.9,1,1,1,0.9,1,1,1.1,1.1,1,1,1.1,1,1.1,1.1,1.1,1.1,1.2,1,1.1,1,0.9,0.9,1,1,1,1.1,1.4,1.1,1.2,1.3,1.1,1.1,1.2,0.9,1.3,1.5,1.2,1.2,1.8,1.2,1.6,1.5,1.3,1.4
17,IL,447,2.2,2.3,2.3,2.8,2.2,2.2,2.3,2.2,2.2,2.2,2.2,2.4,2.4,2.5,1.9,1.5,1.6,1.8,1.9,1.9,2,2,1.9,2.1,1.9,2,3.2,4.1,3.8,2.9,2.8,2.9,3,3.1,3.3,3.3,2.9,3.1,3.4,3.6,3.9,3.5,3.3,2.9,3,2.7,2.8,2.4,3,2.8,2.5,2.5,2.3,2.2,2.2,2.6,3,2.6,2.5,2.7,2.6,2.7,2.8,2.9,2.8,2.7,2.7,2.4,2.4,2.5,2.7,2.8,2.9,2.7,2.9,2.7,2.8,2.8,2.8,2.8,2.7,2.9,3,2.9,2.8,3,4.1
17,IL,448,3.8,4.1,3.9,3.8,3.7,3.9,4.2,4.5,3.8,4.3,4.4,4.4,5.2,5,2.4,S,S,5.6,4.2,4.4,4.3,4.1,4.1,4.2,5,4.5,11.4,S,S,8.7,6.7,6.2,5.4,5.7,6.8,5.6,5.5,6.2,5.1,5,4.3,4.2,4.3,4.4,4.4,4.4,4.5,4.4,4.8,4.6,4.3,4,3.8,4,4.1,4.3,3.9,3.9,4.3,4.3,4.4,4.8,4.3,4.3,4.4,4.5,4.5,4.4,4.2,4.5,5.1,4.6,4.9,4.1,4.5,4.8,4.5,4.8,5.1,5,4.8,5.1,5.8,5.9,5.4,5.6,5.1
17,IL,451,6.9,5,4.4,4.8,4.9,5.1,5.6,6.6,5.2,6.5,5.2,5.2,8.8,6.8,4.6,4.4,S,6.7,6.3,6.5,5.9,6.4,6.1,6.2,8.2,5.2,9.2,63.3,70.3,6.7,5.6,7.5,6.2,6.6,6.3,5.9,8,6.4,4.7,5.2,4.9,5.2,5.1,7,5.6,5.9,7.1,5.9,8.7,7.2,5.5,5.5,5.6,6.1,5.8,6.2,5.9,5.8,7.1,6.1,8.7,6.8,5.6,5.2,5.5,6.1,5.6,5.9,5.6,6.4,7.1,6.6,8,5.7,6.3,5.9,6.1,7.1,6.4,6.5,6.6,6.7,7.5,7.5,10.9,7.5,6.4
17,IL,452,2,2,1.9,2.3,2,2,2.3,2.2,2,2.3,2.1,2.1,2.2,2.1,2.3,S,3.1,2.5,2.4,2.6,2.4,2.6,2.4,2.1,2.7,2.4,3,5.3,4.6,3,2.5,4.1,2.9,3,3.2,2.6,2.5,2.6,2.5,2.4,2.7,2.3,2.4,3.5,2.7,2.7,2.6,2.3,2.5,2.5,2.5,3,3,3.5,3.1,2.9,3.2,3.4,2.7,3.1,2.5,2.4,2.6,2.7,2.9,3.3,3.1,3.1,3.1,3.3,2.9,3,3.2,2.5,2.4,2.8,2.4,2.9,2.7,2.9,2.3,3,2.5,2.4,3.1,2.5,2.8
17,IL,453,2.8,3,2.5,2.8,3.2,3.1,3.1,2.9,3.1,3.8,2.8,2.9,3.2,3.2,3,3.2,3.8,3.6,3.3,2.9,3.4,4,2.9,3.5,3.5,3.2,5.7,10.4,7.4,4.8,4.6,4.2,4.4,4.8,3.7,3.6,5.1,4.7,4.4,4.6,5.3,5.3,5,4.8,4.9,4.6,3.7,3.9,4.7,4.5,4.4,4.4,4.5,4.8,5.3,4.6,4.6,5.1,4.7,4.2,5,5.1,4.9,5.6,5.1,5.3,5.7,5.8,5.3,5.8,5.2,4.9,5.8,5.2,5.4,5.7,6.2,6.7,6.2,6.1,6.3,6.5,6.3,5.8,6.4,6.4,6
17,IL,TOTAL,0.9,0.9,0.9,1,0.9,0.9,1,1,0.9,1,1,1,1,1,0.9,0.7,1,1.1,1,1,1.1,1.1,1,1.1,1.1,1,1.4,1.9,1.6,1.3,1.2,1.3,1.2,1.2,1.3,1.3,1.2,1.3,1.3,1.2,1.2,1.2,1.2,1.3,1.2,1.2,1.2,1.2,1.2,1.2,1.1,1.2,1.1,1.2,1.1,1.2,1.2,1.2,1.2,1.2,1.1,1.1,1.1,1.1,1.1,1.1,1.2,1.1,1.1,1.2,1.2,1.2,1.2,1.1,1.2,1.2,1.1,1.2,1.2,1.2,1.1,1.2,1.1,1.2,1.2,1.1,1.2
18,IN,441,3.2,3.3,3.3,3.5,3.4,3.2,3.5,3.5,3.4,3.5,3.6,3.5,3.7,3.8,2.7,2.6,3.6,3.9,3.9,3.7,4.3,4.2,3.8,4.4,4.5,4.3,7.6,8.7,5.7,5.1,5,4.8,4.9,5,5.5,5,5.3,5.4,4.5,4.6,4.4,4.5,4.4,5.1,4.8,4.8,4.7,4.8,4.7,4.6,4.6,4.4,4.7,4.7,4.7,4.8,4.8,4.6,4.9,4.9,3.9,4.1,3.8,4,3.8,3.6,4,4,3.7,4.1,4.4,4.3,3.8,3.7,4.2,4.2,4,4.1,4.1,4,4.3,4,3.8,4.1,3.9,4,3.9
18,IN,442,5,4.8,4.6,5,4.8,4.7,4.9,4.8,5,4.8,4.7,4.7,4.8,5,3.9,4,3.8,5.2,4.8,4.9,5.5,5,4.6,5.9,6,5.9,8,S,8.3,6.3,5.3,5.4,5.9,5.6,5.6,5.8,4.5,4.8,4.5,4.4,4.5,4.5,4.3,4.5,4.6,4.7,4.6,4.8,5.8,5.2,5.2,4.6,4.9,5.6,5.3,5.8,5.7,5.5,5.8,5.7,4.6,4.6,4.2,4.8,4.9,4.8,5.2,5.2,4.9,5.1,5,5.3,5.5,4.8,5.1,4.9,4.8,5.1,5.5,5,5.5,5.3,5.1,5.5,6.1,5.3,5.6
18,IN,443,8.5,7.5,7.5,7.5,7.7,7.6,8.9,7.8,8.5,8.4,9.2,8.9,10.2,9.4,10.4,4.7,4.3,10.3,8.4,S,8.5,9.1,8.2,8.5,9.8,7.5,12.5,22.2,12.9,11.3,8.1,6.7,7.5,6.3,6.9,15.4,6.9,5.5,6.5,6.3,6.2,6.1,5.8,5.7,6.2,4.5,4.3,12.1,7.1,5.8,5.8,5.1,5.5,5.7,5.5,5.6,5.7,5.5,6.1,3.4,7.5,7.4,6.6,7.4,7.5,7.4,7.5,7.1,7.1,7.4,6.9,7.9,7.7,6.8,7.2,7.6,7.8,8.7,8.8,8.4,9,8.1,7.6,8.3,9.4,7.7,8.1
18,IN,444,3.7,3.1,3.2,3,2.9,3.1,3,2.9,3.3,3.1,3.3,3.1,2.8,3.4,3.7,3.7,3.4,3.7,3.3,3.2,3.4,3.4,3.9,3.8,3.5,3.4,4.8,4.8,3.6,3.5,3.2,3.2,3.1,3.4,4,3.7,3.7,3.9,3.8,3.3,3.7,3.7,3.7,3.9,3.6,3.8,4.1,3.5,3.4,3.6,3.3,3.2,3.5,3.3,3.3,3.4,3.3,3.6,4,3.7,3.5,3.7,3.3,3.8,3.5,3.5,4.3,3.4,3.7,3.9,3.8,3.9,3.9,3.4,3.7,3.6,3.6,3.7,4.1,3.2,3.7,3.5,3.6,3.9,3.7,3.1,3.4
18,IN,445,3.2,3.2,3.2,3.3,3.2,3.1,3.3,3.2,3.1,3.1,3.2,3.1,3.5,3.5,4.1,3.6,3.7,3.5,3.5,3.4,3.6,3.4,3.3,3.4,3.1,2.9,2.7,3.2,3.2,3.2,3.2,3.3,3.2,3.1,3.2,3.2,3.3,3.3,3.3,3.3,3.2,3.3,3.2,3.2,3.2,3.3,3.3,3.2,3.2,3.2,3.1,3,3,3,3,3.1,3,3,3.8,3,3.1,3.1,3.2,3.1,3.2,3.1,3.2,3.2,3.1,3.2,3.8,3,3.3,3,3,3.2,3.1,3.1,3.2,3.1,3.1,3.2,3.1,2.9,3.3,3.1,3.1
18,IN,446,1.5,1.6,1.7,1.7,1.6,1.5,1.5,1.5,1.7,1.8,1.4,1.7,1.5,1.5,1.7,1.5,1.4,1.6,1.6,1.5,1.7,1.7,1.5,1.7,1.3,1.3,1.4,1.7,1.5,1.5,1.4,1.4,1.5,1.4,1.4,1.6,1.6,1.6,1.5,1.5,1.4,1.5,1.4,1.5,1.6,1.5,1.4,1.6,1.6,1.6,1.7,1.6,1.5,1.6,1.4,1.5,1.6,1.7,1.6,1.8,1.4,1.5,1.4,1.4,1.3,1.3,1.5,1.5,1.5,1.8,1.6,1.8,1.8,1.7,1.6,1.7,1.4,1.9,2.2,1.7,1.8,2.5,1.8,2.4,2.2,2,2.2
18,IN,447,2.3,2.6,2.6,3.1,2.6,2.5,2.5,2.5,2.5,2.5,2.5,2.8,2.7,2.6,2,1.6,1.7,2,2,2,2.1,2.1,1.9,2.2,2.1,2.3,3.6,4.4,4.3,3.2,3.1,3.3,3.5,3.6,3.8,3.7,2.8,3,3.7,3.9,3.6,3.3,3.1,2.9,3,2.7,2.7,2.4,2.7,2.5,2.4,2.4,2.2,2,2.1,2.4,2.8,2.4,2.3,2.5,2.7,2.8,2.9,3,2.9,2.8,2.8,2.5,2.5,2.5,2.9,2.8,2.9,2.7,2.8,2.7,2.8,2.9,2.9,2.8,2.7,3,3.1,2.9,2.8,3,4.2
18,IN,448,3.6,3.6,3.4,3.3,3.3,3.4,3.5,4.2,3.6,3.7,3.8,4,4.3,4,2.2,S,S,5.6,3.4,4,3.9,3.7,3.8,4,4.7,4.2,10.3,S,12.2,7.7,6,5.5,4.8,5.1,5.9,5.4,5.3,6,4.7,4.7,4.3,4.1,4.1,4.4,4.3,4.2,4.4,4.8,4.9,4.9,4.2,4.1,4,4.2,4.1,4.3,4.1,3.9,4.4,4.8,4.3,4.6,4,4.1,4.2,4.3,3.9,3.9,3.9,4,4.6,4.4,4.5,4,4.2,4.3,4.3,4.4,4.3,4.8,4.6,4.6,5.2,5.5,5.6,5.5,5.1
18,IN,451,8.5,6,5.2,5.9,5.9,6.2,6.6,8.1,6.2,6.8,6.1,6.2,9.9,7.6,5.5,5.2,S,9.2,7.9,9.1,8,7.9,7,7.2,S,S,S,42.1,S,S,S,S,5.2,S,S,S,7.2,6.4,4.6,5.8,5.4,5.7,5.4,7.3,6.1,6.5,7,6.1,12.6,9.2,6.7,6.6,6.8,7.4,7.3,7.8,7.7,7.6,9.3,7.8,11.7,8.1,6.7,6.3,6.9,7.7,6.7,7.6,7,7.7,8,8.1,9.4,6.5,6.8,6.7,6.7,7.7,6.9,7.4,7.3,7.3,8,7.9,11.6,7.6,6.9
18,IN,452,2.7,2.7,2.5,2.9,2.7,2.7,3.2,3.1,2.7,3.1,2.9,2.8,3.1,3,3.4,S,5.4,4.1,3.7,4,3.7,3.6,3.8,3.4,3.7,3.3,4,8.5,4.7,3.6,3.5,4.8,3.7,4,4.1,3.7,3.5,3.6,3.5,3.3,3.5,3.2,3.4,4.6,3.7,3.6,3.4,3.2,3.4,3.3,3.3,3.8,3.7,4.3,4,4,4,4.3,3.7,3.9,3.3,3.1,3.4,3.6,3.8,4.2,4.3,3.9,4,4.5,3.8,4,4.1,3.2,3,3.6,3.2,3.6,3.5,3.9,3,3.8,3.3,3.2,4,3.4,3.6
18,IN,453,4.4,4.8,4,4.5,4.5,4.3,4.4,4.4,4.5,5.2,4.3,4.7,4.9,5.5,4.7,4.6,5.3,5.3,5,4.7,5.1,6,4.5,5.4,5.3,4.8,7.5,S,8.4,6.1,6,5.7,5.8,6.5,5.1,5.1,6.1,5.9,5.3,5.1,5.2,5.2,5,5,5,4.9,4,4.6,4.3,3.9,3.8,3.7,3.9,4.1,4,3.9,4.3,4.6,4.2,4.2,3.8,4,4.2,4.6,4.9,4.8,4.5,4.7,4.5,4.9,3.9,4.2,4.3,4,4.4,4.2,5,5.2,4.8,4.6,5.1,6.1,5.1,4.9,4.9,4.9,5
18,IN,TOTAL,1.2,1.2,1.2,1.2,1.2,1.2,1.2,1.2,1.2,1.2,1.2,1.2,1.3,1.3,1.2,0.9,1.5,1.4,1.4,1.4,1.4,1.4,1.4,1.4,1.5,1.4,2,2.6,2,1.7,1.6,1.7,1.7,1.7,1.8,1.6,1.7,1.8,1.7,1.7,1.6,1.6,1.6,1.7,1.6,1.6,1.5,1.5,1.6,1.6,1.5,1.5,1.5,1.5,1.5,1.6,1.6,1.6,1.6,1.6,1.4,1.4,1.4,1.5,1.5,1.5,1.6,1.5,1.4,1.5,1.5,1.5,1.5,1.4,1.5,1.5,1.4,1.5,1.5,1.5,1.4,1.5,1.4,1.5,1.5,1.5,1.6
19,IA,441,4.2,4.3,4.3,4.5,4.4,4.3,4.7,4.6,4.6,4.8,5,4.7,5,5.2,3.7,3.7,4.9,5.3,5.2,4.9,5.6,5.7,5.3,5.8,5.6,5.2,8.5,10,6.8,6.2,6,6.1,6.1,6,6.7,6.4,6.1,6.3,5.3,5.3,5,5.3,5.3,6.1,5.8,5.7,5.6,5.6,5.7,5.4,5.4,5.3,5.7,5.6,5.7,5.7,5.8,5.6,5.9,5.9,4.9,5.3,4.8,5,5,4.7,5.1,5,4.8,5.3,5.4,5.5,5.4,4.9,5.7,5.8,5.4,5.4,5.5,5.3,5.8,5.3,5.2,5.5,5.3,5.5,5.3
19,IA,442,10.9,11,10.8,11.6,11.5,11.1,11.5,11.3,11.4,11.4,11.1,10.3,10.5,11.1,9,5.4,7.1,10.9,10.2,11,12.1,11.2,10.4,13.7,12.1,12.7,15.7,S,17.6,13.2,11.6,11.4,12.3,11.5,12.1,11.8,11.5,12.4,11.5,11.9,12.4,12.4,11.8,12.1,12.3,12.3,11.6,12.3,11.4,10.9,10.7,9.2,9.7,12,10.6,11.6,12.2,12,12.6,12.2,11.7,12,11.6,13.1,13.2,12.4,14.7,14.2,13.4,13.6,13.2,13.2,14,13.1,13.8,13.6,14.2,13.5,14.4,13.7,15.1,14.3,14.2,14.6,15,14.5,15
19,IA,443,12,10.2,10.1,8.8,8.9,8.6,9.7,9.1,9.6,9.2,10.1,10.4,8.9,8.6,9.2,5.1,4.1,9.5,8.1,8,8,8.5,8.3,8.1,12.2,8.8,13.3,S,9.4,11,8.1,6.2,6.9,6.1,7.7,15.5,8,6.5,7.7,7,7.2,6.9,6.8,6.6,6.5,5.1,5,4.4,9.4,7.8,7.8,7,7.7,8.1,7.8,7.3,7.7,7.3,8.7,7.6,7.8,8.3,7.1,7.8,7.8,7.6,8,7.5,7.2,7.3,7.6,8.2,8.7,7.4,8.1,8.2,9.1,9.5,9.5,8.9,9.5,8.5,8.3,9.4,10,8.5,8.5
19,IA,444,4.8,4.4,4.4,4.4,4.1,4.3,4.4,4.2,4.5,4.3,4.6,4.4,4.1,4.6,4.8,5,5,5.3,4.8,4.6,4.9,4.7,5.1,5.3,4.9,4.7,6.3,6.1,5,4.9,4.7,4.6,4.4,4.6,5.4,5,4.7,4.9,4.6,4.3,4.7,4.6,4.7,4.9,4.7,4.9,4.8,4.4,4.5,4.5,4.1,4.1,4.4,4.1,4.2,4.2,4.1,4.4,4.7,4.5,4.5,4.9,4.4,5,4.7,4.7,5.7,4.9,4.9,5.1,5.1,5.2,5.2,4.4,4.9,4.8,4.8,4.8,5.2,4.1,4.9,4.6,4.5,4.8,4.5,4.2,4.6
19,IA,445,5.4,5.1,5,5.2,5,5.2,5.3,5.3,5,5.1,5.2,5.1,5,5,6,5.6,5.7,5.4,5.5,5.3,5.6,5.3,5.3,5.3,5.2,5,4.4,4.8,5,5.1,5,5.1,5.2,5.1,5.2,5.3,5.1,5.3,5.4,5.4,5.2,5.4,5.3,5.2,5.2,5.1,5.2,5.1,4.4,4.3,4.4,4.4,4.4,4.4,4.3,4.5,4.3,4.8,4.9,4.6,4.4,4.5,4.5,4.2,4.3,4.3,4.3,4.4,4.2,4.4,4.6,4.7,4.7,4.6,4.5,4.8,5,5,4.9,5.1,4.9,4.9,4.7,4.5,4.4,4.4,4.5
19,IA,446,2.6,2.8,2.8,2.8,2.6,2.4,2.6,2.5,2.8,3.1,2.4,2.8,2.5,2.5,2.7,2.5,2.2,2.6,2.6,2.3,2.9,2.8,2.3,2.6,2.3,2.1,2.5,2.9,2.5,2.7,2.4,2.4,2.5,2.4,2.4,2.7,2.6,2.5,2.5,2.4,2.3,2.6,2.4,2.4,2.7,2.5,2.4,2.6,2.7,2.5,2.8,2.6,2.4,2.7,2.4,2.5,2.7,2.7,2.6,2.7,2,2.2,2.1,2,1.9,2,2.2,2.1,2.2,2.7,2.3,2.5,2.9,2.5,2.4,2.7,2.1,2.8,3.2,2.6,2.7,3.5,2.6,3.5,3.1,2.8,3.1
19,IA,447,2.7,2.8,2.9,3.2,2.7,2.7,2.8,2.6,2.6,2.6,2.7,2.9,2.8,2.9,2.3,1.8,1.9,2.2,2.3,2.3,2.4,2.3,2.2,2.5,2.2,2.4,3.7,4.7,4.3,3.3,3.2,3.3,3.5,3.6,3.9,3.8,3.2,3.4,3.6,3.7,4.2,3.7,3.5,3.2,3.2,2.9,2.9,2.5,3,3,2.7,2.7,2.4,2.2,2.3,2.7,3.1,2.7,2.7,2.8,2.8,3,3.2,3.4,3.3,3.1,3.2,2.8,2.9,2.9,3.3,3.4,3.4,2.9,3.1,2.9,3,3.1,2.9,2.9,2.8,3,3.1,2.9,2.8,2.9,4
19,IA,448,4.8,4.9,4.8,4.8,4.6,4.9,4.9,5.3,4.8,5.2,5.3,5.5,5.3,5.8,2.7,1.8,S,6.3,4.3,4.5,5,4.6,4.7,5.4,6,5.3,13.1,S,14.2,9,7.5,6.8,6.3,6.7,7.7,6.9,7.2,8.5,6.4,6.8,6.1,5.9,6,5.6,6.2,6.1,6.4,7,5.8,5.5,5,4.8,4.9,5,5.1,4.8,4.8,4.7,4.9,5.6,4.9,5.4,4.7,4.7,4.8,4.9,4.8,4.4,4.5,4.7,5.1,5.1,5.7,4.9,5.2,5.3,5.3,5.5,5.6,5.6,5.9,5.7,6.3,7,6.9,6.8,6.2
19,IA,451,8.8,8.3,8.7,10.6,10.7,12,12,10.1,9.3,13.6,10.8,10.5,14.4,S,10.3,S,S,19.4,14.8,12.1,13.5,13.7,13.6,12.7,12.1,9.4,17.1,S,S,11.2,10.2,9.9,8.9,11,12,9.9,10.6,9.8,7.5,9,8.1,8.6,8.7,9.7,8.7,9.6,10.6,8.8,12.8,11.4,10.2,11.2,10.8,12.7,11.5,10.6,11.3,11.6,11.6,11,13,12.8,10.8,10.3,10.8,12,11.7,9.9,10.7,11.4,11.2,11.5,13.1,9.9,11.7,12.4,11.8,14,12.3,11.6,13.1,13.6,12.7,14.3,14.9,13,12.2
19,IA,452,2.6,2.5,2.6,2.9,2.5,2.6,3.3,3.5,2.9,3.5,2.8,2.6,2.6,2.9,3.2,S,6.8,4.5,3.8,4.3,3.6,3.6,3.6,2.8,3.4,3.1,3.6,5.2,4.7,3.5,3.2,4.7,3.6,3.7,3.8,3,3,3.5,2.9,3,3.2,2.8,2.9,5.6,3.4,3.3,3,2.6,3,3,2.9,3.5,3.6,4.3,3.8,4,4,4.5,3.2,3.5,3.1,3.1,3.3,3.3,3.8,4.4,4.4,4.2,4,4.7,3.8,3.6,4.6,3.2,3,3.5,3.1,3.5,3.6,4.5,3.2,4.1,3.4,3.1,4.5,3.7,4.1
19,IA,453,5.3,5,4.5,5,4.8,4.7,5.2,5.1,5,5.7,4.5,5.2,6.5,6.6,6.4,5.6,S,6.4,6.1,5.9,6.3,6.4,5.1,5.8,6.7,5.8,8.9,14,S,7.1,6.6,7.1,7.2,7.5,6.1,6,7.4,6.9,6.2,6.1,6.4,6.5,6.3,6.2,6.1,5.9,5,5.3,5.9,5.1,5.2,5.1,5.4,5.5,5.2,5.3,5.5,5.6,5.2,5.1,4.7,4.8,5.2,5.5,5.7,5.4,5.5,5.3,5.2,5.6,4.8,5,5.1,4.7,5.1,5,5.7,6,5.4,5.4,5.7,6.6,5.9,5.5,5.9,5.7,5.7
19,IA,TOTAL,1.6,1.6,1.6,1.7,1.5,1.6,1.7,1.6,1.6,1.6,1.6,1.6,1.7,1.7,1.5,1.4,1.9,1.8,1.7,1.7,1.8,1.8,1.7,1.7,1.8,1.7,2.3,3,2.4,2.1,2,2.1,2,2.1,2.2,2.1,2,2.1,2,2,2,2,2,2.1,2,1.9,1.8,1.8,1.9,1.8,1.8,1.8,1.7,1.7,1.7,1.8,1.9,1.8,1.8,1.8,1.7,1.8,1.8,1.8,1.8,1.8,1.9,1.8,1.7,1.8,1.8,1.9,2,1.8,1.9,1.9,1.9,1.9,1.9,1.9,1.9,1.9,1.8,1.8,1.8,1.9,2
20,KS,441,5.1,5.2,5.1,5.4,5.3,5.2,5.6,5.6,5.4,5.6,5.9,5.8,5.7,5.9,3.9,3.8,5.1,5.9,5.6,5.5,6.3,6.1,5.6,6.3,5.9,5.7,9.6,11.7,7.4,6.9,6.5,6.4,6.4,6.5,6.9,6.6,6.7,7,5.8,5.9,5.7,6,5.8,6.6,6.3,6.4,6.1,6.2,6.7,6.6,6.4,6.3,6.7,6.5,6.7,6.6,6.7,6.5,6.8,6.9,5.8,6.1,5.8,6.1,6,5.6,6.2,6.3,5.7,6.5,6.6,6.7,6.1,5.8,6.5,6.7,6.2,6.3,6.4,6.3,6.7,6.4,6.1,6.4,6.1,6.4,6.1
20,KS,442,18,18.7,18.4,19.2,19,18.1,19.4,18.9,19.2,18.6,18.2,16.8,18.5,20.7,15.4,7.7,9.9,17.8,17.1,18.5,21.6,18.2,17.6,20.3,21.6,22.7,30.5,S,37.5,25.7,23.7,22.6,23.6,21.7,22.1,25.8,19,20.7,19,19.9,20.5,20.3,20,20,20.9,20.8,19.2,20.5,18.1,16.6,16.6,15.8,16.8,19.7,17.5,18.9,19.7,19,19.8,20.5,19.7,21,20.7,22.5,22.5,22.9,25.4,26.6,24.4,25.5,24.7,24.4,23.4,21.7,22.3,22.7,23,21.6,23.4,21.5,23.2,23.1,22.4,22.2,24.9,23.4,24.2
20,KS,443,13.4,12.8,12.8,13.1,13.2,13.1,14.8,13.7,14.2,14.5,14.5,14.6,17.8,17.8,S,7.2,7.9,S,14.6,S,S,16.6,15.6,S,11.6,10.5,16.5,19.8,14.2,15.1,12.3,11.4,12.4,11.3,8.9,5.2,9.1,8.8,9.7,9.6,9.3,9,8.5,8.6,8.4,7,6.1,5,10,9.2,8.7,8.1,8.9,9.2,8.8,8.8,8.7,8.7,9.6,8.2,10.3,10.7,9.2,10.3,10.7,10.3,10.9,10.5,10.2,10.4,10.5,12,10.9,10.1,11.2,11.1,11.2,12.9,13,12,12.7,12.1,10.8,11.5,12.5,10.8,11
20,KS,444,4.9,4.9,4.8,4.9,4.3,4.6,4.8,4.7,5,4.7,4.9,5,4.7,5.1,5.4,5.5,5.6,5.9,5.5,5.3,5.7,5.5,5.8,6,5.7,5.6,7,6.6,5.5,5.3,5.3,5.3,5.1,5.2,6,5.5,5.4,5.5,5.1,4.7,5.3,5.2,5.2,5.6,5.3,5.3,5.2,4.8,5.1,5.2,4.8,4.7,5,4.7,4.8,4.6,4.8,5.1,5.3,5,5.1,5.3,4.8,5.4,5.1,5.1,6.3,5.7,5.3,5.6,5.3,5.6,5.2,4.4,5,4.9,4.8,5,5.3,4.3,5,4.8,4.7,5.1,4.9,4.6,4.8
20,KS,445,4.8,4.5,4.5,4.7,4.6,4.6,4.8,4.8,4.6,4.7,4.7,4.6,4.6,4.7,5.6,5.2,5.3,5,5.1,4.8,5,5,4.9,5,5,4.7,4.1,4.6,4.7,4.8,4.7,4.9,5,4.9,4.9,4.8,4.4,4.5,4.6,4.7,4.5,4.6,4.5,4.5,4.5,4.5,4.5,4.4,4.6,4.5,4.6,4.5,4.6,4.5,4.4,4.6,4.5,4.4,5.3,4.3,4.6,4.6,4.6,4.4,4.5,4.5,4.5,4.6,4.4,4.6,5.1,4.3,4.7,4.4,4.3,4.6,4.4,4.4,4.6,4.6,4.5,4.5,4.4,4.4,4.5,4.4,4.5
20,KS,446,3.1,3.2,3.2,3.3,3,2.9,3.1,3,3.5,3.7,2.9,3.5,3.1,3,3.4,3,2.7,3.1,3.1,2.9,3.5,3.5,2.9,3.4,2.7,2.5,3,3.8,3.4,3.2,2.9,2.9,3.1,2.9,2.9,3.2,2.7,2.7,2.6,2.6,2.4,2.7,2.5,2.6,2.7,2.7,2.5,2.9,2.9,2.9,3,2.8,2.7,3,2.7,2.8,2.9,3,2.8,3.3,2.4,2.5,2.3,2.3,2.2,2.3,2.4,2.4,2.5,2.9,2.5,2.9,3,2.7,2.6,2.7,2.3,3,3.1,2.8,3.2,3.9,3.1,4,3.8,3.4,3.5
20,KS,447,3.3,3.4,3.4,3.9,3.4,3.5,3.5,3.3,3.3,3.3,3.4,3.7,3.7,3.6,2.9,2.3,2.5,2.8,2.9,2.6,2.6,2.6,2.5,2.7,3,3.1,4.2,5.3,5.4,4.3,4.3,5.3,5.6,5.8,6.2,5.9,4.2,4.4,5.9,5.8,5.3,4.8,4.5,4,3.9,3.7,3.7,3.2,3.2,3.1,2.7,2.6,2.4,2.4,2.5,2.8,3.2,2.8,2.8,2.9,4.2,4.6,4.8,5.2,5,4.6,4.7,4.3,4.2,4.6,4.6,5,5,4.4,4,3.8,3.9,4,3.9,4.1,S,4,4.2,4,3.9,3.7,5.5
20,KS,448,5.5,5.3,5.4,5.6,5.2,5.7,5.8,6.1,5.7,6,6.3,6.2,6.4,7,3.4,4.5,S,7.6,5.4,6.1,6.4,5.6,5.5,5.7,6.5,5.9,14.8,40.9,15.5,9.9,8.7,7.9,7.3,7.8,8.7,7.4,7,8.2,6.4,6.8,6.1,5.9,6.1,5.9,6.4,5.9,6,5.9,6,5.9,5.5,5.3,5.4,5.4,5.4,5.3,5.2,5.1,5.8,5.7,5.1,5.6,5.2,5.1,5.1,5.3,5.3,4.9,5.1,5.2,5.8,5.3,6.1,5.2,5.6,5.7,5.6,5.7,6,6.1,6.1,6.1,6.9,6.8,7.1,7.3,6.5
20,KS,451,11.1,9.2,8.7,10.3,10.2,11,12,10.5,9.9,11.1,10.4,10.6,11.8,S,9.4,S,18.7,15.3,13.4,11.2,11.9,12.6,11.3,11.4,S,S,S,S,S,S,S,S,S,S,S,S,9.1,7.6,5.9,7.9,7.1,7,7.1,8.1,7.7,7.9,9.1,7.6,9.8,11.4,7.8,8.1,7.6,8.6,8.1,7.5,8,7.9,8.1,6.9,12,10.4,9.1,8.9,9,10.3,8.5,7.1,8.5,10,9.4,8.4,10.6,7.1,8.7,8.9,7.9,9.2,9.3,8.2,9.6,9.6,9.9,9.4,12.9,10.1,8.7
20,KS,452,2.6,2.5,2.5,2.7,2.6,2.6,3.1,3.4,2.8,3.4,2.7,2.7,2.8,3,3.3,1.9,7.7,4.7,3.8,4.3,3.9,3.9,3.7,3.1,3.4,3.2,3.7,4.9,4.8,3.5,3.4,6,3.8,3.8,3.9,3.2,3.7,4,3.3,3.5,4,3.3,3.4,6.1,3.8,3.9,3.5,3.2,3.8,3.5,3.6,4.3,4.5,5.6,4.6,4.6,5.1,5.5,3.8,4.3,4.1,3.7,3.8,4,4.7,5.5,5.4,4.9,5,5.6,4.6,4.6,5.2,3.6,3.6,4.3,3.8,4.2,4.4,5.3,3.7,5.1,4.2,3.8,5.5,4.3,4.9
20,KS,453,4.2,4.3,4.1,4.5,4.6,4.7,4.8,4.5,4.6,5.5,4.2,4.5,4.6,4.6,4,4.5,5.4,5.4,4.9,4.5,5.1,5.8,4.4,5.4,5.4,5.3,7.8,10.3,7.8,6.3,6.3,6.1,6.2,6.6,5.6,5.6,6,5.8,5.3,5.4,5.5,5.7,5.6,5.5,5.5,5.7,4.4,4.9,5.9,5.4,5.2,5.1,5.5,5.7,5.2,5.2,5.4,5.7,5.3,4.9,4.8,5,5.1,5.9,6.2,5.9,6.1,5.5,5.6,6.2,5.1,5.3,6.1,5.7,6.4,5.8,6.5,7.2,6.6,6.2,7.1,9,7.2,6.8,6.8,6.9,6.8
20,KS,TOTAL,1.9,1.9,2,2,1.9,1.9,2,2,2,2,2,2,2.1,2.2,1.8,1.6,2.2,2.2,2.1,2.1,2.3,2.1,2,2.1,2.2,2.1,2.8,3.4,2.7,2.4,2.4,2.6,2.5,2.5,2.5,2.4,2.4,2.5,2.4,2.4,2.3,2.3,2.3,2.4,2.3,2.3,2.2,2.1,2.3,2.3,2.2,2.1,2.1,2.2,2.1,2.2,2.3,2.2,2.2,2.2,2.2,2.4,2.3,2.4,2.3,2.3,2.5,2.4,2.3,2.5,2.4,2.4,2.4,2.3,2.4,2.5,2.3,2.3,2.4,2.4,2.5,2.4,2.3,2.3,2.5,2.5,2.6
21,KY,441,3.9,3.9,4,4.1,4,3.9,4.3,4.3,4.2,4.2,4.4,4.2,4.3,4.6,3.1,3.1,4.2,4.7,4.6,4.6,5.1,5,4.6,5.4,4.9,4.7,8,9.3,6.1,5.6,5.4,5.3,5.2,5.3,5.9,5.4,5.9,5.9,5,5.1,4.9,5.1,5,5.7,5.4,5.4,5.2,5.3,4.9,4.6,4.6,4.6,5.1,5,5,5.1,5.1,5,5.2,5.4,4.9,5.2,4.8,5,4.8,4.5,5,4.9,4.7,5.3,5.4,5.3,5.1,4.8,5.5,5.4,5.1,5.2,5.1,5.3,5.4,5,5,5.4,5.2,5.2,5.2
21,KY,442,5.3,5,5,5.2,5.1,5,5.2,5.1,5.4,5,5.2,5,7.2,8.5,5.5,4.5,4.7,7.9,7.2,7.4,8.9,7.1,6.5,8.9,10,9.4,13.2,S,12.6,10.8,9.4,9.7,9.9,9.3,9.2,9.3,8,8.4,7.7,7.7,7.9,8.3,7.7,8.2,8.6,8,7.2,7.7,10.2,9.5,9.7,8.5,9.3,11.1,10.7,11.4,11.2,10.4,10.6,10.6,11.7,13.3,12.1,12.4,12.4,12.7,13.4,13.1,13,12.9,12.7,12.9,12.7,12.1,12.6,12.3,12.6,12.3,12.6,12.2,12.8,12.4,12.2,12.4,13.1,13.6,13.7
21,KY,443,11.2,10.1,10.3,10.2,10.4,10.3,12.1,10.7,11.5,11.5,12.2,11.9,10.7,10.5,11.1,5,4.9,10.8,9.4,10.3,10,10.7,9.3,9.5,14.3,11.7,15.9,33.5,20.8,14.9,11.7,10.2,10.9,9.9,12.1,21.2,10.3,10.2,10.4,10.3,10.4,10.1,9.6,9.9,9.8,8.2,7.7,3.9,10.1,8.9,8.5,8,8.8,9.1,8.8,8.6,8.6,8.6,8.9,6.4,10.6,11.2,10,10.7,11,10.8,10.8,10,9.8,10.3,10.3,11.2,10.5,10,10.6,10.9,12.1,13,13.4,12.4,13.6,12.6,11.9,12.2,13.4,11.9,12.1
21,KY,444,4.4,4.2,4.2,3.7,4,4,4.2,3.6,4.5,4,4.3,4.3,3.8,4.2,4.4,4.4,4.3,4.8,4.5,4.3,4.7,4.5,4.9,5,4.9,5,6.3,6.3,5.2,5,4.8,5,4.6,5,5.7,5.2,5.2,5.3,5,4.5,5.1,5,5,5.3,5.1,5,5.3,4.7,4.3,4.4,3.9,3.9,4.2,4,4.2,4.2,3.9,4.2,4.6,4.3,4.2,4.5,3.9,4.5,4.2,4.3,5,4,4.5,4.9,4.5,4.6,4.6,4.1,4.4,4.3,4.2,4.5,4.8,4,4.4,4.1,4.2,4.9,4.5,3.7,4.1
21,KY,445,4.6,4.4,4.4,4.5,4.6,4.5,4.7,4.6,4.5,4.5,4.6,4.5,4.3,4.6,5.3,4.9,5.1,4.8,4.9,4.6,4.3,4.3,4.7,4.7,5,4.8,4.2,4.7,4.7,4.8,4.7,5,5,5.8,4.9,4.9,4.4,4.4,4.6,4.5,4.4,4.5,4.5,4.3,5.1,4.5,4.4,4.4,4.2,4.2,3.9,3.9,4,3.9,3.9,4,3.9,3.9,4.3,3.8,4.1,4,4.5,4.3,4.3,4.4,4.4,4.3,4.2,4.6,5,4.2,4.8,4.3,4.3,4.7,4.6,4.6,4.8,4.6,4.5,4.6,4.7,4.6,4.5,4.6,4.6
21,KY,446,1.6,2,2,2,1.9,1.9,2,1.9,2.1,2.2,1.9,2.2,2.2,2.2,2.5,2.2,1.9,2.2,2.3,2.1,2.5,2.5,2.2,2.4,1.7,1.6,1.9,2.5,2.1,2.1,1.8,1.9,1.9,1.8,1.9,2.1,2,2,1.9,1.9,1.8,2,1.8,1.9,2,1.9,1.9,2.3,2.2,2.2,2.3,2.1,2.1,2.2,2.1,2.2,2.2,2.3,2.2,2.4,1.7,1.8,1.7,1.7,1.6,1.7,1.8,1.8,1.9,2.4,1.9,2.1,2.4,2,2,2.2,1.7,2.3,2.7,2.2,2.2,3.1,2.2,2.9,2.6,2.4,2.7
21,KY,447,2.4,2.7,2.7,3.3,2.7,2.6,2.6,2.6,2.6,2.6,2.6,2.9,3.1,3,2.4,1.9,2,2.3,2.4,2.3,2.4,2.4,2.3,2.5,2.4,2.5,3.8,4.6,4.9,3.5,3.5,3.7,3.9,4.1,4.3,4.1,3.4,3.6,4.2,4.5,4.4,3.9,3.7,3.4,3.5,3.1,3.2,2.8,3.2,3,2.7,2.8,2.5,2.4,2.5,2.8,3.2,2.9,2.8,2.9,3.8,3.9,4.1,4.2,4.1,3.9,4,3.5,3.5,3.6,3.8,4,4,3.9,4,3.9,4,4.1,4.1,4.1,3.7,4.2,4.4,4.3,4.1,4.4,5.8
21,KY,448,3.8,3.7,3.5,3.4,3.3,3.6,3.5,4.4,3.8,3.8,3.9,3.8,4.2,3.9,2.2,0.9,S,6,3.4,3.9,4.1,3.8,3.6,3.8,4.6,4,10.8,S,12.9,7.1,5.8,5.4,4.6,5,6.3,5.2,5.2,6.3,4.5,4.5,4.3,4.1,4.1,4.3,4.3,4.2,4.3,4.6,5.7,5.1,4.5,4.4,4.2,4.5,4.5,4.4,4.2,4.1,4.9,4.8,4.2,4.5,4.1,4.1,4.1,4.3,4,3.9,3.9,4.1,4.6,4.3,4.7,4.1,4.3,4.4,4.3,4.5,4.4,4.8,4.6,4.5,5.1,5,5.5,5.4,5.3
21,KY,451,8.7,6.1,5.7,6.4,6.4,6.7,7.1,8.2,6.5,7.9,6.7,6.9,11.3,7.8,6.2,10,14.6,10.3,8.2,8.7,8.8,8.5,7.8,7.7,12.4,8.1,11.9,S,12.4,S,7.2,8.6,6.4,7.5,8.3,7.4,7.5,7.2,5.6,6.8,6.3,6.7,6.4,8.6,7.1,7.6,8.2,7.4,10.4,8.6,6.5,6.6,6.7,7.1,6.9,7.5,6.7,6.7,7.9,6.5,11.2,8,6.6,6.3,6.7,7.7,6.9,7.2,6.9,8.1,8.3,8.3,9.6,6.7,6.9,6.9,6.8,7.7,7.1,7.5,7.5,7.5,8.2,8,11.5,8.2,7.3
21,KY,452,2.6,2.4,2.4,2.9,2.6,2.5,3,3.2,2.6,3,2.7,2.7,2.8,3,3.2,S,S,5.2,4.2,4.6,4.2,4.2,3.9,3.3,3.7,3.2,4,7.6,5.1,3.6,3.5,4.7,3.7,3.9,3.9,3.3,3,3.6,3.1,3.1,3.5,3,3.1,5.2,3.6,3.5,3.3,3,3.4,3.3,3.1,3.5,3.7,4.4,3.8,4,4,4.3,3.5,3.8,3.2,3.2,3.7,3.7,4,4.5,4.5,4.1,4.1,4.7,3.9,4,4,3.1,3.1,3.9,3.3,3.5,3.6,4.6,3.4,4.2,3.8,3.3,4.3,3.7,4.4
21,KY,453,3.7,4.4,3.5,3.8,3.9,3.8,4.1,3.8,4.1,4.8,3.6,4.1,4.1,4.4,3.8,3.7,4.4,4.4,4.4,3.8,4.2,4.8,3.8,4.6,4.7,4.4,6.7,11,8.3,6.4,5.8,5.6,5.8,5.9,5.1,4.9,6.1,5.7,5.2,5.2,5.4,5.2,4.8,4.8,4.8,4.6,3.9,4.2,4.2,3.9,3.8,3.7,4.1,4.2,4.2,4.2,4.4,4.7,4.4,4.1,4.3,4.4,4.5,5.3,4.7,4.8,4.9,5.2,4.8,5.3,4.5,4.6,4.8,4.6,4.8,4.7,5.4,5.4,5.1,4.8,5.2,5.6,5,5.3,5.2,5.1,5
21,KY,TOTAL,1.4,1.3,1.4,1.4,1.4,1.3,1.4,1.4,1.4,1.4,1.4,1.4,1.5,1.5,1.4,1.2,1.9,1.8,1.6,1.6,1.7,1.6,1.6,1.6,1.6,1.6,2.1,2.8,2.4,1.9,1.8,2,1.8,1.9,2,1.8,1.8,1.9,1.7,1.8,1.8,1.7,1.7,1.9,1.8,1.7,1.6,1.6,1.7,1.6,1.5,1.5,1.6,1.6,1.6,1.7,1.7,1.7,1.6,1.6,1.6,1.7,1.7,1.7,1.7,1.7,1.8,1.7,1.7,1.8,1.7,1.7,1.8,1.6,1.7,1.8,1.7,1.7,1.7,1.8,1.7,1.8,1.7,1.7,1.8,1.8,2
22,LA,441,3.6,3.5,3.6,3.9,3.8,3.7,3.9,4.1,4,4,4.1,3.8,4,4.2,2.9,2.9,4.1,4.4,4.4,4.2,4.7,4.8,4.4,4.8,4.7,4.4,7.5,8.7,5.7,5.1,5.1,5,4.8,4.9,5.2,5,5.2,5.3,4.4,4.5,4.2,4.4,4.4,5.1,4.9,4.7,4.7,4.7,4.2,4.1,4.1,4,4.4,4.5,4.4,4.4,4.4,4.3,4.5,4.7,4.2,4.6,4.3,4.5,4.2,3.9,4.3,4.3,4.1,4.5,4.8,4.7,4.3,4.1,4.7,4.8,4.3,4.6,4.5,4.5,4.8,4.4,4.5,4.8,4.6,4.6,4.5
22,LA,442,4.7,4.6,4.6,4.8,4.7,4.4,4.7,4.6,4.9,4.6,4.8,4.5,4.5,5,3.4,3.7,3.9,5,4.4,4.4,5,4.5,4.3,5.4,5.7,5.3,8,S,8,6.3,5.5,5.5,5.8,5.7,5.8,6.1,4.6,4.9,4.4,4.4,4.6,4.7,4.3,4.7,4.6,4.7,4.6,4.7,5.5,5.1,5,4.8,5.1,5.3,5.5,5.8,5.5,5.5,5.7,5.5,4.3,4.2,4,4.6,4.6,4.7,5,4.8,4.7,5,4.8,5.1,5.6,5.2,5.6,5.6,5.3,5.8,6,5.5,6,5.8,5.5,5.7,6,5.6,5.6
22,LA,443,9.8,9,8.9,9.4,9.8,9.7,10.6,10,10.4,10.5,10.3,10.6,12.3,11.8,12,5.1,5.2,11.4,10.5,10.5,10.5,11.4,10.3,10,10.2,8.5,13.8,19.8,13.3,12.3,10.1,8.9,9.6,8.5,7.5,18.5,7.4,6.9,7.2,7.1,7,6.7,6.3,6.3,6.6,4.9,4.7,14,8.4,7.1,7.1,6.6,7.1,7.4,6.9,7.2,7.1,6.7,7.1,1,7.2,7.5,6.9,7.4,7.3,7.4,7.4,7,6.8,6.7,6.8,7.7,8.5,6.9,7.4,7.5,8.1,8.5,8.6,8.3,8.8,9.5,7.7,8.2,9.2,7.7,8
22,LA,444,4.3,3.8,3.9,4,3.7,3.8,3.8,3.7,4.1,3.8,4,4,3.5,3.8,4.1,4.3,4.1,4.5,4.1,3.9,4.2,4,4.4,4.5,4.4,4.2,5.6,5.8,4.5,4.4,4.1,4.1,3.9,4.1,5,4.5,4.5,4.8,4.5,4.1,4.5,4.5,4.5,4.7,4.4,4.6,4.7,4.2,4.3,4.4,4.1,4,4.3,4.1,4.2,4.2,4,4.3,4.8,4.4,4.4,4.7,4.2,4.8,4.4,4.4,5.3,4.2,4.8,5.1,4.7,4.9,5.2,4.5,4.8,4.7,4.6,4.8,5.1,4.2,4.9,4.7,4.7,5.1,4.8,4.6,4.7
22,LA,445,3.1,3,3.1,3.2,3.2,3.2,3.3,3.3,3.1,3.1,3.2,3.2,2.9,3.1,3.5,3.4,3.6,3.5,3.4,3.2,3.3,3.3,3.3,3.3,3.3,3.1,2.7,2.9,2.9,3.2,3,2.9,3.3,3.3,3.2,3.4,3,3.1,3.3,3.3,3.3,3.4,3.2,3.2,3.1,3.2,3.2,3.2,2.9,3,3,3,3,3,3,3,3,2.9,2.9,2.9,2.9,3,3,3,3,3,3,3.1,3,3.2,3.2,3.2,3,3,3.1,3.1,3.2,3.1,3.3,3.2,3.1,3.2,3.2,3.1,3.1,3.2,3.2
22,LA,446,1.7,1.8,1.9,1.9,1.8,1.8,1.8,1.8,1.9,2,1.7,2.1,1.9,1.9,2.1,1.8,1.6,1.9,1.9,1.8,2.2,2.4,1.8,2,1.5,1.5,1.6,2,1.8,1.9,1.7,1.7,1.7,1.6,1.7,1.7,1.9,1.8,1.8,1.7,1.7,1.8,1.7,1.8,1.8,1.8,1.7,1.8,1.9,1.8,2,1.8,1.8,2,1.8,1.9,1.9,2,1.8,2,1.6,1.7,1.5,1.5,1.4,1.6,1.7,1.6,1.7,2.1,1.8,2,2.1,1.9,1.8,2,1.6,2.1,2.5,1.9,1.9,2.7,2,2.6,2.4,2.1,2.3
22,LA,447,2.7,2.8,2.9,3.4,2.9,2.8,3.1,2.8,2.8,2.8,2.9,3.1,3,3,2.3,1.8,1.9,2.2,2.2,2.3,2.3,2.3,2.2,2.4,2.3,2.5,3.8,5,5.1,3.5,3.4,3.5,3.6,3.7,4,3.9,3.5,3.9,4.1,4.2,5.1,4.2,4.1,3.7,3.8,3.3,3.4,3,3.5,3.2,2.9,3.1,2.8,2.6,2.7,3,3.6,3.1,3,3.1,3.2,3.3,3.5,3.6,3.5,3.3,3.3,3,3,3.1,3.3,3.4,3.4,3.1,3.3,3.2,3.3,3.4,3.4,3.3,3.2,3.5,3.8,3.5,3.4,3.5,4.9
22,LA,448,4,3.8,3.4,3.8,3.4,3.6,3.7,4.8,4,3.7,3.9,4.1,4.1,3.9,2.3,4.4,S,S,3.7,4.4,4.6,4,4.1,4.1,4.9,4,10.6,30.3,11.2,7,5.8,S,S,5.4,6.1,5.1,5.6,6.3,4.7,5.1,4.4,4.3,4.7,5.5,6.6,4.8,5,5.5,5.5,5.5,4.7,4.4,4.8,5,4.9,5.3,4.9,4.6,5.1,5.3,4.5,4.7,4.1,4.3,4.3,4.8,4.3,4.1,4.3,4.4,4.7,4.9,4.8,4.2,4.2,4.8,4.4,4.4,4.6,5.1,4.7,4.3,4.9,5.1,5.9,5.1,5.4
22,LA,451,9.4,6.8,5.6,7.1,6.9,7.4,7.6,7.5,7.3,7.7,7.2,7.3,8.7,7,6.6,S,15.3,10.7,9.2,8.3,8.2,8.9,8,8.1,10.1,7.9,S,S,S,S,7,S,S,S,S,6.9,7.6,7.1,5.3,7.3,6.2,6.5,6.5,8.2,7.3,6.9,8.2,7.1,7.2,6.7,5.8,5.7,5.5,6.2,6.1,5.8,5.8,5.8,6.8,5,8.4,7,6,5.9,5.9,6.6,6.4,6.2,6.5,7.5,7.7,7.4,8.9,6.4,6.1,6.8,6.2,6.8,7,6.6,7.1,6.8,7.7,7.1,10,7.4,7.1
22,LA,452,2.3,2.2,2.1,2.5,2.5,2.4,2.7,2.8,2.4,2.9,2.7,2.6,2.5,2.7,3.3,2,S,5.2,4.1,4.8,3.9,4.3,4.5,3.7,3.1,2.6,3.5,5.2,S,3.2,3.1,S,3,3.6,4.1,3.2,2.8,3.1,2.6,2.8,2.7,2.5,2.7,4,3.4,3.1,3.2,2.7,2.6,2.4,2.4,2.6,3.2,3.4,3.2,3.3,3.4,3.5,2.9,3,3,2.9,3.2,3,3.3,3.8,3.6,3.5,3.6,4,3.4,3.4,4,3,2.8,4.5,3.3,3.3,3.7,4.6,3.3,4.4,3.9,3.5,4.5,3.8,4.7
22,LA,453,3.7,4.2,3.7,4.1,4.3,4.1,4.3,4.1,4.3,4.9,4.2,4.4,5.1,5.2,4.6,4.1,S,5.8,5.4,4.8,5.6,6.2,4.8,5.8,5.5,4.7,7.6,S,9.2,6.8,5.8,5.6,6.4,6.9,5.4,5.6,6.1,5.8,5.2,5.3,5.5,5.6,5.1,5.6,5.1,5.4,4.5,4.7,4.5,3.9,4.2,4,4.3,4.3,4,4,4.4,5.1,4.4,4.1,4.1,4.5,4.4,5.7,5,4.8,5,4.9,5.1,5.1,4.3,4.7,5.3,4.5,4.7,4.7,5.1,5.7,5.6,5.2,6.4,S,6.5,6,5.9,6.6,6.3
22,LA,TOTAL,1.2,1.2,1.2,1.4,1.3,1.3,1.3,1.4,1.3,1.3,1.3,1.3,1.3,1.4,1.2,1.2,1.9,1.6,1.5,1.5,1.5,1.6,1.5,1.5,1.5,1.4,1.9,2.6,2.2,1.7,1.6,1.7,1.6,1.7,1.8,1.6,1.7,1.8,1.6,1.7,1.7,1.7,1.6,1.8,1.7,1.6,1.6,1.5,1.5,1.5,1.4,1.4,1.5,1.5,1.4,1.5,1.6,1.5,1.5,1.5,1.4,1.5,1.5,1.5,1.5,1.5,1.6,1.5,1.5,1.6,1.5,1.5,1.6,1.5,1.6,1.7,1.5,1.6,1.6,1.6,1.6,1.6,1.6,1.6,1.7,1.6,1.8
23,ME,441,6.1,6.1,6.4,6.7,6.6,6.4,6.1,6,6.3,6.2,6.9,6.9,6.6,6.7,4.9,4.6,6.4,7.2,7.2,7,7.9,7.5,6.8,8.2,7.9,7.5,11.8,13.7,8.5,8,7.8,7.7,8,7.9,8.3,8.1,8.3,8.5,7.2,7,6.8,7,7,7.9,7.5,7.6,7.5,7.3,7,6.8,6.7,6.5,7.5,7,7.2,7.2,7.3,7,7.3,7.5,6.5,6.6,6.1,6.3,5.9,5.8,6.4,6.6,5.9,6.6,6.7,7,6.6,6.1,6.7,7.1,6.4,6.5,6.6,6.6,6.9,7,6.4,6.7,6.5,7.4,6.7
23,ME,442,7.5,7.4,7.5,7.6,7.7,7.3,7.4,7.3,7.6,7.5,7.3,7.1,8.5,9.1,6.4,4.9,5.7,8.4,8.1,8.2,9.5,8.8,8,9.5,9.2,8.6,13.3,S,15.3,11,9.2,9,9.3,9.2,9.7,9,8.5,9.3,8.8,8.7,8.8,8.8,8.2,8.7,8.8,8.8,8.4,8.5,9.1,8.4,7.9,7.9,8.4,8.6,9,9,8.5,8.4,9,8.7,7.1,6.8,6.9,7.2,7.4,7.4,8,7.7,7.9,8.3,8,8.4,9,8.4,8.7,8.7,8.4,8.7,9.6,8.7,9.3,9,8.7,9.1,9.6,9,9.1
23,ME,443,17,15.9,16,15.9,16.6,16.5,17.5,16.5,17,17.1,17.4,17.9,18.9,19,16.2,7,7.5,15.8,14.8,17,17,18,16.8,16.2,16.8,15.2,23.1,32.7,28.5,20,18.5,17.2,17.9,15.4,15.4,11.3,16.3,17.9,18.7,18.8,18.6,16.8,16.6,18.6,19.8,15.3,14.7,15.2,18.7,16.5,15.4,13.1,15.2,15.8,14.7,15.6,14.9,14.3,16.9,15.5,17.2,17.9,15.3,16.2,15.2,16.1,16.8,14,13.5,15.4,16,11.2,13.1,11.6,13.3,15,17.9,17.2,17.9,22.2,21.9,18.7,16.7,21.2,22.1,S,21.7
23,ME,444,6.3,5.9,5.7,5.9,5.3,5.4,5.3,5.2,5.5,5.3,5.5,5.5,5.6,6.2,6.5,6.2,6.2,6.8,6.2,6.1,6.5,6.4,6.7,7.1,6.3,6.3,7.5,7.8,6.2,5.9,5.6,5.7,5.4,5.5,6.4,6,6.8,7.2,6.6,6.1,6.5,6.3,6.8,7.1,6.8,6.9,6.8,6.4,6.4,6.7,6.1,5.9,6.2,6.1,6.1,6.5,5.9,6.3,6.4,6,5.8,6.7,6,6.5,6,6.1,6.9,6.5,6.7,7,6.9,6.8,6.6,6.1,6.2,6.1,5.8,6.3,6.4,4.9,6.3,6,5.2,5.9,5.5,5.1,5.7
23,ME,445,4.9,4.9,4.8,5,4.9,4.9,4.8,4.8,4.8,4.9,4.9,4.9,4.5,4.9,5.9,5.3,5.3,5.1,5.2,5,5.2,5.2,5.2,5.4,S,S,S,S,S,S,S,S,S,S,S,S,2.5,2.4,2.6,2.8,2.5,2.6,2.4,2.4,2.6,2.6,2.7,2.8,2.4,2.5,2.6,2.7,2.5,2.6,2.4,2.4,2.6,2.6,2.8,2.6,2.4,2.5,2.6,2.7,2.6,2.5,2.4,2.4,2.6,2.7,2.7,2.6,2.5,2.5,2.6,3,2.7,2.5,2.4,2.5,2.7,2.8,2.7,2.7,2.7,2.7,2.6
23,ME,446,2.4,2.8,3.2,3.3,3,2.9,3,2.9,3.3,3.5,2.8,3.4,3.3,3.2,3.7,3.2,2.8,3.3,3.3,3.1,3.7,3.7,3.1,3.5,2.7,2.5,2.9,3.3,3,3.1,2.8,2.9,2.9,2.8,2.9,3,3.5,3.5,3.3,3.2,3.1,3.3,3.1,3.2,3.4,3.2,3.1,3.2,4,S,S,S,4,S,S,S,S,S,S,3.8,2.7,2.9,2.5,2.6,2.5,2.7,2.9,2.8,2.8,3.4,2.9,3.1,3.6,3.1,2.9,3.3,2.6,3.5,3.9,3.2,3.3,4.2,3.3,4.2,3.8,3.4,3.8
23,ME,447,3.4,3.2,3.5,3.7,3.4,3.2,3.5,3.2,3.3,3.2,3.5,3.8,3.6,3.8,3.3,2.4,2.4,2.8,3,3.2,3.3,3.2,3.1,3.4,2.8,3,3.9,5.9,5.4,5.2,4.7,4.5,4.8,4.3,4.7,4.4,5.4,5.7,7.1,6,7.4,4.9,4.7,4.4,4,4.4,4.3,4,3.9,3.7,3.8,3.4,3.1,3,3.2,3.6,4.7,4.2,3.7,3.7,5.6,6.3,5.2,6.7,6.3,5.8,6,5.4,4.7,4.8,5.3,5.4,5.7,5,6.5,6.3,5.7,5.9,5.8,5.9,6.4,6.2,7,6.7,6.2,6.2,6.1
23,ME,448,2.1,2.4,2,2.3,2.1,2.4,3.1,3.7,2.4,2.2,2.5,2.8,2.6,3.7,1.3,5.2,S,3.6,2.8,3.3,S,S,S,S,S,S,15,S,S,10,7.9,7.1,6.4,6.9,8.4,7.8,7.1,9.3,6.3,6.6,5.9,5.7,5.3,5.4,5.5,5.5,5.5,6.3,7.3,6.8,6,5.5,5.5,5.2,5.4,5.2,5,5.2,5.6,6.3,5.6,6,5.6,5.3,5.4,5.3,5,5,4.7,5.1,5.3,5.1,6.5,5.8,6.3,6.1,6,6,6.2,6.4,6.6,6.8,7.8,7.8,8,8.6,7.9
23,ME,451,4.2,5.8,7.7,8.1,7.7,7.9,7.4,6.5,5.9,5,4.7,4.2,4.6,6.3,5.7,S,S,23.7,17.7,14.1,15.1,S,S,S,20.9,S,20.2,303.7,S,S,S,S,S,S,S,S,S,17.9,13.9,16,15.4,16.3,16.3,17.6,16,17.7,20.6,16.8,15.5,18.6,14.1,14.5,14.7,14.6,13.7,12.7,12.4,12.2,14.6,10.8,18.4,15.3,13.5,12.7,13.3,16.1,14.3,13.6,12.8,16.3,14.2,16.1,19.2,10.6,15.3,15.8,14.2,14.5,16.1,14.7,15.8,15.1,18.8,15.9,18.3,S,16.4
23,ME,452,5.4,5.2,5.2,5.6,5.1,5.2,5.9,6.8,5.7,5.8,5.8,5.5,5.7,6,7,S,10.3,7.6,8,8.1,8,8,7.7,6.6,6.4,5.7,6.7,17.8,11.5,7.2,6,7.2,7.5,7.2,7.3,6.4,5.3,6.1,5.6,5.8,6,5.3,5.5,9.2,6.9,6.5,6.4,5.3,5.7,5.8,5.2,6.1,6.1,6,6.2,7.1,6.8,7.3,6,5.7,6.1,5.8,5.5,5.9,6.3,6.6,6.8,8.1,6.6,7.7,6.4,6.4,7.7,5.6,5.7,6.7,5.6,6.3,6.6,7.9,5.4,6.9,6.2,5.7,7.8,6.8,7.3
23,ME,453,6,6.2,5.9,6.8,7.5,7.1,7.2,6.8,6.9,7.5,7,6.6,8.4,8.9,8.3,8.2,9.5,10,9.2,8.6,9.3,9.2,8.3,8.7,8.8,7.5,10.9,15.7,12.3,10.2,9.5,9.8,9.8,9.7,8.8,8.6,9.8,9.1,8.5,8.3,8.9,8.7,8,7.4,7.3,6.8,6.6,6.8,7.9,7.2,7.2,7.9,8.1,8,9.1,7.9,8.3,9,9.1,6.9,10,10,9.5,12.1,11.2,11.1,10.4,11.2,10.2,10.7,10.6,10.3,10,9.7,11,10.8,10.4,10.9,9.7,11.1,11.6,11,11.6,9.6,10.8,11.4,10.4
23,ME,TOTAL,2,2,2.1,2.1,2,2,2.1,2.1,2,2,2.1,2.1,2.1,2.3,2.1,1.8,2.3,2.4,2.4,2.4,2.5,2.4,2.3,2.4,2.2,2,2.8,3.8,3.1,2.7,2.5,2.5,2.5,2.5,2.6,2.5,2.8,3.1,2.9,2.9,2.8,2.7,2.6,2.9,2.7,2.7,2.6,2.5,2.5,2.5,2.5,2.4,2.4,2.3,2.4,2.5,2.6,2.5,2.5,2.4,2.3,2.5,2.3,2.5,2.4,2.3,2.5,2.5,2.3,2.5,2.4,2.5,2.5,2.3,2.5,2.7,2.4,2.4,2.5,2.5,2.5,2.6,2.4,2.5,2.5,2.7,2.6
24,MD,441,3.4,3.4,3.4,3.5,3.4,3.3,3.5,3.6,3.5,3.6,3.8,3.6,3.7,4,2.7,2.5,3.4,3.8,3.8,3.6,4.3,4.2,3.9,4.2,3.7,3.5,6.1,8,5,4.4,4.3,4.1,4.2,4.1,4.5,4.1,4.6,4.7,4.1,4.1,3.8,4.2,4,4.6,4.4,4.5,4.3,4.4,4.3,4.1,4.2,4.1,4.4,4.4,4.3,4.4,4.6,4.5,4.6,4.6,4.1,4.4,4.1,4.4,4.3,4,4.4,4.3,4.1,4.6,4.8,4.7,4.3,3.9,4.4,4.4,4,4.2,4.2,4.2,4.5,4.1,3.9,4.2,4,4.1,4.1
24,MD,442,5.4,5.5,5.7,5.7,5.7,5.5,5.8,5.5,5.8,5.6,5.5,5.2,6.2,6.6,4.9,4.2,4.3,6.6,6,6.1,7,6.2,5.9,7.1,5.9,5.7,8.3,S,8.8,6.7,5.7,5.6,6.2,5.8,6.3,6.4,5.8,6.5,6,5.9,6.1,5.9,5.8,6.4,6.4,6.3,6,6.1,6.4,5.5,5.5,5.4,6.2,6.1,6,6.4,6.2,6.1,6.8,6.6,6,6.3,6.3,6.4,6.1,6.5,6.9,7.2,7.1,7.4,7.3,7.7,7.7,7.1,7.3,7.4,7.3,7.5,7.8,7.2,7.8,7.7,7.7,8.1,8.2,7.8,7.8
24,MD,443,7,6.8,6.8,6.8,6.9,6.9,7.6,7,7.4,7.2,7.6,7.9,8.7,7.9,8.2,5.2,3.7,8,7,7.1,7,7.4,7,6.5,9.1,7,12.2,14.8,4.8,10.7,7.9,6.5,7,5.5,5.6,15.9,5.9,5.2,6.1,5.9,5.9,5.9,5.4,5.4,5,3.2,3.2,13,7.7,6.7,6.6,6.1,6.4,6.8,6.5,6.7,6.3,6,7.5,3.3,6.1,6.1,5.6,6.1,6.4,6,6.1,5.7,5.2,5.5,5.7,7,6.9,6.2,6.5,6.6,7.1,7.8,7.6,7.3,7.5,6.8,6.2,6.5,7.4,6.1,6.3
24,MD,444,4.4,4,4,4,3.6,3.9,3.9,3.7,4.1,3.9,4.1,3.9,3.7,4,4.3,4.4,4.2,4.6,4.2,4.1,4.4,4.3,4.6,4.6,4.2,4.2,5.5,5.6,4.2,4.2,3.9,4,3.8,4.1,4.8,4.2,4.3,4.5,4.2,3.8,4.2,4.2,4.2,4.5,4.3,4.4,4.5,4.1,4.2,4.4,4,3.8,4.1,4,4.1,4.2,3.9,4.3,4.7,4.3,3.9,4.2,3.6,4.1,3.8,3.8,4.7,3.8,4.1,4.4,4.4,4.5,4.6,3.8,3.9,3.9,3.8,4,4.4,3.5,3.9,3.7,3.9,4.5,4.2,3.8,4
24,MD,445,2.1,2.1,2,2.2,2.1,2.2,2.3,2.2,2.1,2.1,2.2,2.2,2.1,2.3,2.7,2.6,2.8,2.7,2.6,2.6,2.5,2.6,2.5,2.6,2.2,2,1.8,2,2.1,2.3,2.1,2.2,2.3,2.3,2.2,2.4,2.2,2.2,2.4,2.5,2.4,2.4,2.4,2.3,2.3,2.3,2.2,2.4,2,2.2,2.3,2.2,2.2,2.2,2.2,2.3,2.2,2.2,2.3,2.3,2.2,2.3,2.4,2.3,2.4,2.4,2.5,2.4,2.4,2.5,2.6,2.4,2.3,2.3,2.4,2.5,2.4,2.4,2.5,2.5,2.5,2.5,2.5,2.4,2.3,2.3,2.4
24,MD,446,1.5,1.7,1.8,1.7,1.8,1.7,1.7,1.8,1.9,2,1.7,1.9,1.8,1.9,2,1.7,1.7,1.8,1.9,1.8,2.1,2.1,1.8,2,1.4,1.4,1.6,1.9,1.8,1.8,1.5,1.6,1.7,1.5,1.7,1.6,1.8,1.8,1.6,1.6,1.6,1.7,1.5,1.8,1.7,1.6,1.7,1.7,2,2,2.1,1.9,1.9,2,1.8,2,2,2.1,2,2,1.6,1.7,1.6,1.6,1.5,1.6,1.8,1.8,1.9,2.5,2,2.1,2.5,2.3,2.1,2.3,1.7,2.5,3.3,2.3,2.4,3.8,2.5,3.3,3,3,3.2
24,MD,447,3.5,3.5,4.1,3.9,3.6,3.4,3.6,3.4,3.5,3.4,3.5,3.7,3.7,3.7,2.9,2.4,2.4,2.8,2.9,3,3.1,3,2.9,3.1,3,3.2,4.9,6.3,5.7,4.6,4.4,4.3,4.5,4.7,5,4.7,4.5,4.8,5,5.2,7.1,5.3,4.9,4.5,4.5,4.1,4.2,3.8,4.3,4.1,3.4,3.4,3.2,3,3.3,3.7,4.2,3.7,3.6,3.6,4,4.2,4.3,4.4,4.4,4.2,4.2,3.8,3.8,3.9,4.1,4.3,4.5,4.1,4.3,4.1,4.3,4.3,4.3,4.3,4,4.4,4.7,4.5,4.3,4.4,5.8
24,MD,448,4.2,4.1,3.9,3.8,3.6,3.7,4,4.4,3.7,4.1,4.2,4.1,4.6,4.6,2.2,S,S,4.8,4.2,4,3.9,4,3.8,3.9,4.8,4.1,11.9,S,S,10.3,6.3,6.1,5.4,5.6,6.9,5.8,6.1,7.2,5.6,5.5,4.7,4.5,4.6,4.9,4.5,4.5,4.6,4.7,5.1,4.5,4.3,4,3.8,4,4.3,4.3,3.8,3.8,4.4,4.3,4.4,4.7,4.4,4.1,4.2,4.2,4.3,4.3,3.8,4.2,4.6,4.1,4.7,4.4,4.5,4.6,4.4,4.6,5,5,4.9,5,5.6,5.5,5.8,5.6,5.5
24,MD,451,4.5,3.8,3.9,4.4,4.2,4.1,4.8,4.5,4,4.9,4.2,4.4,8.8,7.6,5.4,S,S,S,S,9.6,S,S,S,S,11.6,7.2,13.4,S,S,7.9,6.6,10,6.4,7,7.4,6.8,9.5,8.3,5.9,6.5,6,6.5,6.3,8.6,6.7,7.2,7.6,7.1,8.3,7.3,5.6,5.5,5.6,6.2,5.9,6.1,5.7,5.5,6.5,5.3,12.1,8.4,6.7,6.7,7,7.7,7,7.7,6.8,8.5,8.2,8,10.2,6.9,7.1,6.9,6.9,7.6,7.7,7.3,7.6,7.4,8.1,8.2,10.9,8.4,7.1
24,MD,452,2.8,2.6,2.5,3,2.9,2.7,3,3.2,2.7,3.2,2.9,2.7,3.1,3,3.1,S,4.1,3.1,3.5,3.5,3.5,3.8,3.3,2.9,3.5,3.2,4,7.3,6.6,4,3.4,5.5,4,4.2,4.2,3.6,3.5,4.2,3.7,3.7,3.8,3.5,3.3,5.5,3.9,4,3.5,3.4,3.8,3.3,3.6,4.2,4,4.8,4.4,4.3,4.5,4.9,3.9,4.2,3.4,3.2,3.7,3.9,4.4,5.1,4.2,4.4,4.4,5.1,3.9,4.3,4.2,3.2,3.1,4.1,3.3,3.7,3.5,4.4,3.5,4.4,3.8,3.5,4.7,3.9,4.7
24,MD,453,3.7,3.9,3.7,3.9,3.9,3.9,4,3.7,4,4.7,3.8,3.9,4.2,4.4,3.6,3.5,4.6,4.5,4.1,3.7,4.2,5.3,3.5,4.2,3.8,3.6,6.1,11.2,7.9,5.6,5.4,4.6,4.9,5.4,4.2,4.2,5,4.9,4.4,4.6,4.8,5.1,4.7,4.6,4.3,4.6,3.8,3.8,7.4,6.9,6.6,6.4,6.2,6.5,7.1,6.5,6.4,6.7,7.2,S,5.7,6.2,5.9,6.2,6.2,6.3,6.1,6.5,6,6.6,6.8,6,6.2,5.8,6.2,6.2,6.9,7.2,6.6,6.5,6.8,6.9,7.1,6.8,6.8,6.9,6.7
24,MD,TOTAL,1.4,1.4,1.4,1.5,1.4,1.4,1.5,1.5,1.4,1.5,1.5,1.4,1.5,1.6,1.3,1.1,1.4,1.6,1.6,1.6,1.7,1.7,1.5,1.6,1.5,1.5,2,2.8,2.2,1.9,1.7,1.8,1.8,1.7,1.8,1.7,1.8,1.9,1.8,1.8,1.8,1.8,1.7,1.9,1.8,1.7,1.7,1.6,1.7,1.7,1.7,1.6,1.6,1.7,1.6,1.7,1.7,1.7,1.7,1.6,1.6,1.7,1.6,1.7,1.7,1.6,1.7,1.7,1.6,1.8,1.7,1.7,1.7,1.6,1.7,1.8,1.6,1.7,1.7,1.7,1.7,1.7,1.6,1.7,1.7,1.7,1.8
25,MA,441,3.6,3.5,3.4,3.5,3.4,3.2,3.5,3.6,3.5,3.6,3.6,3.5,3,3.1,2.6,2.2,3.2,3.6,3.6,3.4,3.9,3.8,3.5,3.9,3.9,3.7,5.9,8.7,5.2,4.5,4.3,4.2,4.3,4.3,4.6,4.5,4.6,4.7,4,4,4,4.2,4.1,4.8,4.6,4.5,4.5,4.6,4.2,4,4.1,4,4.1,4,4,4.1,4.1,4,4.1,4.2,3.6,3.9,3.6,3.9,3.6,3.4,3.7,3.8,3.5,3.8,4,3.9,3.8,3.5,4.1,4.1,3.7,3.9,3.8,3.9,4,3.8,3.7,4,3.7,3.9,3.9
25,MA,442,5,4.9,5.2,5.2,5.1,4.9,5.2,5.1,5.3,5.2,4.9,4.7,5.4,6,4.4,3.2,3.5,5.7,5.3,5.4,6.1,5.7,5.1,5.9,5.1,5.4,7.9,31.8,10,6.7,5.4,5.5,6.1,5.2,5.4,5.9,5,5.6,5,5.1,5.2,5.1,4.9,5.1,5.3,5.3,5,4.9,6,5.4,5.2,5.2,5.6,6,5.9,6.2,6,5.7,6.1,5.9,4.8,4.9,4.7,5.1,5.1,5.4,5.9,6.1,6.1,6.3,6.1,6,6.5,6,6.4,6.3,6.2,6.3,6.6,6,6.6,6.4,6.2,6.1,6.9,6.3,6.7
25,MA,443,6.6,6,6,6.2,6.2,6.2,6.9,6.2,6.6,6.6,7.2,7.4,7.3,6.6,7.3,3,2.8,7.2,6,6,5.9,6.3,6.1,6,9.2,6.9,13.5,25.8,14.5,12,8.8,6.7,7.3,6.4,7.4,14.1,7.6,6.4,6.5,6.3,6,5.6,5.4,5.4,5.6,4.2,4.6,10.6,8.2,6.4,6.2,5.5,5.9,6.2,5.8,6.2,6.2,5.9,7,2.3,6.8,6.6,6,6.2,6.3,6.3,6.5,6.1,5.8,6,6.4,7.8,6.4,5.7,6.3,6.6,7.8,7.8,8,7.8,7.8,7.3,6.7,6.7,8.8,7.4,7.2
25,MA,444,3.9,3.6,3.6,3.6,3.4,3.6,3.6,3.4,3.9,3.7,3.9,3.7,3.5,3.9,4.1,4,3.8,4.2,4,3.9,4.1,4.1,4.4,4.4,4.1,4.1,5.3,5.7,4.2,4,3.9,3.8,3.7,3.7,4.3,4,5,5.2,4.9,4.3,4.6,4.6,4.7,5.1,5,5.1,5,4.7,4.3,4.5,4.1,3.9,4.2,4.1,4.2,4.4,4.2,4.5,4.7,4.4,4.1,4.5,4,4.5,4.1,4.3,4.9,4.2,4.6,4.9,4.6,4.6,4.8,4.4,4.6,4.5,4.2,4.7,4.7,3.8,4.6,4.4,4.3,4.8,4.5,4.1,4.3
25,MA,445,1.5,1.6,1.5,1.6,1.6,1.6,1.6,1.6,1.5,1.6,1.7,1.7,1.5,1.6,1.8,1.7,1.8,1.7,1.8,1.7,1.8,1.8,1.8,2,1.5,1.5,1.2,1.3,1.6,1.6,1.6,1.5,1.7,1.6,1.6,1.8,1.4,1.4,1.5,1.6,1.5,1.6,1.6,1.5,1.5,1.6,1.6,1.7,1.2,1.4,1.5,1.5,1.5,1.5,1.4,1.4,1.4,1.4,1.5,1.6,1.4,1.4,1.5,1.4,1.5,1.6,1.5,1.5,1.5,1.6,1.6,1.7,1.5,1.4,1.5,1.7,1.6,1.6,1.7,1.6,1.6,1.7,1.7,1.6,1.6,1.5,1.6
25,MA,446,1.2,1.3,1.4,1.5,1.3,1.3,1.3,1.3,1.5,1.6,1.2,1.4,1.4,1.4,1.6,1.4,1.3,1.4,1.4,1.4,1.6,1.7,1.4,1.5,1.1,1.1,1.2,1.4,1.3,1.3,1.2,1.2,1.2,1.2,1.2,1.3,1.4,1.4,1.3,1.4,1.3,1.4,1.3,1.3,1.4,1.3,1.3,1.6,1.4,1.5,1.5,1.5,1.4,1.5,1.4,1.5,1.5,1.5,1.5,1.7,1.2,1.3,1.2,1.2,1.1,1.2,1.3,1.3,1.4,1.6,1.4,1.6,1.7,1.5,1.4,1.6,1.2,1.7,2,1.5,1.6,2.3,1.7,2.2,2,1.8,2
25,MA,447,2.4,2.7,2.6,3,2.7,2.6,2.5,2.5,2.5,2.5,3.1,3.3,3,3.2,2.7,1.9,2,2.3,2.6,2.8,2.8,2.8,2.6,3,2.1,2.3,S,S,S,4.7,4,3.7,4.1,S,S,S,3.7,3.9,S,S,5.8,S,S,S,S,3.1,3,2.9,S,S,S,S,S,S,S,S,3,2.5,S,S,4.1,5,S,4.6,4.5,4.1,4.3,3.8,S,3.1,3.4,4,4.8,4,6.4,6.2,4.9,5.2,5.1,4.9,S,5.3,6.4,5.9,5.3,5.1,S
25,MA,448,4,4.3,3.9,3.5,3.3,3.6,4,4.6,3.8,4,4,4.1,4.6,5,2.3,S,S,4.5,4,4,3.9,3.9,3.7,3.8,4.6,4.3,12.8,S,S,11.9,6.5,5.8,5.1,5.5,6.8,5.6,5.6,6.6,5.7,5,4.2,4.1,4.3,4.5,4.1,4.1,4.2,4.4,5.6,4.6,4.4,4,3.8,3.9,4.1,4.3,3.6,3.7,4.3,4.1,4.1,4.5,4.1,3.8,3.7,3.8,3.8,4,3.3,3.8,4.3,3.7,4.6,4.3,4.6,4.4,4.1,4.3,4.6,4.8,4.5,4.6,5.3,5.2,5.4,5.5,5.2
25,MA,451,5.5,5.5,4.5,4.3,4.8,4.8,5.2,6,3.9,4.9,4.9,4.3,7.8,6,4.8,S,S,7.9,7.6,6.2,8.1,9.4,7.6,7,13.1,8.4,14.3,S,S,9.1,6.8,S,7.9,9.1,8.3,8,10.5,7.5,5.3,5.2,5.3,5.8,5.7,8.9,5.9,6.8,7.4,6.3,13.5,10,6.5,6.2,6.6,6.8,6.5,8.6,6.5,7.4,8.6,6.6,11.5,7.3,6,5.4,5.7,6.6,5.9,7.2,5.9,7.2,6.9,7,10.9,7.4,7.1,6.8,6.9,7.7,7.3,7.6,7.3,7.8,8.7,8.1,12.7,9.2,7.2
25,MA,452,3.4,3,2.8,3.2,3.1,3.1,3.4,3.7,3.3,3.4,3.1,3.1,3.6,3.5,3.5,S,3.8,3.4,4.2,3.8,3.9,4,3.7,3.1,3.9,3.5,4.3,8.8,7.3,4.8,3.7,5.2,4.4,4.5,4.3,3.8,3.6,3.9,3.7,3.6,3.7,3.5,3.5,4.9,4,3.8,3.6,3.6,3.9,3.6,3.6,4.1,4.2,4.6,4.3,4.3,4.3,4.6,4,3.5,3.3,2.9,3.2,3.5,3.9,4.4,3.7,4.2,3.9,4.3,3.4,3.7,3.8,2.9,2.9,3.4,2.7,3.4,3.3,4.2,3.4,4.2,3.8,3.5,5.6,4.5,5.3
25,MA,453,3.4,3.4,3.1,3.6,4.4,4.1,4.2,3.9,4.1,4.8,3.4,3.8,4.9,5,4.5,4.7,5.7,5.7,5.4,4.8,5.5,6.1,4.2,4.7,4.9,4.4,7.1,13.7,10.6,8,7.3,6.4,6.6,6.5,4.9,4.8,5.2,5,4.9,5.5,6.3,6.2,5.7,5.4,5.6,5.4,4.6,5,7.4,6.9,6.2,5.9,6.1,6.4,6.8,6,6,6.9,7.8,5.8,5.4,5.8,5.7,6.6,6.1,6,7,6.5,6.1,6.7,6.8,6.5,5.8,5.5,5.9,6.4,7.3,7.2,7.3,6.3,6.9,6.9,7.1,6.6,6.6,7.2,6.6
25,MA,TOTAL,1.1,1.1,1.1,1.2,1.1,1.1,1.2,1.2,1.2,1.2,1.2,1.2,1.1,1.2,1.1,0.8,1.1,1.2,1.3,1.2,1.3,1.3,1.2,1.3,1.2,1.2,1.5,2.3,1.9,1.6,1.4,1.5,1.4,1.4,1.4,1.4,1.5,1.5,1.5,1.5,1.4,1.4,1.4,1.5,1.4,1.4,1.4,1.4,1.4,1.4,1.4,1.3,1.3,1.3,1.3,1.4,1.4,1.4,1.4,1.3,1.2,1.3,1.3,1.3,1.3,1.3,1.4,1.4,1.3,1.4,1.3,1.3,1.4,1.3,1.4,1.5,1.3,1.4,1.4,1.4,1.4,1.4,1.4,1.4,1.5,1.5,1.5
26,MI,441,3,3.1,3,3.1,3.1,2.9,3.1,3.1,3.1,3.1,3.2,3,3.1,3.2,2.3,2.2,3.1,3.5,3.4,3.2,3.8,3.7,3.4,3.8,3.7,3.5,6.1,7.6,4.6,4.1,4.1,3.9,3.9,3.9,4.4,4.2,4.3,4.4,3.7,3.7,3.5,3.7,3.6,4.1,3.9,3.9,3.8,3.8,3.4,3.3,3.3,3.2,3.5,3.5,3.5,3.6,3.6,3.5,3.8,3.8,3.3,3.5,3.1,3.3,3.2,2.9,3.3,3.3,3.1,3.4,3.6,3.6,3.3,3.1,3.5,3.5,3.2,3.4,3.4,3.4,3.5,3.3,3.2,3.4,3.3,3.3,3.2
26,MI,442,4.4,4.7,4.4,5.2,4.9,5,5.6,5.1,5.2,5.1,5,4.7,5.2,4.2,S,S,S,S,S,S,S,S,S,S,6.4,S,6.1,S,7.3,5.2,4.3,4.2,4.4,4.2,4.4,4.5,4.1,4.3,4.1,4.2,4.2,4.2,4,4.2,4.2,4.3,4.1,4.2,5.7,4.9,4.8,4.6,5,5.3,5.3,5.5,5.4,5.2,5.5,5.5,4.7,4.7,4.6,4.6,4.7,4.7,5.3,5.2,5.2,5.4,5.2,5.4,5.6,5.2,5.4,5.2,5.3,5.4,5.9,5.2,5.8,5.6,5.4,5.7,6.1,5.5,5.8
26,MI,443,6.2,5.4,5.2,5.1,5.2,5,5.6,5.2,5.5,5.3,6,6.2,5.6,5.2,6.3,3.5,2.6,6.7,5.6,5.1,5,5.3,5.3,5.6,9.2,6.2,12.3,S,8,10.5,7.3,5.1,5.6,5.3,6.3,12.1,6.7,5,5.8,5.6,5.4,5.3,5.2,5,5.3,4.4,4.3,2.4,6.2,4.9,4.8,4.3,4.7,4.8,4.8,4.7,4.8,4.8,5.4,3.9,6.8,6.5,6,6.4,6.6,6.4,6.2,5.8,5.7,6.1,5.3,6.9,6.2,5.3,5.6,6,5.9,7.1,7.1,7.2,7.3,5.9,6.2,6.6,8.1,6.2,6.5
26,MI,444,3.5,2.8,2.9,3,2.7,3,2.8,2.7,3.2,2.9,3.1,2.8,2.5,2.9,3.3,3.3,3.1,3.5,3,2.9,3.2,3.2,3.6,3.6,3.2,3.1,4.5,4.5,3.2,3.2,2.9,2.9,2.7,3,3.6,3.2,3.3,3.4,3.3,3,3.3,3.3,3.3,3.4,3.3,3.5,3.6,3.2,3.2,3.4,3.1,3,3.2,3.1,3.2,3.3,3,3.3,3.9,3.6,3.3,3.5,3,3.4,3.2,3.2,3.9,3.1,3.4,3.7,3.6,3.8,3.7,3.1,3.3,3.2,3.2,3.4,3.7,2.8,3.3,3.1,3.1,3.5,3.3,3,3.2
26,MI,445,2.7,2.8,2.6,2.8,2.7,2.7,2.9,2.9,2.7,2.7,2.8,2.8,2.9,2.9,3.5,3.1,3.2,3,2.9,2.8,3.2,3.2,2.7,3,3,2.9,2.7,2.9,2.8,2.8,2.9,3,2.9,2.9,3.5,3,2.9,2.9,2.9,2.9,2.9,3,2.9,2.8,2.8,2.9,3,2.9,3.3,3.2,3.2,3.1,3.1,3,2.9,3.1,3.1,3,3.6,2.9,2.9,2.7,2.7,2.6,2.7,2.7,2.7,2.7,2.7,2.6,3.5,2.6,3,2.8,2.7,2.8,2.7,2.7,2.7,2.7,2.7,3,2.7,2.6,2.8,2.7,2.7
26,MI,446,1.1,1.3,1.4,1.4,1.3,1.3,1.4,1.3,1.5,1.6,1.3,1.6,1.4,1.4,1.6,1.5,1.3,1.5,1.4,1.3,1.6,1.6,1.4,1.6,1.2,1.1,1.3,1.9,1.6,1.5,1.3,1.3,1.4,1.3,1.4,1.8,1.4,1.5,1.3,1.3,1.3,1.4,1.3,1.3,1.4,1.3,1.4,1.9,1.5,1.6,1.6,1.5,1.6,1.6,1.5,1.6,1.6,1.7,1.7,2,1.4,1.4,1.4,1.3,1.2,1.3,1.3,1.3,1.4,1.5,1.4,1.8,1.5,1.4,1.5,1.4,1.3,1.6,1.7,1.4,1.5,1.8,1.5,2,1.7,1.6,1.6
26,MI,447,2.5,2.7,2.8,3.1,2.6,2.5,2.7,2.4,2.5,2.4,2.5,2.7,2.7,2.7,2.1,1.6,1.7,2.1,2.1,2.2,2.3,2.3,2.1,2.4,2.2,2.4,3.9,5,4.4,3.3,3.3,3.3,3.5,3.5,4,3.8,3,3.1,3.3,3.6,4.2,3.4,3.1,2.9,2.9,2.7,2.7,2.4,2.9,2.8,2.6,2.8,2.5,2.3,2.4,2.7,3.2,2.7,2.7,2.8,2.6,2.7,2.8,2.9,2.8,2.6,2.5,2.3,2.5,2.4,2.6,2.7,2.9,2.7,2.8,2.7,2.8,2.8,2.7,2.7,2.6,2.9,3.3,2.9,2.8,2.8,4
26,MI,448,3.6,3.7,3.5,3.4,3.3,3.5,3.8,4.1,3.4,3.9,4,4.1,4.4,4.3,2.2,0.2,S,5.7,4,4,3.9,4,3.7,4,5,4.5,10.9,S,S,7.5,5.7,5.3,4.7,5,6.4,5.3,5.3,5.6,4.7,4.7,4,3.8,4,4.2,4,4,4.2,4.4,4.6,4.5,4,3.9,3.7,4,4.2,4.2,3.7,3.9,4.5,4.6,4.4,4.9,4.2,4.1,4.2,4.3,4.3,4.1,3.6,4,4.6,4.1,4.7,4,4.2,4.3,4.2,4.4,4.5,4.6,4.5,4.7,5.4,5.6,5.4,5.4,5
26,MI,451,7.3,5,4.1,4.7,4.8,4.9,5.3,6.3,5,5.5,5,5.1,7.3,5.7,4.3,S,S,7.1,6.3,6.6,5.9,6.3,5.6,5.7,8.8,6.1,9.8,S,S,6.4,5.4,7.1,5.2,6,7,5.9,8,6.4,4.5,4.5,4.8,4.9,5.2,6.5,5.1,5.6,7,6.1,7.5,5.5,4.8,5,5,5.1,4.9,5.7,5,5.3,6.5,5,7,6,5.1,4.4,4.8,5.7,5.1,5.3,5.1,5.3,5.6,5.9,7.9,5.7,5.8,5.5,5.9,6.6,6,5.8,5.7,6.3,6.5,6.4,8.9,6.9,6
26,MI,452,2.9,2.7,2.6,3,2.8,2.7,3.1,3.1,2.7,3,3,2.8,3.1,3.1,3.3,S,3.6,3,3.4,3.3,3.2,3.3,3.3,3.1,3.6,3.2,4,14.2,6,4,3.5,4.4,3.9,4,4.5,3.9,3.5,3.7,3.8,3.5,3.4,3.3,3.3,4.5,3.7,3.5,3.5,3.4,3.5,3.4,3.3,3.7,3.5,3.5,3.5,3.4,3.3,3.5,3.6,3.7,3,3,3.3,3.7,3.6,4.1,3.7,4,3.9,4.1,3.5,3.8,4,3,3,3.1,3.1,3.3,3.3,3.4,3,3.2,3.2,3.1,4.1,3.3,3.2
26,MI,453,3.7,3.7,3.6,4.2,4.6,4.6,4.4,3.7,4.3,5.3,3.6,4.4,4,3.8,3.5,4.3,6.4,5.7,4.5,3.9,4.9,6,3.6,4.4,4.9,4.1,6.9,11.7,8.8,6,5.4,4.9,5.5,6.7,4.6,5,5.9,5.8,5,5.3,6.2,6.3,5.5,5.4,5.7,6.6,4.1,4.9,S,S,S,S,S,S,S,S,S,S,S,9.6,9,8.7,8.4,10.1,9,8.8,6.6,7.1,7.2,8.6,8.9,8.3,12.8,10.4,10.8,11,10.1,8.9,7.5,7.9,9.7,10.2,10.3,9.4,10.7,10.8,10.9
26,MI,TOTAL,1.2,1.2,1.2,1.3,1.2,1.2,1.3,1.3,1.2,1.2,1.3,1.2,1.3,1.3,1.2,0.9,1.3,1.4,1.4,1.3,1.4,1.4,1.3,1.4,1.5,1.4,2,3,2.1,1.6,1.6,1.7,1.6,1.6,1.8,1.6,1.6,1.7,1.6,1.6,1.5,1.5,1.5,1.7,1.5,1.5,1.5,1.4,1.5,1.5,1.4,1.5,1.4,1.4,1.4,1.5,1.4,1.5,1.5,1.5,1.3,1.4,1.3,1.4,1.4,1.4,1.4,1.4,1.4,1.4,1.5,1.5,1.5,1.3,1.4,1.4,1.4,1.4,1.4,1.4,1.4,1.4,1.4,1.4,1.5,1.4,1.5
27,MN,441,3.3,3.5,3.5,3.6,3.6,3.5,3.7,3.7,3.7,3.8,3.9,3.8,3.8,3.9,2.7,2.5,3.5,3.9,3.9,3.7,4.2,4.2,3.9,4.3,4.2,3.9,6.8,8,5.1,4.5,4.5,4.4,4.4,4.4,4.9,4.6,4.2,4.3,3.6,3.6,3.4,3.6,3.6,4,3.9,3.9,3.8,3.9,3.9,3.8,3.9,3.7,4.1,4,4,4.1,4.1,4,4.2,4.3,3.8,4.1,3.8,4,3.8,3.6,4,4,3.7,4.2,4.3,4.3,4,3.7,4.2,4.2,3.8,4,4,3.9,4.1,3.9,3.8,4.1,3.9,3.9,3.9
27,MN,442,6,5.9,6,6.1,6.1,5.8,6.2,6,6.1,6.1,6.1,5.7,6.4,6.9,4.9,3.8,4.4,6.5,6.2,6.4,7.1,6.6,5.9,7.4,7.2,7.4,10.7,S,11.3,8.5,7.4,7.3,8,7.3,7.4,7.6,6.3,6.7,6.4,6.6,6.8,6.7,6.4,6.7,6.8,6.8,6.4,6.7,7.1,6.6,6.4,6.2,6.5,7,7,7.4,7.1,7.2,7.6,7.2,6.1,6.5,6.3,6.7,6.9,6.9,7.4,7.5,7.3,7.7,7.5,7.4,7.1,6.5,6.9,7.2,7,6.9,7.3,6.8,7.2,7,7.2,7.4,7.7,7.2,7.3
27,MN,443,9.4,8.3,8.3,8.1,7.9,8.1,8.5,8.3,8.8,8.3,9,9,9.4,8.9,8.8,3.8,3.8,8.3,7.8,7.1,7,7.6,7.3,6.5,8.4,6.9,12.1,17.7,11.5,11.2,8.8,7.4,8.4,7.7,6.8,1.1,8.2,7,7.6,7.4,7.4,7.2,7,7,6.9,5.8,5.9,2.9,8.5,7.1,7.1,6.4,6.9,7.3,7.1,6.9,6.9,6.5,8,6.6,7,7,6.2,6.8,6.8,6.7,6.9,6.4,6.1,6.2,6.5,7.3,6.9,6.2,6.8,6.9,7.9,8.1,7.8,7.5,8,7,7.1,7.5,8.3,7.1,7.2
27,MN,444,3.7,3.4,3.5,3.4,3.1,3.4,3.3,3.1,3.5,3.3,3.6,3.5,3.3,3.5,3.9,4.2,3.9,4.1,3.7,3.5,3.8,3.7,4,4.2,3.9,3.7,5,4.7,3.8,3.8,3.6,3.6,3.5,3.7,4.2,4.1,3.9,4.1,4,3.5,3.9,3.8,3.9,4,3.8,3.9,4.2,3.7,3.8,3.9,3.5,3.4,3.6,3.5,3.5,3.6,3.4,3.6,4,3.8,3.6,4,3.8,4.3,3.9,3.9,4.7,4,4.1,4.4,4.6,4.8,4.6,3.9,4.2,4.2,4.1,4.2,4.8,3.4,4.2,4,3.9,4.2,4,3.4,3.6
27,MN,445,3.2,3.1,3.2,3.2,3.2,3.2,3.3,3.2,3.1,3,3.1,3,3.2,3.2,3.6,3.5,3.7,3.4,3.4,3.5,3.6,3.7,3.5,3.6,3.3,3.1,2.8,3.2,3.1,3.2,3.2,3.2,3.2,3.2,3.2,3.2,3.5,3.5,3.5,3.6,3.6,3.6,3.5,3.5,3.5,3.6,3.6,3.5,2.9,2.9,3,3,3,3,2.9,3,3,2.9,3.7,2.9,3.1,3.2,3.1,2.9,3,3,3.3,3.3,3.2,3.2,3.7,2.9,3.2,2.9,2.9,3.2,3,3,2.8,2.9,2.8,3,2.9,2.9,3,3,3
27,MN,446,1.6,1.8,1.7,1.8,1.7,1.7,1.7,1.7,1.9,1.9,1.7,1.9,1.5,1.5,1.6,1.5,1.4,1.6,1.6,1.5,1.7,1.7,1.6,1.7,1.3,1.4,1.5,1.9,1.8,1.6,1.5,1.5,1.5,1.4,1.6,1.7,4.1,3.8,3.6,3.5,3.4,3.8,3.6,3.7,3.7,3.9,3.8,2.6,4.1,4,4,3.8,3.9,4.2,3.8,4.1,4,4.3,4.3,3.4,1.7,1.8,1.7,1.7,1.7,1.7,1.8,1.8,1.8,2.2,2,2.6,2.1,2,2,2,1.7,2.2,2.5,1.9,2,2.8,2.1,3,2.2,2.2,2.3
27,MN,447,2.4,2.5,2.6,3,2.5,2.5,2.5,2.4,2.4,2.4,2.4,2.7,2.6,2.5,2.1,1.6,1.7,2,2.1,2.1,2.1,2.1,2,2.2,2.1,2.3,3.5,4.5,4.2,3.2,3.1,3.2,3.4,3.4,3.7,3.6,2.9,3.1,3.4,3.6,4,3.3,3.2,2.9,2.9,2.7,2.7,2.4,2.9,2.7,2.6,2.7,2.4,2.2,2.3,2.6,3,2.6,2.5,2.7,2.6,2.7,2.9,3,2.9,2.8,2.7,2.5,2.5,2.5,2.8,2.9,2.9,2.5,2.7,2.6,2.7,2.8,2.7,2.7,2.6,2.8,3,2.8,2.7,2.8,3.9
27,MN,448,5.2,4.9,5.1,4.9,4.7,5,5.2,5.3,4.8,5.3,5.6,5.9,5.4,6.6,2.8,0.2,5.3,5.7,4.6,4.7,4.8,4.7,4.5,5.3,5.8,5.4,13.6,S,19.5,10.2,7.9,6.9,6.4,7,9.3,7.3,6.6,7.3,6.3,6.5,5.4,5,5.1,5.3,5.2,5.3,5.3,5.6,6,5.4,5.1,5.1,5,5.1,5.2,5.3,4.9,5.1,5.7,5.8,5.4,5.8,5.3,4.8,4.9,5.1,5.2,5.3,4.6,5,5.6,5.4,5.8,5.4,5.9,5.9,5.9,5.9,6.2,6.1,6.2,6.5,7.3,7.8,6.7,7.1,6.3
27,MN,451,6.6,5.8,5.6,6.2,6.3,6.6,7.1,6.6,6,7.2,6.4,6.6,8,7.7,5.9,8.8,11.5,9.4,8.6,7.3,7.7,8.6,8.1,7.8,9.6,7.4,12.3,18.2,11.9,8,6.9,7.4,6.2,7.1,8.6,7.3,8.4,8.5,6.5,6.6,6.8,7.1,7.4,7.9,7.2,7.5,9,7.9,8.7,7.4,6.6,7.8,7.3,7.7,7.3,7.7,7.2,7.5,8.6,7.1,8.4,8.6,7.9,6.9,7.3,8.4,8,7.4,7.5,7.6,7.9,8.4,9.2,7.6,8.4,8.4,8.5,9.5,8.8,8.5,8.6,9.5,9.1,9.4,10.5,9.2,8.8
27,MN,452,2.3,2.1,2.3,2.4,2.2,2.2,2.5,2.8,2.4,2.6,2.3,2.3,2.3,2.6,2.5,S,4.7,2.7,2.7,2.9,2.7,2.7,2.5,2.3,3.1,3,3.2,4.4,4.8,3.1,2.9,5.4,3.4,3.3,3.3,2.8,3.2,3.4,3.1,3,3.2,2.9,2.8,4.5,3.4,3.3,2.9,2.6,3,3,3,4,3.9,4.7,4,4,4.3,4.7,3.4,4,3.2,3,3.1,3.3,3.6,4,4,4.1,3.9,4.2,3.6,3.7,4.1,3.2,3,4.1,3,3.7,3.3,4.5,3.4,4.3,3.5,3.3,4.2,3.6,4.2
27,MN,453,3.6,4,3.6,3.9,3.8,3.8,4.1,3.8,4,4.8,3.4,3.8,3.8,4.3,3.2,2.2,4.1,4.2,3.9,3.6,4.2,4.9,3.5,4.4,4.2,3.8,6.5,14.8,8.1,5.5,5.3,4.8,5.3,5.8,4.3,4.4,5,4.8,4.3,4.6,4.8,4.8,4.7,4.6,4.3,4.5,3.5,3.9,4.9,4.5,4.4,4.5,4.7,5.1,4.8,4.7,4.9,5,4.9,4.2,4.5,4.7,5.1,5.7,5.4,5.7,6.1,5.6,5.4,5.8,4.7,5.4,5.1,4.6,5.2,5.2,6.3,6.8,6.4,5.7,6.3,6.9,6.1,5.9,5.6,5.6,5.9
27,MN,TOTAL,1.2,1.2,1.3,1.3,1.2,1.2,1.3,1.3,1.2,1.3,1.3,1.3,1.3,1.3,1.1,1,1.4,1.3,1.3,1.3,1.4,1.4,1.3,1.4,1.4,1.4,1.9,2.4,1.9,1.6,1.6,1.7,1.6,1.6,1.7,1.6,1.6,1.6,1.5,1.5,1.5,1.5,1.5,1.6,1.5,1.5,1.4,1.4,1.4,1.4,1.4,1.4,1.4,1.4,1.4,1.4,1.5,1.5,1.5,1.4,1.3,1.4,1.4,1.4,1.4,1.4,1.5,1.4,1.4,1.5,1.5,1.5,1.5,1.4,1.5,1.5,1.4,1.4,1.4,1.5,1.4,1.5,1.4,1.5,1.4,1.4,1.6
28,MS,441,5.1,5,5.1,5.4,5.3,5.1,5.4,5.5,5.5,5.7,5.9,5.6,5.6,6,4.2,4.2,5.7,6.4,6.2,5.9,6.8,7.7,7.1,8.3,7.6,7,11.6,13.2,8.9,8.3,8.2,8,7.7,6.9,7.8,7.4,6.5,6.9,5.7,5.7,5.6,5.6,5.6,6.4,6.1,6.2,5.8,5.6,5.9,5.7,5.7,5.6,6.2,6.2,6.1,6.1,6.2,6,6.3,6.4,6.2,6.6,6.1,6.7,5.9,5.7,6.3,6,5.9,6.6,6.8,6.8,6.1,5.8,6.8,6.7,6.1,6.5,6.2,6.3,6.6,6.2,6.2,6.7,6.3,6.5,6.2
28,MS,442,9.6,9.6,9.5,9.8,9.8,9.7,9.9,9.8,10.3,9.6,9.6,9,9.7,11.5,7.6,6.1,7.4,10.5,9.6,9.8,11.4,9.9,9.1,10.9,13.9,12.7,18.7,S,18.2,13.8,13.4,13.6,13.6,14,13.9,14.6,10.1,10.9,10.2,10.5,10.8,11,10.1,10.9,10.9,10.9,10.4,10.4,10.2,9.4,9.4,8.9,9.4,9.6,9.9,10.6,10.6,10.1,10.6,10,10.3,10.6,10.2,11.1,10.9,11.6,11.9,11.4,11.3,12.3,11.8,12.1,12.5,11.4,12.2,12,12.1,11.9,12.7,11.8,12.9,12.3,11.8,11.8,12.5,12.4,12.5
28,MS,443,11.1,10.3,9.9,10.9,11,10.9,12.7,11,11.7,12,12.5,12.5,10.5,10.8,11.7,4.6,5,11.3,9.8,10.9,11.2,11.6,9.8,11,15.6,11.7,15.1,37.6,21.3,14.8,10.9,9,9.8,9.3,12.1,19.5,10.6,9.9,10.2,10,9.9,9.5,9.3,9.8,10.3,8.3,7.8,3,9.5,8.1,7.7,7.5,8.3,8.4,8.2,7.6,7.8,8.2,8.1,5.5,10.4,11.6,10,11.1,10.6,11,10.6,10.1,10.6,11.1,11.4,10.1,10.9,9.3,10.6,10.8,12.8,12.2,12.5,11.2,12.4,12,11.1,12.4,12.8,11.1,11.3
28,MS,444,5.2,4.7,4.8,5,4.7,4.8,4.7,4.6,4.9,4.6,4.8,5,4.4,4.8,5.1,5.4,5.3,5.7,5.3,5,5.3,5.2,5.5,5.7,5.7,5.4,7,7.2,5.9,5.6,5.3,5.3,5.1,5.3,6.3,5.9,5.5,5.7,5.4,5.1,5.5,5.5,5.4,5.6,5.4,5.5,5.6,5.1,5,5.1,4.7,4.7,5.1,4.8,4.9,4.9,4.6,4.9,5.4,5,4.7,5,4.5,5.2,4.8,4.8,5.7,4.6,5.1,5.4,5.1,5.3,5.3,4.5,4.9,4.9,4.8,5,5.3,4.3,5,4.7,4.9,5.3,4.9,4.5,4.8
28,MS,445,5.8,5.5,5.2,5.2,5.6,5.6,5.4,5.4,5.4,5.7,5.6,5.4,5.1,5.4,6.4,5.9,6,5.6,5.9,5.4,5,5.1,5.3,5.4,6,5.7,4.9,5.4,5.4,5.6,5.6,5.9,6.1,6.6,6,5.9,5.5,5.6,5.5,5.8,5.8,5.9,5.8,5.7,6,5.3,5.5,5.5,4.9,5,5.3,4.8,4.7,4.6,4.6,4.8,5.1,4.9,5.2,4.8,5.1,4.7,4.8,4.7,4.8,4.8,4.8,4.8,4.5,5,5.5,4.5,4.9,4.9,4.9,5.2,5,5.5,5.6,5.1,4.9,4.9,4.7,5.3,4.9,5,5
28,MS,446,1.9,1.9,2,2.1,2.1,2.2,2.3,2.1,2,1.8,2.2,2.9,2.3,2.3,2.7,2.3,1.9,2.2,2.2,2.1,3,S,2.2,2.5,1.9,1.8,2.1,2.5,2.2,2.3,2.1,2.1,2.2,2,2.1,2.2,2.6,2.5,2.4,2.4,2.3,2.4,2.3,2.4,2.5,2.4,2.4,2.5,2.8,2.7,2.9,2.7,2.7,2.8,2.6,2.8,2.8,2.9,2.7,2.9,2.1,2.2,2,2,1.9,2,2.3,2.2,2.2,2.8,2.3,2.5,2.8,2.5,2.4,2.6,2.1,2.8,3.2,2.6,2.7,3.5,2.6,3.4,3.1,2.7,3
28,MS,447,3.1,3.3,3.2,3.8,3.3,3.1,3.3,3.1,3.3,3.1,3.2,3.5,3.8,3.7,2.9,2.3,2.4,2.9,2.9,3,3,3,2.9,3.1,3.4,3.5,5.3,6.4,6.8,5,4.8,5.1,5.3,5.5,5.9,5.6,4,4.4,5.1,5.3,5.2,4.9,4.6,4.3,4.6,4,4,3.4,3.8,3.4,3.1,3.1,2.8,2.7,2.8,3.2,3.5,3.1,3,3.3,3.6,3.8,4,4,4,3.8,3.8,3.4,3.4,3.5,3.8,3.8,4,3.7,3.8,3.7,3.8,3.9,3.9,3.9,4,4,4.3,4.1,3.9,4.1,5.6
28,MS,448,3.9,3.6,3.4,3.6,3.4,3.5,3.3,4.7,4,3.8,4.1,3.9,4,3.9,2.4,S,S,S,3.4,4.2,4.3,4.1,4.4,4,5.3,4.3,10.3,37.4,13,7.6,6,5.3,4.6,5.1,5.9,5,4.9,5.8,4.3,4.1,3.9,3.8,4,4.7,4.4,4.3,4.5,4.8,5.3,4.8,4.5,4.5,4.3,4.7,4.3,4.9,4.6,4.4,5.3,4.6,4.1,4.2,3.8,4,3.9,4.5,3.7,4,3.8,3.9,4.5,4.1,4.7,3.8,4.2,4.5,4.4,4.3,4.3,5,4.4,4.2,4.8,4.7,5.7,5.4,5.5
28,MS,451,12.9,8.9,8.4,9.8,9.3,10,10.5,11.6,9.9,11,9.5,9.6,14.8,10.5,9.2,S,S,14.6,12.1,13.4,12.1,11.7,10.6,10.7,13.6,9.5,S,S,S,10,10.4,11.3,9.3,10.5,11.8,10.2,12,10.9,7.9,9.2,8.4,9.2,8.8,10.8,9,8.9,9.6,9.4,13.4,10.3,9.3,8.8,9.4,9.7,9.5,10.9,9.4,9.4,10.9,9.3,10.8,8.7,7.5,7.3,7.4,8.2,7.6,8,7.7,8.2,8.7,9,11.7,8.6,9,9.2,9.1,9.8,9.5,9.9,9.6,9.9,10.4,10.2,13.7,10.5,9.7
28,MS,452,2.8,2.5,2.4,3,2.8,2.7,3.3,3.3,2.9,3.3,3.1,3.1,3.2,3.3,4.2,2.9,S,S,S,S,5.3,5.3,5.4,4.4,3.8,3.4,3.8,7.4,S,3.5,3.5,S,3.8,3.8,4.5,3.8,2.9,3.8,3,3.2,3.5,2.9,3.3,5.4,3.5,3.6,3.8,3.3,3,3.1,2.8,3.1,3.4,4,3.6,3.7,3.7,4,3.2,3.6,3,3,3.7,3.3,3.6,4.5,4.1,3.8,3.9,4.5,3.7,4,4,3,2.9,4.2,3.2,3.5,3.7,3.9,2.8,3.7,3.2,3.2,3.7,3.3,4
28,MS,453,5,5.6,4.6,5.1,4.9,5.1,5.5,5.1,5.4,6.3,4.9,5.4,5.5,5.8,4.9,4.3,5.1,5.5,5.5,5.1,5.4,5.9,4.9,5.8,5.8,5.3,8.2,12.9,9,7.9,6.8,7.2,7.4,7.2,6.1,5.9,7.2,6.9,5.9,6,6.3,5.9,5.3,5.6,5.3,5.2,4.3,4.5,4.7,3.9,4.2,4,4.5,4.5,4.7,4.6,4.8,5.1,4.4,4.3,5,5.4,5.3,6.8,5.8,6.2,6.2,6.4,6.4,7.3,5.7,5.8,5.5,5.7,6.1,5.7,6.5,6.6,6.5,5.6,6.4,6.5,5.7,6.2,5.6,5.6,6.1
28,MS,TOTAL,1.5,1.4,1.4,1.6,1.5,1.5,1.6,1.6,1.6,1.6,1.6,1.6,1.6,1.7,1.6,1.5,2.8,2.1,1.9,2,2,2.1,2,2,1.9,1.8,2.4,3.4,3.2,2.2,2.1,2.2,2.1,2.2,2.4,2.1,1.9,2.1,1.9,2,2,1.9,1.9,2.1,2,1.9,1.8,1.7,1.7,1.7,1.6,1.6,1.6,1.7,1.6,1.7,1.8,1.8,1.7,1.7,1.7,1.8,1.8,1.9,1.8,1.8,1.9,1.7,1.7,1.9,1.8,1.8,1.9,1.7,1.9,2,1.8,1.9,1.9,1.9,1.8,1.9,1.8,1.9,1.9,1.9,2.1
29,MO,441,3.1,3.3,3.4,3.5,3.3,3.2,3.4,3.7,3.6,3.7,3.8,3.6,3.4,3.6,2.5,2.5,3.4,3.7,3.6,3.5,4.2,4,3.8,4.2,4.2,3.9,6.6,7.7,5.1,4.6,4.4,4.4,4.3,4.6,4.8,4.6,4.9,5.1,4.3,4.3,4.1,4.3,4.2,4.9,4.6,4.7,4.7,4.3,4.1,4.2,4,4,4.5,4.3,4.2,4.5,4.4,4.2,4.4,4.4,4.2,4.2,4.2,4.3,3.9,3.8,4.3,4,4,4.4,4.5,4.7,4.1,3.8,4.5,4.5,4,4.2,4.2,4.1,4.4,4.2,4.1,4.3,4.1,4.2,4
29,MO,442,4.5,4.4,4.4,4.5,4.4,4.3,4.4,4.3,4.7,4.5,4.4,4.2,4.5,5,3.5,3.7,3.5,4.9,4.4,4.4,5,4.6,4.3,4.2,5.4,5.3,8,S,8.4,6.3,5.4,5.4,5.8,5.5,5.8,S,4.8,5.1,4.6,4.7,4.8,4.8,4.7,4.9,4.9,5,4.8,4.8,5.3,4.9,4.7,4.5,4.6,5,5.1,5.5,5.2,5.2,5.4,5.3,4.9,4.8,4.7,5.3,5.4,5.3,5.9,5.7,5.5,5.8,5.5,5.6,5.4,4.9,5.1,5.2,5.2,5.4,5.9,5.3,5.7,5.6,5.3,5.4,5.9,5.4,5.6
29,MO,443,7.9,7.2,7.3,7.6,7.4,7.6,8.7,8,8.1,8.2,8.8,8.9,8.8,8.1,9,4.1,3.8,8.7,7.3,7.4,7.6,8,7.4,7.6,10.7,8.2,12.7,23.1,14.2,12,8.9,7.2,7.6,6.9,8.3,16.7,7.9,6.7,7.2,7.2,7.1,6.8,6.7,6.4,6.7,5.4,5.4,11.8,10.2,8.9,8.4,7.8,8.5,9,8.7,8.3,8.6,8.6,9.6,8.4,8.7,8.9,7.9,8.7,8.8,8.7,9,8.5,8.2,8.2,8.1,9.7,8.4,7.5,8.1,8.2,8.9,9.6,9.5,9,9.3,8.7,8,8.7,9.7,8.3,8.5
29,MO,444,3.2,3.1,3.1,3.1,2.7,3,3.1,3.1,3.5,3,3.5,3.4,3.2,3.5,3.7,3.7,3.7,3.9,3.4,3.4,3.8,3.8,4,4,3.7,3.6,4.8,4.6,3.7,3.7,3.5,3.4,3.3,3.5,4.1,3.7,3.7,3.9,3.6,3.2,3.6,3.6,3.6,3.8,3.7,3.8,4,3.5,3.4,3.5,3.2,3.1,3.3,3.1,3.1,3.1,3.1,3.4,3.8,3.5,3.4,3.7,3.3,3.6,3.4,3.5,4.4,3.9,3.6,3.8,3.9,4.1,4,3.4,3.6,3.6,3.5,3.6,3.9,3,3.6,3.5,3.5,3.6,3.4,3.1,3.3
29,MO,445,3.4,3.3,3.3,3.4,3.4,3.3,3.4,3.5,3.3,3.2,3.2,3.2,3.1,3.4,4,3.7,3.9,3.6,3.6,3.6,3.7,3.6,3.6,3.6,3.4,3.3,2.8,3.2,3.3,3.5,3.4,3.5,3.6,3.6,3.5,3.5,3.2,3.2,3.5,3.4,3.4,3.4,3.4,3.3,3.4,3.4,3.4,3.4,3.1,3,3.2,3.1,3.1,3,3.1,3.1,3.1,3,3.4,3,3.1,3.1,3.2,3.1,3.1,3,3.2,3.2,3.1,3.2,3.4,3,3.2,3.1,3.1,3.2,3.1,3.2,3.3,3.2,3.2,3.2,3.1,3.1,3,3.1,3.2
29,MO,446,1.7,1.8,1.9,1.9,1.7,1.7,1.8,1.7,2,2.1,1.6,2,1.6,1.6,1.8,1.7,1.5,1.7,1.7,1.6,1.9,1.8,1.6,1.8,1.5,1.4,1.7,2.2,1.8,1.8,1.7,1.7,1.7,1.6,1.7,1.8,1.8,1.7,1.7,1.6,1.6,1.7,1.6,1.6,1.8,1.7,1.6,1.8,1.8,1.8,1.8,1.7,1.7,1.8,1.7,1.8,1.8,1.9,1.8,2,1.6,1.7,1.6,1.5,1.5,1.6,1.7,1.7,1.8,2.1,1.8,2,2,1.8,1.8,1.9,1.6,2.1,2.3,1.9,2,2.6,2,2.5,2.2,2.1,2.2
29,MO,447,2.2,2.4,2.4,2.8,2.3,2.5,2.6,2.3,2.3,2.3,2.4,2.6,2.7,2.6,2,1.7,1.8,2,2.1,2,2.2,2.1,2,2.3,2,2.2,3.5,4.4,4.5,3.1,3,3.1,3.3,3.3,3.7,3.5,2.8,3,3.3,3.5,3.5,3.3,3.1,2.8,3,2.7,2.6,2.3,2.7,2.6,2.4,2.3,2.2,2,2.1,2.5,2.8,2.4,2.4,2.5,2.8,3,3.2,3.3,3.1,3,3.1,2.8,2.7,2.8,3.1,3.3,3.2,2.8,2.9,2.8,2.9,2.9,2.9,2.8,2.8,2.9,3.1,2.9,2.8,2.8,4
29,MO,448,3.6,3.7,3.5,3.5,3.2,3.4,3.7,4.2,3.5,3.8,4,4.2,4.2,4.3,2.3,1.4,S,5.9,3.5,4,4.2,3.7,3.7,4.2,5.1,4.2,10.6,127.4,11.3,7.6,6,5.7,5.1,5.4,6.6,5.7,5.6,6.6,4.8,4.9,4.4,4.3,4.7,4.6,4.8,4.5,4.7,5,5.3,5.6,4.6,4.3,4.2,4.4,4.5,4.3,4.1,4.1,4.7,5,4,4.6,4,3.9,4,4.1,4.1,3.8,3.9,4,4.5,4.4,4.8,4.1,4.2,4.4,4.3,4.4,4.5,4.7,4.6,4.6,5.3,5.5,5.5,5.4,5.1
29,MO,451,10.4,7.8,6.7,8.2,8.3,8.8,9.4,9.2,8.2,8.5,8.4,8.5,8.9,8.1,7.1,11.7,17.6,12.1,10.6,9.2,9.2,10.4,9.1,9.4,S,S,S,S,S,S,S,S,S,S,S,S,8.3,7,5.2,6.7,6,6.5,6.6,7.3,6.6,6.6,7.4,6.8,8,8.1,5.8,5.9,6,6.6,6.4,6,6,6.1,7.4,6.4,10.1,6.8,6.1,6,6,6.8,6.3,6.1,6.7,7.5,7.6,7.9,9.7,6.1,6.9,7.1,6.8,7.8,7.5,7.7,8.3,7.6,8.4,9.1,12.5,8.7,7.4
29,MO,452,1.9,1.7,1.7,2,1.8,1.8,2.3,2.3,2,2.4,2,2,2.1,2.1,2.6,S,S,3.7,2.9,3.4,2.9,3,2.9,2.3,2.8,2.3,3,4,3.6,2.8,2.5,4.2,2.9,3,3.1,2.4,2.6,2.7,2.4,2.5,2.8,2.4,2.4,4.3,2.7,2.8,2.7,2.2,2.6,2.6,2.5,3.1,3.1,4,3.3,3.4,3.5,3.8,2.8,3.2,2.7,2.6,2.8,2.9,3.2,3.8,3.7,3.5,3.5,3.9,3.2,3.3,3.4,2.6,2.4,3.1,2.7,2.9,3.1,3.7,2.7,3.5,3.1,2.7,3.7,3,3.4
29,MO,453,3.8,4.5,3.5,3.9,4.1,4,4,4.1,4.1,5,3.7,4.1,4.3,4.7,3.8,4,4.7,4.5,4.3,4,4.5,5.7,3.9,4.7,4.4,4.4,6.5,9.8,7.5,5.3,5.1,4.9,5.2,5.7,4.8,4.8,5.6,5.4,4.8,4.9,5,5.2,5.2,4.8,4.9,4.9,4,4.3,5.4,5.1,5.1,5.1,5.3,5.5,6.5,5.6,5.5,5.9,5.8,5.3,5.9,6.1,5.9,6.4,6.3,6.8,6.7,7.2,6.5,7.3,6.4,6.4,6,5.5,5.9,5.8,6.9,7.2,6.5,6.6,6.6,7.1,6.6,6.4,6.4,6.3,6
29,MO,TOTAL,1.1,1.2,1.2,1.2,1.1,1.2,1.2,1.2,1.2,1.2,1.2,1.2,1.2,1.2,1.1,1,1.5,1.4,1.3,1.3,1.4,1.3,1.3,1.3,1.3,1.3,1.7,2.2,1.9,1.5,1.5,1.6,1.5,1.5,1.6,1.5,1.5,1.6,1.5,1.5,1.5,1.5,1.5,1.6,1.5,1.5,1.4,1.3,1.4,1.4,1.4,1.3,1.4,1.4,1.3,1.4,1.4,1.4,1.4,1.4,1.4,1.4,1.4,1.5,1.4,1.4,1.5,1.5,1.4,1.5,1.5,1.5,1.5,1.4,1.5,1.5,1.4,1.4,1.5,1.5,1.5,1.5,1.4,1.4,1.5,1.5,1.6
30,MT,441,7.5,7.7,7.7,7.8,7.7,7.6,7.9,8.2,7.9,8,8.2,8.2,8.3,8.6,6,5.8,8.2,9.2,8.8,8.4,9.5,9.4,8.8,9.9,9.7,9.3,15.2,17.3,11.3,10.3,10.2,9.9,9.9,10.1,10.7,10.6,10.5,10.9,9.2,9.1,8.7,9,8.9,9.9,9.5,9.2,9.1,8.8,9.1,8.9,8.9,8.7,10,9.7,9.7,9.6,9.7,9.2,9.5,9.6,8.8,9.4,8.6,9.2,8.8,8,9.2,8.8,8.4,9.3,9.7,9.7,8.9,8.6,9.7,9.5,8.7,9.1,9.1,9,9.2,8.7,8.6,9.3,9,8.9,8.7
30,MT,442,9,8.5,8.1,9.4,8.5,8.4,9.1,8.4,9.1,8.9,8.7,8.4,9.6,9.4,9,S,7.2,10.1,9.3,10.3,10.6,10.1,9.9,13.3,10.4,11.7,13.8,S,14.7,11.8,10.1,10,10.5,10.5,10.7,10.2,8.2,8.7,8.1,8.8,8.7,8.9,8.3,8.8,8.6,8.6,8.4,8.7,10.9,10.7,10.9,8.5,9.2,11.5,9.9,10.5,11.5,12.3,11.9,11.4,8.9,8.6,8.2,11.5,11.1,8.7,11.9,10.5,8.6,9.1,8.4,8.5,10.3,10.1,10.5,10,10.4,11.3,11.5,11.3,12.8,12.1,11.6,11.6,11.9,11.3,11.7
30,MT,443,17.3,14.4,14.4,13.6,13.4,13.3,15.2,13.7,14.4,14.4,15.5,15.2,13.6,13,13.2,7.1,6.6,13.1,10.9,12.9,12.6,12.6,11.3,12.1,S,S,18.5,18.7,13.1,14.6,12.1,11.3,11.8,11.3,14,7.1,11.6,11.3,12.6,12.2,12.4,11.8,11.2,12.3,12.6,10.2,10.4,9.9,14,12.9,11.9,11,12.2,12.4,12.1,12.6,11.7,12.3,12.6,13.2,14.5,15.3,13.3,15.3,13.9,14,15.3,14,13.6,13.8,13.2,13.6,14,12.6,13.9,14.5,16.7,16.4,16.9,16.1,17.2,16.7,15.7,17,18.1,16.6,16.9
30,MT,444,6.1,5.8,5.8,6.1,5.6,5.6,5.8,5.6,5.9,5.7,5.8,5.8,5.6,6.2,6.4,6.4,6.8,7,6.6,6.2,6.7,6.3,6.7,7,7.1,6.7,8.2,8.3,7.1,6.6,6.5,6.5,6.2,6.4,7.1,6.8,S,S,S,S,7.9,S,S,S,S,S,S,S,6.4,6.5,6,5.9,6.4,6.1,6.1,6.1,5.9,6.2,6.5,6.1,6,6.4,5.9,6.6,6.2,6,6.8,6,6.4,6.7,6.2,6.3,6.1,5.5,5.9,5.8,5.7,5.9,6.1,5,5.9,5.6,5.4,5.9,5.5,5.4,5.8
30,MT,445,6.3,6,6.2,6.1,6.2,6.2,6.4,6.4,6.1,6.5,6.7,6.4,6.6,6.7,8.3,7.7,8.2,7.5,7.4,7.3,7.6,7.4,7.2,7.3,7.2,6.7,5.7,6.4,6.3,6.5,6.4,6.3,6.7,6.5,6.7,6.9,6.6,6.7,6.9,6.9,6.8,6.8,6.6,6.9,6.7,6.7,7,6.9,6.4,6.5,6.4,6.3,6.4,6.3,6.1,6.4,6.3,6.2,6.5,6.3,6.2,6.4,6.3,6.1,6.2,6.1,6.1,6.1,6.1,6.3,6.7,6.1,6.3,6.1,6.2,6.4,6.1,6,6.1,6.2,6.1,6.3,6.1,6,6.2,6,6.1
30,MT,446,5.1,5,5.1,5.1,4.7,4.5,5,4.8,5.3,5.7,4.6,5.6,5.5,5,5.5,4.9,4.3,5.2,5.2,4.6,5.8,5.6,4.8,5.4,4.7,4.3,5.1,6.3,5.2,5.6,5,5,5.3,4.8,5,5.5,5.2,4.7,4.8,4.6,4.4,4.7,4.4,4.6,5.1,4.8,4.4,5.1,5.9,5.5,5.9,5.4,5.2,5.7,5.2,5.3,5.9,5.8,5.3,6.2,5,5.2,5,4.8,4.5,5,5.2,5.1,5.4,6.2,5.4,6.1,5.9,5.5,5.3,5.5,4.7,6,6.6,5.6,6,7.4,5.4,7,6.5,6.1,6.6
30,MT,447,4.1,4.2,4.6,5.1,4.6,4.4,4.8,4.4,4.5,4.3,4.5,4.9,4.7,4.7,3.8,3,3.1,3.7,3.8,3.7,3.8,3.7,3.5,3.9,3.9,4.2,6,7.9,6.6,5.8,5.7,6.2,6.4,6.7,7.2,6.9,6.3,6.6,7.1,6.9,10.3,7,6.6,6.1,5.9,5.5,5.5,4.9,5.2,5,4.6,4.7,4.1,4,4.1,4.6,5.4,4.8,4.8,4.8,4.8,5,5.1,5.4,5.5,4.9,4.9,4.5,4.5,4.7,4.7,5.2,5.4,5,5.2,5,5.2,5.3,5.1,5.1,5.3,5.2,6,5.5,5.4,5.2,6.6
30,MT,448,6.1,6.2,6,5.9,5.8,6,5.8,5.9,5.8,6.3,6.5,7.1,6,7,3.4,3.5,S,7.4,5,5.1,5.8,6.3,6.3,6.9,S,S,S,S,S,14.5,S,9.5,S,8,9.7,8.7,7.1,8.2,6.4,6.3,5.5,5.2,5.5,5.7,5.8,5.4,5.5,6.1,7.1,6.5,5.8,5.5,5.4,5.5,5.7,5.7,5.3,5.1,6,6.4,4.8,5.4,4.9,4.7,4.8,5,5.1,5.2,5.4,5.8,6.1,5.9,7.2,6.7,7.1,7.1,7.2,7.2,7.1,7.2,7.5,7.7,8.6,8.8,9.1,9.1,8.4
30,MT,451,10.8,10.9,10.2,11.2,11.6,13,12.8,11.6,11.2,13,11.4,12.2,13.6,13.6,11.9,S,S,20.1,16.3,13.3,13.7,14.4,14.3,14.2,15.7,13,20.2,S,S,14.8,11.6,12.5,11.3,12.8,14.8,12,11,12.1,9.3,9.2,9.5,10,10.6,11.1,10,10.7,11.7,11.1,13.2,11.3,10.3,11.8,11.5,11.6,11.1,11.4,10.8,11.8,13.4,10,12.1,12.6,11,10.2,10.5,11.9,11.3,10.2,10.7,11.3,11.7,11.9,12.8,11.1,11.6,12.3,11.9,12.8,12.4,11.6,12,13.3,12.9,13.3,14.8,13.6,12.6
30,MT,452,7,6.3,6.1,7,6.5,6.4,7.1,7.9,6.5,7.3,6.4,6.3,6.6,7.1,6.7,S,S,6.1,5.9,6.3,5.8,6.9,5.5,5.4,8.2,7.8,9.5,13.7,11.5,9.3,8.4,S,9.5,9.8,8.8,7.6,10.8,11,10,9.3,9.4,8.6,9.2,13.5,10.3,9.8,9.4,8.1,8.2,7.9,8,9.9,10.2,11.5,9.9,9.9,10.6,11.6,9.5,10.9,7.9,7.8,7.9,8.6,8.9,11.1,10.4,11.2,10.3,11.3,9.5,9.4,11.2,8.6,8.2,9,8.3,8.9,8.6,10.3,7.9,9.6,8.6,7.9,10.9,9.3,9.4
30,MT,453,8,9.1,8.9,8.7,9,8.6,9.1,8.8,9,10.5,9.2,10.4,9.3,11,8.3,6.3,7.5,8.3,8.8,8,9.3,10.9,7.8,9.6,9.5,8.7,12.3,S,12.9,11.3,10.4,10.1,11,11.7,9.4,9.6,9.6,9.4,8.2,8.5,9.3,8.7,8.3,8.3,8.1,9,7.3,8.1,9.7,7.9,7.6,7.9,7.9,8.2,9,7.7,8.1,8.9,9,8.6,8,8.1,8,9.6,8.7,8.7,9.1,9.1,8.3,8.9,8,8.1,8.2,7.9,8.7,8.4,9.1,9.5,8.9,8.4,9,8.9,10,8.8,9.1,9.3,8.6
30,MT,TOTAL,2.6,2.6,2.7,2.8,2.6,2.6,2.7,2.8,2.6,2.7,2.7,2.7,2.8,2.9,2.5,6.1,2.8,3,2.8,2.8,3,3,2.7,2.9,3.2,3.1,4.1,13.5,4,3.6,3.4,4,3.5,3.5,3.6,3.5,3.7,3.8,3.6,3.5,3.6,3.4,3.3,3.8,3.4,3.3,3.2,3,3.2,3.1,3,3.1,3.1,3.2,3,3.2,3.3,3.2,3.1,3.2,2.9,3.1,3,3.2,3.1,3.1,3.2,3.2,3,3.2,3.1,3.2,3.2,3,3.2,3.2,3,3.1,3.1,3.2,3,3.1,3.1,3.1,3.3,3.2,3.3
31,NE,441,8.5,8.8,8.8,8.3,8.1,7.9,8.7,8.7,8.5,8.6,9,8.6,8.5,8.8,6.1,5.8,7,7.9,7.7,7.3,8.5,8.3,7.6,8.7,8.7,7.8,13.2,15.6,11.4,10.6,10.3,10.2,10.1,10.4,11.6,10.9,9.5,10.4,9.6,9.9,9.4,9.8,9.6,10.9,10.3,10.4,10,9.9,9.5,9.3,8.4,8.1,8.9,8.7,7.6,7.6,7.7,7.5,7.8,7.8,8.7,9.2,8.7,9.1,8.6,8.1,10.4,10.3,9.4,10.8,11.1,10.8,8.1,7.6,9,8.9,8.1,8.5,8.5,8.5,8.6,8.2,8.2,8.5,8.3,8.2,8.3
31,NE,442,22.7,23.2,23,24.5,22.7,22.9,24.4,23.5,23.9,22.8,23.1,21.3,24.4,26.3,20.4,9.7,12.9,23.5,22.1,24.7,28.7,23.9,22.8,29.5,28.5,28.9,37.2,107.9,50.6,30.8,28.8,28.1,27.9,27.7,27.4,27.1,21.3,22.7,20.4,21.8,22.9,22.2,21.3,21.1,22.1,22.3,21.8,22,25.4,21.8,22.5,20,22.3,25.6,22.1,24.9,25.4,25,27.4,26.6,24.9,26.1,26,27.5,28.1,25.5,32.2,32.1,30.2,31.4,31.2,30.3,29.5,27,27.3,27.9,28.7,25.3,27.4,24.5,27.3,26.2,25.5,25.7,29,26.6,27.6
31,NE,443,20.5,19.2,19.3,19.1,19.6,19.1,18.5,19.5,20,19.8,18.7,17.8,21.7,21.5,15.6,4.7,7.1,13.7,15.4,12.8,12.3,14.1,12.7,7.7,18.1,17.2,8.5,S,72.3,67.2,58.4,55.5,58.5,56.6,46.8,52,47,48.6,10.8,8,9.7,10.3,43.8,3.9,44.4,41.9,43.7,42.2,S,S,S,S,S,21.6,S,S,S,S,S,S,18.4,24.2,19.3,21.9,19,19,20.9,18.8,18.6,19.5,S,24.1,18.5,17.3,19.1,18.1,S,17.3,17.6,17.6,18.9,16.5,17.2,19.3,S,S,S
31,NE,444,5.9,5.7,5.4,5.3,5,5.1,5.5,5,5.6,5.4,5.5,5.5,5.4,6.3,6.2,6,6.3,6.6,6.3,6.1,6.5,6.4,6.3,6.8,6.2,6.2,7.6,6.7,6,5.8,5.8,5.9,5.5,5.7,6.3,6,6.9,7.2,6.6,6,6.6,6.5,6.6,7.2,6.8,7,6.6,6.1,6.2,6.5,5.8,5.6,6,5.7,5.8,5.9,6,6.3,6.3,6,6.1,6.6,6.1,6.5,6.3,6.3,7.5,6.6,6.7,6.9,6.1,6.1,6.4,5.9,6.5,6.4,6.2,6.5,6.6,5.7,6.6,6.1,5.8,6.1,6.1,5.7,5.7
31,NE,445,7,6.6,6.8,6.7,6.7,6.8,7,6.9,6.6,6.6,6.9,6.8,6.5,6.7,7.7,7.3,7.6,7.1,7,6.8,7.2,7.3,6.2,7,7.4,7.1,6.3,7.2,7.2,7.4,7.4,7.5,7.6,7.5,8.9,7.7,7.1,7.1,7.3,7.3,7.2,7.4,7.2,7.1,7,7.3,7.4,7.4,6.8,6.6,6.6,6.5,6.5,6.4,6.4,6.5,6.6,6.3,6.7,6.2,6.3,6.5,6.5,6.2,6.3,6.3,6.4,6.4,6.2,6.2,6.7,6.2,6.8,6.3,6.4,6.8,6.5,6.5,6.5,6.5,6.4,7.2,6.6,6.4,6.4,6.3,6.4
31,NE,446,3.3,3.5,3.5,3.6,3.4,3.2,3.4,3.4,3.7,3.9,3.1,3.7,3.1,3.1,3.3,3,2.7,3.1,3.1,2.9,3.4,3.4,2.9,3.3,3.2,2.9,3.5,4.3,3.6,3.7,3.3,3.3,3.5,3.2,3.3,3.7,3.1,3,2.9,2.9,2.6,3,2.8,2.9,3.1,3,2.7,3,3.7,3.6,3.8,3.6,3.5,3.8,3.4,3.6,3.7,4,3.6,4,2.8,3,2.8,2.8,2.6,2.8,2.9,2.9,3,3.5,3,3.4,3.7,3.3,3.2,3.4,2.9,3.6,4,3.3,3.6,4.3,3.5,4.4,4,3.7,4.1
31,NE,447,3.5,3.5,3.7,3.9,3.4,3.3,3.6,3.2,3.2,3.2,3.2,3.7,3.5,3.4,2.9,2.3,2.4,2.8,2.9,2.8,2.9,2.8,2.6,2.9,2.8,3.1,4.4,5.6,5.4,4.2,4.1,4.5,4.7,4.9,5.3,5.1,4.1,4.3,4.9,4.9,5.8,4.8,4.5,4.1,4.1,3.7,3.8,3.3,3.7,3.5,3.2,3.2,2.9,2.7,2.8,3.3,3.8,3.4,3.3,3.4,3.7,4,4.1,4.4,4.3,4.1,4.1,3.8,3.8,3.7,4.2,4.3,4.7,4.1,4.2,4,4.1,4.1,4.1,4.1,4.2,4.1,4.2,4,3.9,3.9,5.1
31,NE,448,6.7,7.1,6.5,6.8,6.6,6.8,6.8,7.1,6.7,7.1,7.2,8.4,7.5,9,3.7,4.5,S,8,6.2,6.8,7.5,6.5,6.4,8.7,8,7.9,18.4,45.7,18.6,12.4,11.2,10.2,10.1,10.2,11.3,12.7,8.9,11.9,8.2,8.9,8.3,7.9,7.5,7.3,8.2,7.7,7.7,9.9,8.4,8.9,7.3,7.1,7.7,7.5,7.2,7.2,7.1,6.8,7,9.2,7.1,8.2,6.9,6.7,7.3,7.2,6.9,6.6,6.9,7,7,8.5,8.5,7.5,7.5,7.9,8.2,8.1,8.2,8.2,8.6,8.6,9.1,11.5,9.5,10.4,8.5
31,NE,451,13.3,12.7,12,14,14.4,16.3,16.2,14.2,14.6,15.1,13.7,14.1,14.3,15.1,12.2,S,22.3,20.5,17.3,14.4,15,16.9,15.3,14.9,16.9,S,S,S,S,S,12.3,11.7,10.7,S,S,12.3,10,11.4,9,10.8,10,10.5,10.7,11.7,10.6,11.2,12.3,10.9,10.8,10.5,8.7,10,9.1,10.2,8.8,8.9,9.1,9,9.4,7.9,14.3,14,10.9,10.8,11.1,13.3,12.1,10.1,11.3,12.8,12.5,10.9,12.9,9,10.4,11.3,9.9,11.6,11.3,10.4,11.4,12.1,11.7,12,14.6,12.2,10.7
31,NE,452,3.5,3.2,3.1,3.8,3.4,3.5,4.2,4.8,3.7,4.3,3.4,3.5,3.3,3.6,3.7,S,7.8,5.3,4.5,5,4.1,4.2,4,3.4,4,3.8,4.3,6.1,6,4.4,4,6.6,4.6,4.6,4.5,3.7,4.8,4.9,4.2,4.2,4.7,4,4.3,7.6,4.7,4.8,4.4,3.8,4.6,4.3,4.3,5.2,5.3,6.8,5.5,5.5,5.9,6.6,4.6,5.5,4.8,4.8,4.8,5.1,5.6,6.7,6.5,6.2,6.1,7,5.6,5.7,6.5,4.6,4.4,5.1,4.7,4.7,5.2,5.8,4.3,5.4,4.7,4.4,6.4,5,5.5
31,NE,453,5.6,5.5,5.5,6.4,5.9,5.9,6.3,6,6.1,6.9,6.1,6,6,5.8,5.5,5.4,6.8,6.8,6.2,5.7,6.3,6.8,4.7,5.6,7.8,7,10.6,15.1,11,8.9,8.5,8.2,8.7,9,7.6,7.4,8,8.3,6.8,6.9,6.9,6.9,6.6,6.6,6.2,6.4,5.2,5.2,6.9,5.8,6.3,6.2,6.9,7,6.6,6.5,6.7,6.9,6.4,6.2,5.6,5.5,6.1,6.5,6.5,6.6,6.6,6.4,6.2,6.9,5.7,5.8,6.3,5.8,6.4,5.9,6.5,6.7,6.4,6.2,6.3,7.4,6.7,6.5,7,6.5,6.1
31,NE,TOTAL,2.5,2.5,2.6,2.6,2.5,2.5,2.7,2.6,2.5,2.5,2.5,2.6,2.5,2.7,2.3,2.1,2.6,2.6,2.5,2.5,2.6,2.5,2.4,2.5,2.7,2.6,3.4,4.7,3.5,3.1,3,3.1,3.1,3.1,3.2,3,2.9,3.1,3.1,3.1,3.1,3.1,2.9,3.2,3,2.9,2.8,2.6,2.8,2.8,2.7,2.6,2.6,2.6,2.4,2.6,2.7,2.7,2.6,2.6,2.7,2.9,2.8,2.9,2.8,2.7,3,2.9,2.8,2.9,3,2.9,3,2.7,3,3,2.8,2.8,2.8,2.8,2.9,2.8,2.8,2.8,2.9,2.9,3
32,NV,441,4.8,4.9,5.1,5.1,5.2,5.2,5.2,5.5,5.4,5.3,5.6,5.4,5.5,5.7,3.9,3.8,5.2,5.8,5.8,5.6,6.4,6.3,5.9,6.4,6.4,6.1,10.6,13.1,8,7.3,7,6.9,6.9,7,7.5,7.3,7.5,7.5,6.6,6.5,6.2,6.6,6.5,7.3,7,7.1,6.9,6.9,7.2,7,7,6.8,7.3,7.1,7.4,7.3,7.4,7.2,7.5,7.4,6.1,6.3,6,6.3,6.2,5.7,6.5,6.5,6.1,6.8,7,7.5,6.5,6.2,7.1,6.9,6.4,6.7,6.6,6.6,6.9,6.4,6.2,6.1,5.8,5.9,5.8
32,NV,442,9,9.3,9.4,9.6,9.8,9.1,9.5,9.2,9.5,9.3,9,8.6,9.7,11.1,7.9,5.2,6.3,9.6,9.3,9.6,10.9,10.1,9.1,11.2,9.8,10.2,14,S,17.3,11.3,10.6,9.9,10.4,10,10.3,10.8,8.8,9.4,8.7,8.9,9.2,8.7,8.6,8.9,9.1,9.1,8.8,8.9,9.4,8.8,8.5,8.3,9,9.1,9.1,9.9,9.7,9.2,9.9,9.6,8.2,7.9,7.9,8.4,8.6,8.6,9.7,9.9,9.9,10.2,9.8,9.8,9.7,8.9,9.4,9.5,9.4,9.1,9.7,8.7,9.8,9.4,9.2,9,10.1,9.2,9.4
32,NV,443,10.3,9.4,9.4,9.9,10.1,10.1,11.2,10.3,10.6,10.9,11.1,10.9,11.9,11.8,11.5,4.9,5.1,10.6,10.4,10.6,10.7,11.4,10.3,10,12.3,10.7,17.1,32.4,22.6,17.7,14.4,13.4,13.4,11.8,10.9,6,11.8,12.1,12.1,12,11.7,11.2,10.9,11.2,10.9,9.1,8.6,8,13.5,12.2,11.8,10.9,11.7,12.4,11.9,12.3,11.7,11.7,13.3,10.7,9.8,10.3,9.3,10.1,10.2,10.2,10.3,9.8,8.8,9.4,9.3,11.1,9.7,9.1,9.9,10.4,11.4,12.2,12.5,12.2,12.1,11.4,10.5,10.4,12,10.8,11.3
32,NV,444,5,4.3,4.5,4.5,4.1,4.3,4.2,4.2,4.6,4.3,4.5,4.4,4.3,4.7,5.1,5.5,5,5.5,4.9,4.7,5,5,5.5,5.5,5,4.8,6.5,6.7,5,5.1,4.6,4.7,4.5,4.8,5.6,5.1,4.8,4.9,4.6,4.2,4.7,4.8,4.6,4.9,4.6,4.9,5,4.6,5.1,5.2,4.8,4.6,5,4.9,4.9,5.1,4.8,5.2,5.7,5.2,5.1,5.3,4.6,5.2,4.7,4.9,5.9,5.2,5.3,5.9,5.6,5.9,5.8,5,5.2,5.1,4.8,5.2,5.5,4.5,5.2,5.1,5,5.4,5.3,5,5
32,NV,445,4.3,4.1,4.2,4.2,4,4.1,4.1,4.1,4.3,4,4.2,4.2,4,4.2,5,4.3,4.9,4.3,4.6,4.4,4.5,4.6,4.4,4.4,4.6,4.3,3.9,4.5,4.2,4.6,4.4,4.5,4.6,4.7,4.7,4.8,4,4,4.1,4.2,4.2,4.4,4.3,4.4,4.3,4.2,4.3,4.2,3.8,4,4,4.1,4,4,4,3.9,3.9,3.8,4,3.9,4,4.1,4.1,3.8,4,4,3.9,4.1,4,4.4,4.4,4,4.3,4.1,4.1,4.4,4.3,4.2,4.3,4.1,4.3,4,4.1,4.1,4.1,4.1,4.2
32,NV,446,2.4,2.4,2.5,2.6,2.3,2.3,2.4,2.2,2.6,2.8,2.2,2.6,2.4,2.4,2.5,2.2,2,2.4,2.4,2.2,2.6,2.7,2.3,2.7,2,1.9,2.4,2.9,2.5,2.5,2.3,2.3,2.3,2.2,2.3,2.4,2.3,2.2,2.2,2.1,2,2.2,2.1,2.1,2.3,2.2,2,2.2,2.4,2.3,2.5,2.3,2.2,2.4,2.2,2.3,2.3,2.4,2.2,2.5,2,2.1,2,1.9,1.8,1.9,2.1,2.1,2.2,2.5,2.1,2.5,2.6,2.2,2.3,2.4,1.9,2.5,2.8,2.4,2.5,3.1,2.5,3.2,2.9,2.5,2.9
32,NV,447,4.2,4.3,4.6,5,4.4,4.2,4.2,4.1,4.4,4.4,4.6,4.9,4.9,4.7,3.7,2.8,3.1,3.6,3.7,3.8,3.9,3.9,3.7,4,3.4,3.6,5.8,7.1,6.1,5.1,5,5,5.2,5.4,5.8,5.6,6.1,6.3,5.9,6.6,7.8,6.8,5.6,5.1,5,4.8,5.6,5,5.5,5.3,4.9,4,3.5,3.3,4.1,4.7,5.2,S,3.9,3.9,4.4,4.2,4.2,4.8,5.3,4.6,4.8,4.9,4.7,4.3,5.1,5.3,4.9,5.2,5.5,4.5,4.7,5.6,5.4,4.6,4.3,4.7,5,4.7,4.6,4.9,6.3
32,NV,448,3.8,4.1,3.8,3.7,3.5,3.6,3.8,4.7,3.8,4,4,4.1,4.3,4.8,2.4,S,S,5.6,3.6,4.3,4.1,3.9,3.7,4,4.4,4.5,11.8,S,S,8.9,6.8,6,5.4,5.5,6.4,5.8,5.4,5.9,5.2,4.9,4.3,4.1,4.1,4.4,4.3,4.1,4.1,4.3,5,4.6,4.4,4.1,4.1,4.3,4.2,4.5,4.2,4.1,4.3,4.4,4.3,4.7,4.3,4.2,4.2,4.4,4.1,4.3,4.1,4.1,4.3,4.1,4.6,4.5,4.6,4.7,4.6,4.7,4.9,5.3,5,5,5.5,5.6,6,5.8,5.8
32,NV,451,9.6,8.5,8.1,8.8,8.9,10.4,10.5,9.9,8.7,10.8,8.9,8.7,11.7,11.1,8.5,S,S,16.3,12.7,11.1,11.3,13.8,13.9,12,15,11.8,22.4,S,S,13,12.5,13.7,12,13.3,14.4,13.2,10.6,10.5,8.6,9.2,9,9.8,9.6,10.6,9.4,10,11.2,9.9,9.4,8.7,7.8,8.5,8.3,9,8.3,7.7,7.9,7.9,9.2,7.5,12,11,9.9,9.6,9.7,11.2,10.1,9.8,10,11.6,11.4,11.3,11.4,9.9,10.3,10.7,9.8,10.6,11.4,10.4,10.5,10.8,11.6,11.9,13.2,11.6,10.6
32,NV,452,4.2,3.9,3.6,4.3,4.2,3.9,4.5,4.7,4.3,4.6,3.9,3.9,4.3,4.3,4.2,S,7.3,4.3,4.1,4.3,4,4.7,4,3.5,4.8,4.8,5.2,7,7.6,5.3,5.1,9.8,5.4,5.7,4.8,4.7,6.1,6.1,5.3,5,5.5,4.8,5.2,7.3,5.4,5.3,5.3,4.6,5.2,5,5.4,6.6,6.9,8.2,7.1,6.9,7.5,8,6.3,7,5.5,5.1,5.5,5.9,6.6,7.5,6.9,7,6.9,7.6,6.3,6.4,6.7,5.6,5.1,5.8,5.8,6.2,6.2,6.7,5.2,6.3,5.5,5.2,7.2,5.7,6.5
32,NV,453,5.3,5.3,5,5.5,6.2,5.9,6,5.7,5.6,6.2,5.3,5.7,6,S,5,5.1,6.1,6.2,6,5.5,6.3,7,5.6,6.8,5.7,5.5,9.6,15.5,12.6,9.4,8.9,7.8,8.5,7.6,6.3,5.8,8.1,7.3,7,7.3,8.5,8.1,7.3,7.5,7.3,7.4,5.7,6.1,S,S,S,S,7.7,8.3,S,7.8,7.8,7.6,S,7.4,7.3,7.5,7.3,9.1,7.7,7.9,8.4,8.7,7.9,8.4,7.5,7.6,7.8,7.3,7.7,8.6,9.4,9.8,9.3,8.3,9.2,9.1,9.1,8.1,9,8.9,8.2
32,NV,TOTAL,1.8,1.8,1.9,1.9,1.8,1.8,1.9,2,1.9,1.9,1.9,1.8,1.9,2,1.7,1.4,2,2,2,2,2.1,2.1,2,2,2.1,2.1,2.9,4.2,3.2,2.6,2.5,2.7,2.5,2.5,2.5,2.4,2.6,2.7,2.5,2.5,2.4,2.4,2.3,2.6,2.4,2.4,2.3,2.2,2.5,2.4,2.4,2.4,2.4,2.4,2.4,2.5,2.5,2.5,2.4,2.4,2.2,2.3,2.2,2.3,2.3,2.3,2.4,2.4,2.3,2.5,2.4,2.4,2.4,2.3,2.5,2.5,2.4,2.4,2.5,2.4,2.4,2.4,2.3,2.3,2.4,2.4,2.5
33,NH,441,6.3,6.5,6.6,6.6,6.6,6.3,6.8,6.9,6.6,6.8,6.9,6.8,6,6.4,4.4,4.1,5.7,6.3,6.3,6.1,6.9,7,6.3,7.2,6.9,6.6,11.2,13.5,8.5,7.7,7.6,7.3,7.2,7.5,8.1,7.8,8.8,9.1,7.6,7.6,7.2,7.6,7.6,8.7,8.2,8.3,8,7.9,7,6.5,6.6,6.4,7.2,7.1,7.3,7.2,7.4,7,7.4,7.4,7.6,8.2,7.4,7.8,7.3,6.8,7.7,7.4,7.2,7.9,8.2,8.3,8.7,8.1,9.2,9.1,8.1,8.5,8.5,8.7,9,8.5,8.4,8.7,8.3,8.9,8.2
33,NH,442,8.3,7.8,8.4,8.5,8.4,8,8.1,8.1,8.4,8.4,8.1,7.7,9.2,10.5,7.1,5.7,6.2,9.2,9.1,8.9,10.4,9.9,8.5,10.6,8.8,8.6,13.4,S,16.2,10.7,9.2,8.9,9.4,8.9,9.1,9,7.4,7.8,7.6,7.5,7.5,7.5,7.2,7.3,7.5,7.7,7.4,7.3,9,8.3,7.9,7.9,8.3,8.7,8.9,9.1,8.6,8.5,8.8,8.5,6.8,6.9,6.8,7,7.1,7.1,7.8,7.6,7.7,8.1,7.6,7.8,8.4,7.9,8.2,8.4,8,8.4,8.9,8,8.9,8.6,8.2,8.3,9.1,8.4,8.7
33,NH,443,12.2,11.6,11.8,11.8,12.3,12.2,12.9,12.4,12.7,12.8,12.6,12.6,14.2,14,12.2,5,5.3,11.6,11.1,11.7,11.9,12.6,11.4,10,11.3,10.1,17.4,28.6,21.8,14.7,12.3,10.5,12.3,10.1,8,23.4,9.4,9.7,10.4,10.3,10.2,9.8,9,9.4,9.2,6.3,5.2,18.2,13.4,11.8,11.7,10.6,11,11.7,11.4,11.9,11.5,10.9,13.1,9.8,11.3,11.7,10.4,11.1,11.2,11.5,11.4,10.5,9.9,10.9,10.7,10.6,10.3,9.4,10.4,11.1,13.3,12.9,13.3,13.6,13.6,12.4,11.3,11.4,13.5,13,12.7
33,NH,444,5.6,5.2,5.1,5.2,4.8,4.9,5.1,5.1,5.3,5,5.3,5.2,5.1,5.8,6.1,5.9,5.8,6.3,5.9,5.7,6.2,6,6.4,6.5,6.2,5.9,7.3,7.5,5.9,5.7,5.4,5.5,5.2,5.4,6,5.7,6.4,6.6,6.2,5.5,5.9,5.9,6.1,6.5,6.4,6.5,6.2,5.8,5.6,5.9,5.5,5.2,5.6,5.4,5.5,5.8,5.4,5.8,6,5.5,5.8,6.3,5.8,6.3,5.7,6,6.7,6,6.5,6.9,6.5,6.3,6.5,5.9,6.2,6.1,5.7,6.2,6.2,5,6.1,5.8,5.3,6.2,5.9,5.3,5.8
33,NH,445,4,4,4,4,4,3.9,4.2,4.3,4.2,4.3,4.2,4.1,3.9,4.3,5.2,4.7,4.8,4.5,4.6,4.3,4.4,4.4,4.5,4.7,2.7,2.4,2.1,S,3,3.1,2.9,3.1,2.9,S,2.9,3,2.3,2.4,2.5,2.6,2.5,2.6,2.3,2.6,2.6,2.6,2.7,2.7,2.3,2.5,2.5,2.5,2.4,2.3,2.5,2.5,2.5,2.6,2.6,2.5,2.1,2.3,2.3,2.3,2.2,2.5,2.4,2.6,2.4,2.6,2.5,2.4,2.4,2.3,2.4,2.7,2.5,2.5,2.5,2.5,2.6,2.7,2.5,2.3,2.5,2.4,2.7
33,NH,446,2.3,2.4,2.8,2.9,2.6,2.5,2.7,2.5,2.9,3.1,2.4,3,2.7,2.6,3,2.7,2.4,2.7,2.8,2.5,3.1,3.1,2.6,3,2.3,2.1,2.6,3,2.7,2.8,2.5,2.4,2.6,2.4,2.5,2.6,2.8,2.6,2.7,2.5,2.4,2.7,2.5,2.5,2.7,2.6,2.4,2.8,3.2,3,3.3,3.1,3,3.3,2.9,3,3.1,3.2,2.9,3.1,2.5,2.5,2.4,2.4,2.1,2.3,2.4,2.4,2.6,2.9,2.5,2.9,3,2.7,2.7,2.8,2.3,3,3.3,2.8,2.9,3.5,2.8,3.6,3.2,2.8,3.1
33,NH,447,3.7,3.8,3.8,4.3,3.9,3.8,3.8,3.7,3.7,3.7,4.3,4.6,4.8,5,4.1,2.8,3.1,3.6,3.9,4.1,4.1,4,3.8,4.3,3.4,3.6,4.6,6.5,6.3,6.4,5.8,5.6,6.1,5.4,5.7,5.4,5.6,5.9,8.2,8,7.8,5.3,5,4.5,4.3,4.8,4.9,4.5,4,3.8,4.1,3.5,3.2,3,3.2,3.7,5,4.4,3.8,3.7,4.6,5.2,3.9,5.3,5.2,4.8,4.8,4.5,3.6,3.6,4.4,4.8,5.4,4.6,6.1,5.7,5.1,5.3,5.2,5.2,6.4,5.5,6.3,5.9,5.5,5.3,5.3
33,NH,448,5.1,5.3,5.1,4.6,4.4,4.5,4.8,5.1,4.5,4.8,4.9,5.1,5.4,5.4,2.9,S,S,6.1,4.3,4.4,4.6,4.6,4.5,4.7,5.4,5,13.5,S,14.8,9,7.2,6.6,5.7,6.1,6.9,6.2,6.9,8.1,6.6,6.4,5.6,5.5,5.4,5.6,5.4,5.5,5.4,5.6,6.3,5.7,5.4,5,5.1,5,5.1,5.3,4.7,4.8,4.9,5,5.1,5.5,5,4.7,4.8,4.9,4.8,4.8,4.3,4.7,4.9,4.5,5.6,5.1,5.6,5.4,5.4,5.4,5.7,6,5.9,5.9,6.7,6.6,7.1,7.1,6.7
33,NH,451,8.4,7.9,5.9,5.9,6.3,6.4,6.7,7.9,6.4,6.4,6.4,6.6,11.1,7.8,6.7,S,S,11.4,10.1,9.6,9.9,9.5,8.3,8.5,15,9.5,15.2,S,12,9.1,8.1,10.7,7.8,8.9,10,8.6,9.6,9.1,7.3,7,7.5,7.8,8.1,9,7.6,8.1,9.6,8.5,10.3,9.1,8.1,8.5,8.4,8.6,8.5,8.6,8.1,8.2,9.7,7.9,11.4,9.8,9,8,8.7,9.8,9,9.2,8.7,10.2,9.4,10,11.1,8.8,10.1,9.7,9.9,10.5,10.5,10,10.1,10.5,11.1,10.6,12.4,12,10.2
33,NH,452,3.6,3.6,3.4,3.9,3.6,3.6,3.8,4.2,3.7,4.1,3.6,3.4,4,4,4.3,S,6.7,5.3,5.5,5.6,5.5,5.7,5.1,4.1,4.9,4.6,5.3,8.7,7.4,4.8,4.5,6.3,5.4,5.5,5.4,4.6,4.8,5.4,4.7,4.9,5.2,4.4,4.6,7.6,5.4,5.2,4.8,4.3,5,4.7,4.6,5.4,5.6,6.8,5.8,5.8,6.1,6.6,5.3,4.9,4.7,4.5,4.6,4.8,5.6,6.7,5.5,6.1,5.6,6.4,4.9,5.2,5.5,3.9,4.5,5.5,4.5,5.4,5,6.3,4.7,5.7,5.1,4.5,7.3,6,6.4
33,NH,453,5.3,5.3,5.1,5.6,5.8,5.6,6,5.6,5.8,6.7,5.4,5.5,6.4,6.6,6.4,5.8,6.4,6.6,6.4,6,6.5,7.4,5.6,6.1,6.5,6,8.7,13.4,10,8,7.6,7.4,7.5,7.6,6.9,6.4,7.3,7.2,6.6,6.7,6.8,6.7,6.6,6.3,6.3,5.9,5.5,5.7,4.9,4.4,4.2,4.1,4.2,4.5,4.4,4.2,4.5,5,4.6,4.1,5.2,5.6,5.5,5.9,6.1,6,6.3,6.1,5.7,6.2,5.9,5.9,5.9,5.7,6,5.9,6.3,6.8,6.2,6.1,6.5,7.5,6.6,6,6.3,6.5,6.4
33,NH,TOTAL,2.3,2.4,2.5,2.5,2.4,2.3,2.5,2.5,2.4,2.5,2.5,2.4,2.3,2.5,2.2,1.9,2.4,2.5,2.6,2.5,2.7,2.7,2.5,2.5,2.4,2.3,3,4.1,3,2.7,2.6,2.6,2.6,2.6,2.7,2.5,3.1,3.3,3.1,3.1,2.9,2.8,2.8,3,2.9,2.9,2.7,2.6,2.7,2.7,2.7,2.6,2.6,2.6,2.7,2.7,2.8,2.7,2.6,2.5,2.6,2.8,2.6,2.8,2.7,2.6,2.8,2.7,2.6,2.8,2.7,2.7,3,2.8,3.2,3.2,2.9,2.9,3,3,3,3,2.9,2.9,3,3.2,3.2
34,NJ,441,2.9,2.8,2.9,2.9,2.9,2.9,3.1,3.1,3,3.1,3.1,2.9,3.2,3.4,2.4,2.2,3,3.5,3.5,3.3,3.8,3.6,3.4,3.9,3.9,3.7,6.5,8.4,5.2,4.4,4.1,4.3,4.3,4.3,4.4,4.3,5.1,5.4,4.4,4.4,4.2,4.4,4.3,4.8,4.6,4.8,4.7,4.7,4.4,4.2,4.3,4.3,4.7,4.6,4.6,4.7,4.7,4.4,4.7,4.6,3.5,3.7,3.5,3.7,3.4,3.1,3.5,3.4,3.3,3.6,3.8,3.7,3.8,3.5,4,4,3.6,3.8,3.8,3.9,4,3.7,3.6,3.7,3.6,3.8,3.7
34,NJ,442,4,3.9,4.1,4,4,3.9,4.1,3.9,4.2,4,3.9,3.7,4.5,5.1,3.5,3.2,2.8,4.6,4.3,4.5,5.3,4.6,4.3,5.3,4.6,4.9,7.5,31,9.2,6.2,5,4.9,5.3,4.9,4.9,5.3,4.2,4.5,4.2,4.1,4.2,4.1,4.1,4.1,4.2,4.2,4.1,4,4.5,3.9,3.9,3.7,4.1,4.3,4.2,4.6,4.3,4.2,4.5,4.4,4.2,4.3,4.1,4.5,4.4,4.6,5.2,5.4,5.3,5.7,5.3,5.5,5.6,5,5.4,5.4,5.3,5.1,5.4,5,5.5,5.3,5.1,5.1,5.7,5.1,5.4
34,NJ,443,7.6,7,7,6.8,6.9,6.8,7.6,7.1,7.5,7.4,7.8,8.2,6.6,6.2,6.4,3.1,2.8,6.5,5.7,5.3,5.2,5.7,5.8,5.2,8.1,5.9,11.6,19.7,11.3,10.3,7.4,5.8,6.3,5.4,6.3,12.7,7.1,6,6.1,5.9,5.6,5.4,5.5,5.3,5.2,4.3,4.8,3,8,6.3,6.2,5.6,5.9,6.2,6,6.1,6.3,6,7.2,4.9,6.7,6.4,5.8,6.2,6.3,6.3,6.2,6,5.5,5.9,6,7.4,6.5,5.6,6,6.4,6.7,7.2,7.3,7.1,7.3,6.8,6.1,6.6,7.9,6.5,6.7
34,NJ,444,3.7,3.1,3.3,3.3,3,3.2,3.1,3.1,3.4,3.3,3.4,3.3,3.1,3.3,3.6,3.7,3.3,3.8,3.5,3.3,3.6,3.5,3.9,3.9,3.6,3.5,4.9,5.1,3.7,3.6,3.3,3.4,3.2,3.5,4,3.7,4.1,4.3,4.1,3.6,4,4,4.1,4.4,4.1,4.3,4.4,3.9,4.1,4.3,3.9,3.7,4,3.9,4,4.2,3.9,4.3,4.6,4.3,4.1,4.5,3.9,4.3,4.1,4.2,5,4.2,4.7,5,4.7,5,5.3,4.6,4.8,4.7,4.5,4.9,5.2,4.1,5,4.9,4.7,5.4,4.9,4.6,4.8
34,NJ,445,2.1,2.1,2,2.2,2.1,2.2,2.1,2.2,2.1,2.1,2.2,2.2,2,2.2,2.5,2.1,2.4,2.3,2.5,2.3,2.4,2.4,2.3,2.4,2.2,2.2,1.9,2.3,2.3,2.3,2.4,2.3,2.4,2.4,2.4,2.4,2.1,2.2,2.3,2.4,2.2,2.3,2.3,2.3,2.3,2.2,2.3,2.3,2,2.1,2.1,2.1,2.1,2.1,2.1,2.2,2.1,2.1,2.4,2.1,2.2,2.3,2.3,2.2,2.2,2.3,2.2,2.3,2.2,2.3,2.5,2.3,2.2,2.2,2.2,2.4,2.3,2.3,2.3,2.3,2.3,2.4,2.3,2.3,2.2,2.2,2.3
34,NJ,446,1.2,1.4,1.5,1.5,1.3,1.4,1.4,1.4,1.5,1.6,1.4,1.6,1.5,1.6,1.7,1.8,1.5,1.6,1.5,1.5,1.7,1.8,1.6,1.8,1.3,1.2,1.4,2.2,1.7,1.7,1.3,1.3,1.5,1.4,1.5,2.2,1.5,1.6,1.4,1.4,1.4,1.5,1.4,1.5,1.5,1.5,1.5,2.1,1.5,1.5,1.6,1.5,1.5,1.5,1.4,1.5,1.5,1.6,1.5,1.7,1.2,1.3,1.2,1.2,1.2,1.2,1.3,1.3,1.4,1.7,1.4,1.7,1.7,1.5,1.4,1.6,1.3,1.7,2,1.6,1.6,2.3,1.6,2.2,1.9,1.8,1.9
34,NJ,447,3.6,3.8,4,4,4,3.9,3.4,3.9,4,3.8,4.1,4.1,4,3.9,3,2.6,2.3,2.8,3,3.2,3.2,3.3,3,3.5,3.3,3.7,6.2,8.7,7.1,5.5,5.5,5,5.3,5.5,5.8,5.2,S,S,5.6,6,S,S,5.9,5.5,5.5,4.9,5.1,4.7,4,3.8,3.4,3.5,3.2,2.9,3.1,3.5,3.9,3.6,3.3,3.5,3.5,3.7,3.8,4,3.9,3.7,3.6,3.4,3.4,3.4,3.7,3.7,3.7,3.4,3.6,3.4,3.6,3.7,3.6,3.6,3.7,3.8,4,3.7,3.6,3.7,5.1
34,NJ,448,3.8,4,3.7,3.4,3.2,3.4,4,4.4,3.4,3.8,3.9,3.9,4.3,4.8,2.2,S,S,3.4,4,4.1,3.5,3.9,3.8,3.8,4.5,4.2,11.6,S,S,S,5.9,5.4,4.8,4.9,5.9,5.2,5.1,6,4.8,4.5,3.7,3.6,3.7,4,3.6,3.6,3.8,4,4.9,4.2,4.1,3.8,3.5,3.6,3.9,4.2,3.4,3.6,4.2,4,4.1,4.4,4.1,3.8,3.7,3.9,3.8,4.3,3.4,3.9,4.3,3.8,4.5,4.3,4.2,4.3,4.1,4.2,4.7,4.8,4.3,4.5,5.2,5.1,5.1,5.2,5.2
34,NJ,451,4.4,3.2,3.7,3.6,4,3.9,4.3,4.6,4,5.1,4.2,4.1,7.8,6.8,4.4,S,S,5.6,6.9,5.7,7,7.5,6.2,6.6,S,7.8,11.5,S,S,10,5.8,10.4,6,7.7,8,6.9,8.6,7.3,4.8,4.9,5.2,5.6,5.5,8.3,5.7,6.4,7.4,6.5,12.9,8.9,6.7,6.6,7.1,7.2,7,8.5,6.7,7.2,9.3,7.4,8.8,6.9,6,5.3,5.7,6.5,6,6.7,5.8,6.3,6.6,6.9,9.3,7,6.7,6.6,6.9,7.6,7.1,7.2,6.8,7.3,7.4,7.6,10.2,7.7,7.1
34,NJ,452,3.1,2.8,2.7,3.2,3,2.8,3,3.2,2.9,3.1,2.9,2.9,3.3,3.2,3.1,S,S,2.7,3.5,3.5,3.4,3.7,3.2,2.9,3.6,3.2,4.2,9.7,7.5,4.4,3.5,5.1,4.2,4.3,4,3.6,3.6,4,3.6,3.5,3.5,3.3,3.3,4.7,3.8,3.6,3.1,3.2,3.7,3.4,3.4,4,4.1,4.3,4.2,4.1,4.2,4.5,4,3.7,3.2,3,3.2,3.5,3.9,4.7,3.8,4,4.3,4.6,3.5,3.7,3.8,3.1,2.8,3.4,2.9,3.4,3.3,4.1,3.2,4.1,3.6,3.4,4.8,3.8,4.5
34,NJ,453,3.5,3.6,3.2,3.6,3.9,3.7,3.8,3.6,4,5.1,3.4,3.8,4.4,4.9,4.1,3.8,4.4,4.7,4.5,4.2,4.9,5.9,4,4.5,3.9,3.3,5.5,8.9,6.9,5.1,4.8,4.6,4.8,5.3,3.7,3.9,5.5,4.9,4.5,4.7,5.2,5.1,4.7,4.7,4.5,4.7,3.9,4.1,5.6,5.3,5.1,5,5,5.5,6.5,5.3,5,5.3,5.9,4.8,5.4,5.7,5.4,5.7,5.9,6.2,5.7,6.2,5.6,5.9,6.3,5.9,5.6,5.2,5.6,5.7,6.7,6.7,6,5.9,6.2,6.3,6.6,6.2,6,6.2,6
34,NJ,TOTAL,1.1,1.1,1.1,1.1,1.1,1.1,1.1,1.2,1.1,1.1,1.1,1.1,1.1,1.2,1,0.8,1.1,1.2,1.3,1.2,1.3,1.3,1.2,1.3,1.3,1.3,1.7,2.5,2,1.6,1.4,1.5,1.5,1.5,1.5,1.4,1.6,1.7,1.6,1.6,1.5,1.5,1.5,1.6,1.5,1.5,1.4,1.4,1.5,1.5,1.5,1.4,1.4,1.4,1.4,1.5,1.5,1.5,1.5,1.4,1.2,1.3,1.3,1.3,1.3,1.3,1.3,1.3,1.3,1.4,1.4,1.3,1.3,1.2,1.3,1.4,1.3,1.3,1.3,1.4,1.3,1.4,1.3,1.3,1.4,1.3,1.5
35,NM,441,5.2,5.4,5.4,5.5,5.6,5.3,5.6,5.7,5.7,5.8,5.9,5.5,5.5,5.7,3.9,3.7,5.2,5.8,5.9,5.4,6.4,6.2,5.7,6.3,6.1,5.7,9.9,11.9,7.5,6.9,6.6,6.4,6.5,6.3,6.9,6.7,7.5,7.7,6.5,6.5,6.3,6.7,6.6,7.4,7,7.2,6.9,7.1,7.3,6.9,6.9,6.8,7.5,7.3,7.3,7.2,7.5,7.2,7.6,7.4,5.8,6.1,5.7,6.1,6,5.4,6.1,6,5.7,6.4,6.6,6.6,6.4,6,6.8,6.8,6.3,6.5,6.4,6.5,6.7,6.2,6.1,6.6,6.1,6.3,6.1
35,NM,442,7.9,8.2,8.2,8.5,8.5,8.3,8.3,8.3,8.7,8.2,8,7.7,9.4,10,7.4,6.5,7,9.8,9,9,10.8,9.3,8.7,10.7,9.3,9.1,13.1,32.1,13.3,10,9.3,9.3,9.4,9.6,9.8,9.9,7.3,7.4,7,6.9,7.3,7.2,6.7,7.1,7.1,7,6.8,6.8,8.7,8.2,8,7,7.3,8.4,8,9.1,9.5,8.7,8.9,8.4,7.1,7.1,6.8,8.3,8.7,7.9,9.4,8.7,8.1,8.2,8,8.4,8.4,8.1,8.1,7.9,8,8.1,8.3,7.7,8.5,7.8,7.8,7.7,7.9,7.6,7.9
35,NM,443,13.6,12.8,12.7,13.2,13.6,13.3,14.4,14,14.4,14.3,14.2,14.8,13.8,14.1,12.8,6.3,6.4,13.3,12.4,13.1,12.9,13.8,12.7,12.2,18.2,15.7,19.1,57.7,42.2,11.8,12.3,11.9,11.3,9.2,10.9,29.8,11.6,13.3,15.2,14.3,14.4,13.5,12.9,14.5,12.5,9.8,10,10.7,16.5,15.6,15.4,13.8,14.9,15.6,15,15.6,15,15,16.3,14.9,12.7,14.3,12.2,13.9,12.5,13.9,14,13.1,12.6,12.5,12.9,14.4,13,11.3,12.2,13.6,17.7,15.6,16.8,15.7,16.2,17.3,15.1,16.5,17.6,16.7,17.9
35,NM,444,5.9,5.4,5.5,5.6,5.3,5.3,5.4,5.2,5.5,5.2,5.5,5.6,5.4,5.8,6.1,6.3,6.4,6.9,6.3,5.9,6.5,6.2,6.6,6.9,6.3,6.1,8,8,6.4,6.4,5.9,6,5.8,5.9,6.9,6.4,6.2,6.6,6.1,5.7,6.3,6.1,6.1,6.4,6.2,6.2,6.1,5.7,6,6,5.6,5.4,5.8,5.7,5.8,5.8,5.6,5.9,6.2,5.9,6.5,7,6.3,7,6.5,6.6,7.7,6.9,7.2,7.7,7.2,7.4,7,6.4,6.8,6.6,6.5,6.7,6.9,5.6,6.9,6.8,6.2,6.7,6.6,6.2,6.3
35,NM,445,5.2,5.1,5.1,5.2,5.1,5.2,5.3,5.4,5.2,5.2,5.2,5,4.8,4.9,6,5.5,5.8,5.4,5.5,5.3,5.4,5.4,5.4,5.5,5.7,5.6,4.7,5.2,5.3,5.5,5.4,5.3,5.5,5.5,5.3,5.3,5.1,5.1,5.3,5.4,5.1,5.4,5.4,5.2,5.2,5.2,5.2,5.3,4.6,4.6,4.6,4.6,4.5,4.5,4.4,4.5,4.6,4.5,4.7,4.6,4.6,4.8,4.7,4.7,4.7,4.7,4.7,4.8,4.7,4.9,4.9,4.7,5.1,4.9,4.9,5.1,4.9,5,5.1,5,4.9,5,5,4.9,4.9,4.9,4.9
35,NM,446,3.2,3.3,3.4,3.5,3.1,3,3.2,3.1,3.5,3.8,3,3.6,3.2,3.2,3.6,3.4,2.9,3.4,3.4,3,3.7,3.7,3.1,3.5,2.8,2.6,3.1,4.1,3.3,3.3,3,3,3.2,2.9,2.9,3.4,3.1,2.9,2.9,2.8,2.6,2.8,2.7,2.7,3,3,2.7,3.1,3.2,3,3.3,3,3,3.1,2.8,3,3.1,3.2,3,3.4,3,3.1,3,2.8,2.7,2.8,3,3,3,3.4,3.1,3.6,3.6,3.2,3.3,3.5,2.9,3.6,3.9,3.3,3.5,4.1,3.5,4.5,3.8,3.5,3.9
35,NM,447,3.3,3.9,3.6,4.4,3.9,3.8,3.5,3.8,3.7,3.7,3.8,4.2,4.2,3.9,3.2,2.5,2.7,3,3.1,3.3,3.3,3.4,3.2,3.5,3.5,3.7,5.6,6.7,6.5,5.4,5.2,5.4,5.6,5.8,6.1,5.9,5.2,5.5,6.5,6.7,6.3,5.8,5.6,5.1,5.1,4.9,4.6,4.2,4.6,4.4,3.9,3.9,3.6,3.5,3.5,4.1,4.5,3.9,3.9,4.1,4.1,4.4,4.4,4.5,4.4,4.2,4.3,3.9,3.8,4,4.3,4.4,4.7,4.3,4.5,4.3,4.4,4.5,4.5,4.5,4.6,4.6,4.9,4.6,4.6,4.8,6.3
35,NM,448,4.7,4.8,4.6,4.7,4.5,4.7,4.6,5.4,5,5.2,5.1,5,4.6,4.8,2.7,1.1,S,6.6,3.8,4.5,4.9,4.4,3.5,4.6,5.2,4.8,12.1,S,S,8,7.1,6.1,5.6,6.3,S,5.9,6.2,6.7,5.7,5.7,5.4,5.2,5.1,5.3,5.2,5.3,5.4,5.4,6.3,6.1,5.6,5.4,5.4,5.7,5.1,5.1,5.8,5.3,5.9,5.4,5.1,5.5,5,5.1,5.1,5.2,4.9,4.9,5,5.1,5.3,4.9,5.9,5.2,5.5,5.7,5.7,5.9,5.5,6.1,5.9,5.8,6.6,6.6,7,6.6,6.6
35,NM,451,10.7,8.1,7.8,8,7.9,8.7,9.1,9.8,8.6,10,9,8.5,12.7,9.9,7.7,7.1,12,12.5,10,9.9,10.7,11.8,12.1,10.3,S,10.5,16.7,102.4,38.9,10.3,11,S,11.4,12,14.6,12.7,10.3,9.9,7.6,8.3,8.1,8.1,8.3,9.5,8.5,8.8,10.5,9.3,10.1,8.5,7.9,7.9,8.2,8.5,8.4,8.2,8.1,8.1,9.5,8,10.4,8.9,7.7,7.7,7.7,8.3,8,8.4,8.3,9.2,10.2,9.9,11.2,9.2,9.6,9.8,9.3,9.5,10,9.9,10,9.6,11.6,10.8,13.2,11.2,9.9
35,NM,452,3.7,3.3,3.1,3.6,3.4,3.3,4.1,4.4,3.5,3.9,3.4,3.4,3.7,3.7,3.9,2.1,10.4,5.1,4.3,5.1,4.4,4.5,4.3,3.5,4.1,4.1,4.4,5.9,7,4.4,4.3,8.2,4.3,4.6,5.8,4.3,4.9,5,4.2,4.4,5,4.1,4.6,7.9,4.6,4.8,4.7,4,4.5,3.9,4,5,5.3,7,5.7,5.5,5.9,6.5,5,5.7,5.5,4.6,5.1,5.3,5.8,6.8,6.8,6.1,6.1,6.9,5.8,5.9,6.8,4.8,4.6,5.7,5.1,5,5.8,6.7,4.7,6,5.4,5.1,7.2,5.4,6.2
35,NM,453,5.1,5.6,5.3,6.2,7.3,7.1,6,6.1,6.1,6.7,7.3,7.2,6.5,6,6.4,5.8,8.6,8.4,6.7,6.7,8,8.7,7.2,7.9,8.4,7.2,12.1,S,13.4,10.6,8.7,8.3,9.9,9.5,8.1,8.2,10.2,8.4,8,7.7,9.4,8.8,7.6,7.9,7.5,8.2,6.8,7.2,9.1,7.4,7.6,7.2,7.5,7.4,7.1,6,6.3,7.6,9.8,7.4,S,S,S,S,S,S,S,S,S,S,S,S,S,S,S,S,S,S,S,S,S,S,S,S,S,S,S
35,NM,TOTAL,1.9,2,2,2.1,2,2,2,2.1,2.1,2.1,2,2,2,2.1,1.8,1.5,2.5,2.2,2.1,2.1,2.3,2.2,2.1,2.1,2.2,2.1,2.8,3.6,3.3,2.6,2.5,2.7,2.5,2.5,2.7,2.4,2.6,2.7,2.5,2.6,2.5,2.5,2.5,2.8,2.5,2.4,2.3,2.2,2.4,2.4,2.3,2.3,2.3,2.4,2.3,2.4,2.5,2.4,2.4,2.4,2.2,2.3,2.3,2.4,2.3,2.3,2.4,2.3,2.2,2.4,2.4,2.4,2.5,2.2,2.4,2.5,2.3,2.3,2.4,2.4,2.4,2.4,2.3,2.4,2.5,2.4,2.6
36,NY,441,2.5,2.5,2.5,2.6,2.6,2.4,2.6,2.6,2.6,2.6,2.7,2.7,2.6,2.8,2.1,2,2.8,3,3,3,3.3,3.3,3.3,3.3,3.3,3.1,4.8,6.4,3.9,3.5,3.5,3.3,3.3,3.4,3.4,3.7,3.9,4,3.4,3.4,3.1,3.3,3.3,3.9,3.7,3.7,3.7,3.6,3.3,3.1,3.4,3.4,3.8,3.8,3.7,3.8,3.9,3.7,3.9,3.9,3.4,3.6,3,3.2,3,2.7,3,3,2.8,3.1,3.4,3.2,3.5,2.9,3.3,3.3,3,3.3,3.2,3.3,3.8,3.5,3.6,3.8,3.1,3.6,3.6
36,NY,442,3.1,2.9,3.1,3.1,3,3,3.2,3.1,3.3,3.1,3.1,3.1,3.5,3.8,2.7,2.6,2.2,3.5,3.2,3.4,3.9,3.4,3.1,4,3.6,3.6,5.6,25.3,6.8,4.6,3.7,3.7,3.9,3.8,3.7,4.1,3.5,3.8,3.4,3.4,3.4,3.3,3.2,3.3,3.4,3.5,3.3,3.4,3.7,3.3,3.2,3,3.3,3.6,3.5,3.8,3.6,3.5,3.7,3.7,3.1,3.1,3,3.2,3.2,3.4,3.8,3.8,3.8,4,3.9,4,4.2,3.8,4,4,3.9,3.9,4.1,3.7,4.1,3.9,3.8,4,4.2,3.8,4
36,NY,443,12.8,11.7,12,12,12.2,11.9,11.8,12.1,12,11.7,12.3,11.6,14.4,13.4,9.9,4.4,11.2,8.4,S,7.4,5.6,6.5,7.5,2.8,9.8,8,2.7,S,41.2,39.7,32.9,30.6,31.6,31.6,26.6,29.2,24.4,25.2,1.9,1.4,23.4,22.4,23.2,23.7,24.6,22.1,22.5,21.5,S,S,S,S,S,S,S,S,S,S,S,S,12.6,13.5,11.6,13.2,12.1,13.2,13.5,13.4,11.3,12.5,13.5,13.4,12.1,11.2,12,13.5,S,11.8,S,S,12.4,S,12.9,13.3,S,S,S
36,NY,444,3,2.6,2.7,2.7,2.5,2.7,2.6,2.5,2.8,2.6,2.8,2.7,2.7,2.9,3.1,3.2,3.1,3.3,3.1,3,3.1,3.1,3.5,3.4,3,2.8,3.9,4.2,3.1,3,2.8,2.8,2.7,2.8,3.4,3,3.7,3.9,3.8,3.3,3.6,3.6,3.6,3.8,3.6,3.9,4,3.6,3.1,3.3,3,2.9,3.2,3,3.1,3.2,3,3.3,3.6,3.3,3.2,3.5,3,3.4,3.3,3.3,3.9,3,3.6,3.8,3.5,3.5,3.5,3,3.2,3.2,3.1,3.3,3.5,2.8,3.2,3.1,3.1,3.5,3.3,3,3.2
36,NY,445,1.8,1.8,1.7,1.8,1.7,1.8,1.7,1.8,1.7,1.8,1.8,1.8,1.6,1.8,2,1.9,2,1.9,1.9,1.9,1.9,1.9,1.9,1.9,1.6,1.6,1.4,1.6,1.7,1.7,1.6,1.7,1.7,1.7,1.8,1.8,1.6,1.6,1.7,1.8,1.7,1.8,1.8,1.7,1.7,1.8,1.7,1.8,1.7,1.7,1.8,1.8,1.8,1.7,1.8,1.8,1.8,1.8,1.8,1.8,1.9,2,2,1.9,2,2,2,2.1,2.1,2.1,2.3,2,2,1.9,1.9,2.1,2,2,2,2,2,2,2,1.9,2,1.9,1.9
36,NY,446,0.8,0.9,1,1,0.9,0.9,0.9,0.9,1,1.1,0.9,1,0.9,1,1,0.9,0.9,1,1,0.9,1.1,1.1,1,1.1,0.7,0.8,0.8,1,1,0.9,0.8,0.9,0.9,0.8,0.9,1.1,0.9,1,0.9,0.8,0.9,0.9,0.8,0.9,0.9,0.9,0.9,1.2,0.9,1,1,0.9,1,1,0.9,1,1,1,1,1.2,0.8,0.9,0.8,0.8,0.8,0.8,0.8,0.8,0.9,1.1,0.9,1.1,1.1,1,1,1,0.8,1.1,1.3,1,1,1.5,1,1.4,1.2,1.1,1.2
36,NY,447,2.3,2.6,2.4,2.9,2.5,2.4,2.4,2.3,2.3,2.3,2.4,2.5,2.3,2.4,2,1.6,1.6,2,2,2.1,2.1,2.1,2,2.2,1.8,2.1,3.1,3.6,3.2,2.7,2.6,2.5,2.8,2.9,3.1,3,2.8,2.9,3.3,4,4.4,3.2,3.1,2.8,2.6,2.6,2.5,2.5,2.3,2.2,2.2,2.2,1.9,1.9,1.9,2.1,2.5,2.3,2.4,2.2,2.7,2.8,2.9,3.3,3.1,2.8,2.9,2.8,2.9,2.7,2.5,2.8,3,2.9,3.1,2.7,2.7,3,2.9,2.7,3,2.9,3.4,3,2.9,2.7,3.5
36,NY,448,3.6,3.8,3.4,3.3,3,3.3,3.7,4,3.2,3.7,3.8,3.9,4.4,4.6,2.1,0.2,S,S,3.7,3.9,3.6,3.7,3.6,3.8,4,3.8,10.5,S,S,S,6.2,5.5,4.4,4.6,5.6,4.9,5.7,6.6,5.4,5,4.2,4,4.3,4.6,4,4.2,4.2,4.6,4.8,4.1,4.1,3.8,3.6,3.7,3.9,4.1,3.6,3.6,4.2,4.1,4,4.4,4,3.8,3.8,3.9,4,4.5,3.4,4,4.5,4.1,4.2,4,4,4,3.9,4.1,4.4,4.4,4.2,4.5,5.1,5.2,4.6,4.6,4.8
36,NY,451,5.9,4.1,3.8,3.7,3.9,4,4.3,5.5,4.6,5.5,4.5,4.8,8.1,6.3,4.4,S,S,S,5.9,5.5,6.9,7.3,5.6,6.1,11.9,6.8,9.2,S,S,8.3,5.2,10.2,6,6.2,5.9,5.9,7.5,5.8,3.8,4.1,3.9,4.8,4.5,7.9,5,5.5,5.6,5,10.6,8.2,5.7,5.1,5.5,5.9,5.5,7.2,5.6,6.2,7.8,6.4,10.2,6.9,5,4.4,4.7,5.4,4.6,6.4,4.8,6.8,6.4,6.3,10.6,6.3,5.8,5.6,5.6,6.6,6.1,6.6,6.2,6.7,7.9,7.4,11.6,7.8,5.9
36,NY,452,2.6,2.3,2.2,2.6,2.4,2.4,2.6,2.7,2.5,2.5,2.4,2.4,2.7,2.6,2.6,S,S,2.4,3.2,3.1,3,3,3,2.6,2.8,2.5,3.3,8,6.6,3.5,2.7,4.1,3.3,3.4,3.4,2.9,2.6,2.8,2.7,2.6,2.7,2.4,2.5,3.8,2.8,2.8,2.5,2.4,2.9,2.7,2.8,3.2,3.2,3.8,3.4,3.3,3.4,3.7,3,3.1,2.4,2.3,2.5,2.7,2.9,3.5,3,3.2,3.2,3.6,2.7,3,3,2.3,2.1,2.7,2.2,2.6,2.5,3.9,3.3,4.2,3.9,3.6,5,4.2,S
36,NY,453,10.1,10.4,10.2,11.3,12.2,10.7,10,9.8,10,12.3,12.3,13.5,13.6,12,11.6,6,10.2,9,14.6,13.1,14.1,17.2,8.1,10.1,14.5,11.6,17.9,27.6,26.2,13.2,S,S,13.1,17.4,12.3,15.1,12.4,11.5,12.4,11.4,11.4,11.7,9.5,12,15.5,12.8,11.4,10.5,13.2,8.9,9.7,9.2,10.3,8.5,7.2,7.2,9.6,11.6,10.8,10.6,15.9,16.5,15.2,9.9,8.8,7.4,7.4,8.3,10.2,14.9,10.9,12.7,10.5,10.6,8.9,11.1,10.6,10.4,11.6,8,14.4,17.2,21.9,16.6,14.4,15.3,12.5
36,NY,TOTAL,1.2,1.1,1.1,1.1,1.2,1.1,1.1,1.1,1.1,1.2,1.2,1.3,1.2,1.2,1,0.7,1,1,1.2,1.2,1.2,1.3,1.2,1.2,1.3,1.2,1.5,2.2,1.9,1.3,1.2,1.2,1.2,1.4,1.2,1.2,1.3,1.4,1.3,1.2,1.2,1.2,1.1,1.3,1.2,1.3,1.2,1.2,1.3,1.2,1.2,1.2,1.2,1.2,1.2,1.2,1.3,1.3,1.4,1.3,1.3,1.3,1.2,1.2,1.2,1.1,1.2,1.2,1.2,1.3,1.3,1.3,1.4,1.2,1.2,1.2,1.2,1.2,1.2,1.3,1.3,1.5,1.6,1.6,1.5,1.5,1.5
37,NC,441,2.9,2.8,2.9,3,2.9,2.8,3,3.1,3.1,3,3.1,3.1,3.2,3.3,2.3,2.2,3,3.4,3.3,3.2,3.6,3.7,3.3,3.8,3.5,3.4,5.7,7.1,4.6,4,4,3.9,3.9,3.9,4.3,4.1,4.1,4.2,3.5,3.6,3.4,3.6,3.5,4.1,3.9,3.8,3.7,3.7,3.8,3.7,3.8,3.6,3.9,4,3.9,4,4,3.8,4.1,4,3.5,3.7,3.4,3.7,3.5,3.2,3.5,3.5,3.3,3.7,3.9,3.8,3.5,3.3,3.7,3.8,3.4,3.6,3.7,3.7,3.7,3.5,3.6,3.8,3.7,3.8,3.6
37,NC,442,4.2,4.4,4.4,4.6,4.5,4.2,4.3,4.3,4.4,4.3,4,4,4.3,5,3.4,3.8,3.5,5.1,4.5,4.6,5.4,4.7,4.2,5.5,5.2,5,7,26.8,6.7,5.4,5,4.9,5.6,5.1,5.1,5.9,4.3,4.7,4.3,4.3,4.6,4.5,4.2,4.6,4.6,4.8,4.3,4.6,4.4,4.1,4.1,4,4.3,4.4,4.6,5,4.6,4.9,4.8,4.4,3.9,3.7,3.6,4.2,4.1,4.3,4.7,4.9,4.7,5.2,4.9,5.2,5.4,4.5,4.8,5,4.9,4.8,5.2,4.4,5.4,4.9,4.7,4.7,5.1,4.6,4.8
37,NC,443,6.3,5.5,5.5,5.8,6,5.9,6.6,6,6.3,6.3,6.8,6.9,7.1,6.4,7.7,3,2.9,7.4,6,5.7,5.7,6.1,5.8,6,8.7,6.3,10.3,20.5,11.9,10,6.9,5.2,5.5,5.2,6.1,12.8,6.8,5.1,6.1,5.7,5.6,5.5,5.3,4.9,5.2,3.9,3.9,11.5,7.1,5.6,5.6,5.2,5.5,5.9,5.4,5.7,5.8,5.4,6,1.9,6.2,6.3,5.7,6,5.9,6,6.1,5.7,5.4,5.5,5.7,6.9,6.8,5.7,6.3,6.4,7,7.4,7.4,7.2,7.5,7.5,6.5,6.9,8.4,6.5,6.8
37,NC,444,3.2,2.8,3,2.8,2.6,2.8,2.7,2.7,3.1,2.8,3.1,2.8,2.7,3.1,3.5,3.6,3.3,3.6,3.3,3.1,3.2,3.2,3.8,3.7,3.3,3.2,4.5,4.5,3.4,3.4,3.1,3,2.9,3.1,3.9,3.4,3.2,3.3,3.2,2.8,3.2,3.2,3.2,3.3,3.1,3.3,3.6,3.1,3.1,3.3,3,2.8,3,3,3.1,3.1,2.9,3.2,3.8,3.4,3.2,3.4,2.9,3.4,3.1,3.2,3.8,3.1,3.4,3.7,3.7,3.8,3.7,3.1,3.3,3.2,3.1,3.4,3.6,2.7,3.2,3.2,3.1,3.4,3.2,2.8,3
37,NC,445,1.7,1.7,1.6,1.7,1.7,1.6,1.7,1.7,1.6,1.6,1.7,1.7,1.7,1.8,2.2,1.9,1.9,1.8,1.9,1.8,1.9,1.8,1.8,1.9,1.5,1.4,1.2,1.4,1.6,1.6,1.5,1.6,1.6,1.6,1.5,1.6,1.7,1.7,1.8,1.8,1.7,1.8,1.7,1.6,1.7,1.7,1.7,1.7,1.7,1.8,1.8,1.7,1.7,1.7,1.7,1.7,1.7,1.7,1.9,1.7,1.7,1.8,1.8,1.7,1.7,1.8,1.8,1.8,1.7,1.9,1.9,1.8,1.8,1.7,1.7,1.8,1.7,1.7,1.8,1.7,1.7,1.8,1.7,1.7,1.7,1.7,1.8
37,NC,446,1.3,1.5,1.6,1.6,1.5,1.4,1.5,1.5,1.6,1.8,1.4,1.6,1.4,1.5,1.6,1.5,1.3,1.5,1.5,1.4,1.6,1.7,1.4,1.6,1.2,1.1,1.2,1.6,1.4,1.4,1.2,1.2,1.3,1.2,1.3,1.9,1.5,1.5,1.3,1.4,1.3,1.4,1.3,1.4,1.4,1.4,1.4,2.1,1.7,1.7,1.7,1.7,1.8,1.8,1.6,1.8,1.7,1.9,1.9,2.3,1.6,1.6,1.6,1.7,1.6,1.5,1.7,1.6,1.6,1.9,1.9,2.4,1.9,1.7,1.8,2,1.8,1.9,2.2,1.8,1.8,2.4,2,2.8,2.1,2,2.1
37,NC,447,1.9,2.2,2.1,2.7,2.1,2.1,2.1,2,2.1,2.1,2.1,2.3,2.6,2.6,2,1.6,1.7,1.9,2,2,2.1,2,1.9,2.2,2.1,2.1,3.2,4,4.3,3.1,3,3.2,3.4,3.5,3.7,3.6,2.6,2.9,3.4,3.7,3.3,3.1,3,2.6,2.8,2.5,2.6,2.2,2.5,2.3,2.1,2.1,1.9,1.8,1.9,2.1,2.4,2.1,2,2.2,2.5,2.6,2.8,2.8,2.8,2.6,2.6,2.3,2.4,2.4,2.8,2.7,2.8,2.4,2.6,2.5,2.6,2.7,2.7,2.6,2.8,2.7,2.9,2.7,2.6,2.8,4
37,NC,448,3.6,3.3,3.1,3,2.9,3.1,3.3,3.6,3.4,3.4,3.5,3.5,3.9,3.9,2.2,4.1,S,5.8,3.6,3.6,3.8,3.7,3.7,4,4.5,4.3,9.7,28.9,11.5,7.5,5.9,5.6,4.9,5.1,5.9,5.7,5.1,5.8,4.6,4.4,4.1,3.9,4,4.2,4.2,4.1,4.1,4.5,5.3,4.4,4.2,3.9,3.8,4,4.3,4.1,3.8,3.8,4.5,4.2,4,4.1,3.7,3.8,3.8,4,3.8,3.6,3.5,3.7,4.1,3.8,3.9,3.5,3.6,3.8,3.7,3.8,3.9,4.1,4.1,3.9,4.5,4.5,4.6,4.5,4.5
37,NC,451,6.5,4.5,3.8,4.3,4.5,4.5,4.8,5.8,4.8,5.5,4.6,4.8,8,5.4,4.6,6.8,S,7,6.1,5.8,6,6.6,5.7,5.9,7.7,5.4,8.2,22,8.6,5.5,5.2,7.4,5.1,5.8,6.5,5.6,8,6.2,4.4,4.9,4.7,5,4.8,6.7,5.1,5.5,6.5,5.7,10.8,6.6,5.7,5.5,5.9,6.2,6.3,6.9,6.1,6.2,S,6.5,7.9,6.1,5.3,5,5.2,6.2,5.3,5.6,5.2,5.6,5.9,6.2,8.4,6,6.4,6.2,6.3,7.4,6.7,6.5,6.5,6.8,7,7.3,10.1,7.1,6.6
37,NC,452,1.7,1.6,1.6,1.9,1.8,1.7,1.8,1.8,1.7,1.8,1.8,1.8,1.9,1.9,2.2,S,S,3,2.8,2.7,2.6,3.1,2.9,2.3,2.2,2.1,2.3,4.3,S,2.3,2.2,3.3,2.4,2.6,2.8,2.4,2.1,2.3,2.2,2.3,2.5,2.2,2.1,3.6,2.4,2.5,2.4,2.1,2.1,1.9,1.8,2.2,2.4,2.9,2.3,2.3,2.6,2.8,2.1,2.3,2,1.8,2.1,2.3,2.6,3.3,2.5,2.5,2.7,3.1,2.3,2.7,2.4,1.9,1.8,2.4,2,2.3,2,2.4,1.9,2.6,2.1,2,2.4,2.2,2.7
37,NC,453,3,3.1,2.8,3.1,3.2,3.2,3.3,3,3.4,4.2,3,3.5,3.4,3.6,3.3,3.3,4,3.9,3.7,3.3,3.9,4.6,3.4,3.8,4.2,3.7,5.9,9.8,7.1,5.3,4.9,4.6,4.9,5,4.2,4.1,4.7,4.4,3.9,4.2,4.4,4.3,4.1,4.1,4,3.9,3.2,3.4,3.9,3.6,3.4,3.2,3.6,3.7,3.8,3.5,3.7,4.1,3.9,3.6,3.4,3.6,3.7,4.4,3.9,4.1,4.1,4.2,3.9,4.4,3.7,3.8,3.9,3.6,3.9,3.9,4.6,4.5,4.2,3.8,4.4,4.9,4.3,4.5,4.2,4.3,4.1
37,NC,TOTAL,0.9,0.9,1,1,1,0.9,1,1,1,1,1,1,1,1.1,1,0.9,1.3,1.2,1.1,1.1,1.2,1.2,1.1,1.2,1.1,1.1,1.4,1.8,1.5,1.3,1.2,1.3,1.3,1.3,1.3,1.3,1.3,1.4,1.3,1.3,1.3,1.3,1.2,1.4,1.3,1.2,1.2,1.2,1.3,1.2,1.2,1.2,1.2,1.2,1.2,1.2,1.2,1.2,1.2,1.2,1.1,1.2,1.2,1.2,1.2,1.2,1.2,1.2,1.2,1.3,1.2,1.2,1.2,1.1,1.3,1.3,1.2,1.2,1.3,1.2,1.2,1.2,1.2,1.2,1.2,1.3,1.4
38,ND,441,7,7.3,7,7.3,7.3,7.1,7.5,7.6,7.6,7.7,8.1,8.1,7.6,7.9,5.3,5,7,7.8,7.7,7.3,8.4,8.2,7.6,8.2,8.7,8.5,14.6,17.2,10.9,9.8,9.6,9.6,9.3,9.7,10.5,9.9,8.7,8.9,7.5,7.4,7.1,7.5,7.4,8.3,8,8,8,7.9,8.9,8.8,8.7,8.5,9.3,8.9,9.2,9.2,9.4,9.1,9.5,9.5,8.3,8.9,8.2,8.7,8.4,7.8,8.7,8.6,8.1,9.1,9.5,9.4,8.4,8.1,9,8.9,8,8.4,8.5,8.5,8.8,8.2,8,8.5,8.2,8.4,8.1
38,ND,442,10.9,10.8,10.3,11.6,10.7,10.7,11.3,10.7,11,11,11.2,10.4,11.8,11.6,9.6,5.9,8.4,12.1,11.5,11.8,12.6,12.2,11.5,15,13.2,14.8,17.4,S,20.9,14.4,13.1,12.4,13.5,13,13.3,13.6,9.1,9.5,8.8,9.1,9.8,9.5,9.5,9.2,9.6,9.7,9.5,10,9.5,9.3,9.2,7.5,7.6,9.1,8.4,9,9.8,10.1,10.3,9.6,8.9,8.6,8.1,10.9,11.6,9,11.9,11.5,9.5,10.6,9.7,10.1,10.3,9.3,10,9.9,9.7,10.2,10.5,10.2,10.7,10.7,10.4,10.3,11,10.3,10.4
38,ND,443,S,S,S,12.4,12.3,11.7,12.5,12.6,13.2,12.5,13.4,13.7,13.7,13.7,11.9,5.4,5.5,11.9,11.5,11.2,11.2,11.5,11.5,9.9,14.4,11.9,16.5,24.6,20.9,15.8,11.5,9.5,7.9,29.4,11.1,4.5,8.8,9.1,11.4,9.6,9.7,11.3,10.7,9.4,7.2,19.4,7.5,6.6,10.2,11.6,12.5,11.4,12.6,12.6,13.4,10.5,11.7,9.5,12.5,11.4,10.7,12.9,10.5,11.5,10.5,10.5,11.2,10.8,9.8,9.8,13.5,12.5,11.6,10.1,11.6,12.1,S,12.2,12.4,11.8,12.5,10.7,13.2,15.7,14.2,13.9,13.6
38,ND,444,7.6,7.3,7.9,7.3,6.7,7,7.3,6.9,7.2,6.8,7.3,7.3,6.4,7.2,7.4,7.8,8.2,8.4,7.8,7.2,7.7,7.3,7.7,8.5,7.9,7.5,9.5,9.1,7.3,7.3,7.1,7.1,7,7.1,8,7.6,8.1,8.6,7.8,7.4,8.1,8,8,8.3,8,8,7.8,7.4,7.9,7.8,7.3,7.2,7.7,7.4,7.4,7.5,7.2,7.5,7.8,7.6,7.1,7.6,7,7.8,7.2,7,8.1,7.1,7.5,8,7.5,7.6,7.4,6.7,7.4,7.4,7.1,7.4,7.6,6.5,7.5,7,6.9,7.3,7.2,6.8,7
38,ND,445,7.8,7.4,7.6,7.9,7.8,7.8,8.2,7.9,7.7,7.7,7.5,7.1,6.8,6.8,8.2,7.7,8.1,7.7,7.2,7,7.3,7.5,6.1,6.9,7,6.6,5.5,6.4,6.6,6.9,7,6.7,7.1,7,7.7,7.1,6,6.2,6.6,6.6,6.4,6.6,6.7,6.6,6.5,6.5,6.6,6.5,6.3,6.7,6.9,6.4,6.8,6.5,6.4,6.7,6.5,6.4,6.5,6,6.1,6.2,6.2,5.9,6.2,6.1,6.4,6.3,6.4,5.9,7.1,6.2,6.7,6.3,6.3,6.8,6.6,6.5,6.4,6.4,6.5,7.1,6.4,6.2,6.4,6.5,6.8
38,ND,446,6,6.3,6.1,5.8,5.8,5.7,5.5,5.5,5.9,6.2,5.9,6.5,5.8,5.3,6,6.8,5.3,6.1,5.9,5.3,6.7,6.3,5.6,6.7,5.4,5.4,6.5,8.4,6.4,6.8,5.8,5.6,6,6,6,8.7,5.7,5,5.4,5.3,5.1,5.6,5.1,5.1,5.6,5.5,5.3,7.2,6.2,5.8,6.3,6.2,6,6.3,5.5,6,6,6.5,6.2,7.7,5.2,4.9,5,5.1,4.7,4.6,4.9,4.8,4.6,5,4.8,5.9,5.9,5.9,5.5,5.8,5.2,5.6,6.3,5.6,6,6.9,6.1,7.6,6,5.5,5.9
38,ND,447,4.7,4.7,4.9,5.6,5.1,5.1,5.3,4.6,4.9,4.7,4.7,5.5,5.6,5.3,4,3.5,3.2,4,4.2,4.3,4.3,4.3,4.1,4.2,4.6,4.9,8.6,9.5,8.2,6.6,6.5,7.1,7.4,7.8,8.3,8.3,6.5,6.8,8.4,7.5,7.2,7.6,7.2,6.3,6,6.1,5.7,5.5,5.7,5.2,4.9,4.7,4.2,4.1,4.1,4.8,5.4,4.9,4.5,4.9,5.5,5.8,5.7,6.4,5.8,5.5,5.9,5.4,5.3,5.2,6.1,6,5.8,5.5,6.2,5.8,5.9,6.2,6.1,6,5.9,6.2,6.3,6.1,5.8,6,7.1
38,ND,448,6,6,6,5.7,5.4,5.9,5.7,5.9,5.5,6.1,6.2,6.8,5.9,6.7,3.2,4.8,S,7.1,5.2,5.2,5.5,5.4,5.4,6.1,7.1,6.5,16,42,15.8,10.7,9.1,8.1,7.5,8.4,10.1,8.6,7.6,9.2,7.2,7.5,6.8,6.6,6.4,6.3,6.7,6.8,6.7,7,8.2,8.1,7,7.4,6.8,6.9,6.7,6,6.4,6.6,8.4,S,6.3,6.9,6.5,6.1,6,6.3,6.3,6.1,5.9,6.2,6.4,6.2,8.2,7.6,8.2,8,8.2,8.2,8.3,8.2,8.4,8.7,9.9,10.6,10.2,10.1,9.2
38,ND,451,5.2,5.8,5.8,7.1,5.9,5.8,7.1,5.8,5,6.2,4.7,5.2,S,S,10.2,S,S,S,S,9.9,10.5,12.3,12.5,10.1,S,S,S,S,25.5,S,S,S,S,S,S,S,13.4,11.7,10,10.5,10.8,11.1,12.8,14.3,12.6,15.5,16.9,S,12.7,11.4,8.3,11.3,9.4,10.3,8.2,8.9,8.8,9.6,9.9,8.4,10.6,11.4,9.4,8.8,8,9.3,10.2,6.6,7.6,8.3,8.6,6.7,9.9,8.2,8.1,8.2,7.3,7.9,8.4,7.3,7.9,7.8,7.1,7,11.7,9.8,8.1
38,ND,452,4.5,3.8,4.1,4.3,4,4,4.8,5.7,4.4,4.8,4.3,4.3,4.6,4.9,5.3,S,9.4,6.7,5.6,6.5,5.4,5.6,5.2,4.7,5.7,5.3,6.2,8.9,8.6,6,5.4,9.4,6.2,6.5,6.4,5,4.9,5.4,4.9,4.7,5.1,4.7,4.9,9.4,5.8,5.5,5,4.1,5.8,5.4,5.2,7.1,7,8.9,7.3,7.7,8,8.4,6,7.7,6,5.7,6.2,6.7,7.1,8.8,8.7,8.9,7.9,9.1,7.1,7.3,8.1,6.3,5.7,6.9,6.1,6.5,7,8.5,5.8,7.3,6.4,5.9,8.4,6.6,7.5
38,ND,453,7.2,8.7,8.6,9,8.2,8.3,8.9,8.5,8.5,8.9,8.6,8.5,8.4,S,8.7,6.9,S,7.8,8,7.4,8,8.3,7.3,7.8,9.1,8.7,11.9,17.5,12.1,11.8,9.9,10,10.1,9.6,9.3,8.6,9.2,8.7,7.3,7.5,8.1,8.1,7.7,7.2,6.9,6.8,5.9,6.5,8.9,6.5,6.9,6.7,7.2,7.3,7.2,7,7.1,7.2,7.6,7.1,7.7,8,8.2,9.4,8.1,8.4,8.5,8.9,8.5,8.9,8.3,8.3,8,7.8,8.1,8.2,9,9.1,8.8,7.7,8.3,8.2,8.4,8.4,8.5,8.4,8.3
38,ND,TOTAL,2.8,2.8,2.9,3,2.8,2.8,3,2.8,2.8,2.8,2.8,2.9,2.9,3.1,2.4,2.2,2.9,3,2.9,2.8,3,2.9,2.7,2.9,3.2,3.2,4.5,5.6,4.2,3.7,3.6,3.8,3.6,3.7,4,3.8,3.3,3.5,3.3,3.2,3.2,3.3,3.2,3.4,3.1,3.1,3,2.9,3.3,3.2,3.1,3.1,3,3,3,3.1,3.3,3.1,3,3.2,3.1,3.3,3.2,3.4,3.2,3.1,3.4,3.2,3.1,3.3,3.3,3.3,3.3,3.2,3.5,3.5,3.2,3.3,3.3,3.3,3.3,3.3,3.2,3.3,3.3,3.3,3.5
39,OH,441,2.3,2.4,2.4,2.5,2.5,2.4,2.6,2.6,2.5,2.5,2.7,2.6,2.7,2.9,1.9,1.9,2.7,2.9,2.9,2.8,3.2,3.1,2.9,3.4,3,3,5.2,6.4,4,3.6,3.5,3.4,3.4,3.5,3.7,3.6,3.6,3.8,3.2,3.3,3.1,3.3,3.1,3.7,3.5,3.5,3.3,3.5,3.4,3.2,3.2,3.1,3.4,3.3,3.3,3.4,3.4,3.2,3.5,3.5,2.7,3,2.9,3,2.8,2.7,3,3.1,2.7,3.1,3.3,3.2,3.2,2.9,3.3,3.3,3.1,3.3,3.2,3.3,3.4,3.3,3.1,3.2,2.9,3.3,3.1
39,OH,442,4.3,4.2,4.2,4.4,4.4,4.2,4.4,4.4,4.6,4.4,4.4,4.1,4.8,5,3.8,3.8,3.5,5.3,4.7,4.9,5.6,4.9,4.6,6.1,5.5,5.4,7.1,S,7.8,6,4.9,5.1,5.3,5.1,5.3,5.6,6.3,6.4,6.1,6.2,6.5,6.3,5.9,6.5,6.4,6.3,6.2,6.7,8.5,7.3,7,6.9,7.6,8.1,7.6,8,7.7,7.9,8.3,8.6,7.8,8.1,7.9,8.3,8.4,8.5,9,9.1,9,9.4,9.1,9.3,8.8,8.4,8.7,8.8,9,8.9,9.1,8.8,9.2,9.5,9.5,10.1,9.9,9.4,9.9
39,OH,443,6,5.2,5.1,5,5.1,4.9,5.8,5.2,5.4,5.1,5.8,6.1,5.8,5.2,6.3,3.4,2.4,6.8,5.3,4.7,4.6,5,5.2,5.2,8.8,6.1,10.9,18.8,7.6,9,6.5,4.9,5.7,4.9,5.7,12.8,6.4,4.9,5.6,5.5,5.5,5.2,5.3,5,5.2,4.1,4,1.2,6.7,5.7,5.5,4.8,5.3,5.4,5.1,5.4,5.4,5.4,5.7,3.4,5.8,5.8,5.7,6,5.9,5.7,5.8,5.4,5,5.5,5.4,6.9,6.4,5.7,5.7,6.2,6.4,7.3,7.3,7.2,8.1,6.6,6.2,6.7,7.9,6.3,6.4
39,OH,444,3.2,2.5,2.7,2.5,2.4,2.6,2.4,2.2,2.7,2.5,2.7,2.3,2.2,2.7,3.1,3.1,2.9,3.2,2.9,2.7,2.9,3.1,3.4,3.4,3,3,4.2,4.4,3.1,3.1,2.8,2.8,2.6,2.9,3.6,3.1,3.3,3.5,3.5,3,3.4,3.4,3.4,3.4,3.3,3.5,3.9,3.3,2.9,3.1,2.8,2.7,2.9,2.8,2.8,2.8,2.7,3,3.5,3.2,3.1,3.2,2.7,3.1,2.9,3,3.6,2.7,3.1,3.4,3.2,3.3,3.3,2.7,2.9,2.8,2.8,3,3.3,2.6,2.9,2.8,3,3.4,3.2,2.7,2.8
39,OH,445,2.7,2.6,2.5,2.8,2.6,2.6,2.7,2.7,2.6,2.7,2.7,2.7,2.7,2.7,3.3,2.9,3,2.9,2.9,2.7,2.9,2.8,2.7,2.7,2.7,2.6,2.3,2.6,2.7,2.7,2.7,2.8,2.9,2.9,2.8,2.8,2.6,2.6,2.7,2.7,2.6,2.7,2.6,2.6,2.6,2.6,2.7,2.6,2.7,2.6,2.7,2.6,2.6,2.6,2.5,2.6,2.6,2.5,2.8,2.5,2.4,2.5,2.5,2.4,2.4,2.4,2.5,2.4,2.4,2.5,2.5,2.4,2.7,2.5,2.5,2.8,2.6,2.6,2.6,2.6,2.6,2.7,2.6,2.6,2.6,2.6,2.6
39,OH,446,1.3,1.4,1.5,1.5,1.4,1.4,1.4,1.5,1.5,1.7,1.3,1.6,1.4,1.4,1.4,1.3,1.2,1.4,1.4,1.3,1.5,1.6,1.4,1.9,1.4,1.3,1.3,1.8,1.7,1.6,1.5,1.5,1.6,1.5,1.7,3.5,1.7,1.6,1.6,1.8,1.8,1.8,1.6,1.6,1.8,1.8,2.1,4.3,1.8,1.7,1.8,1.9,2,1.9,1.7,1.8,1.8,1.9,2.2,3.7,1.4,1.4,1.4,1.4,1.3,1.3,1.5,1.4,1.4,1.9,1.6,1.9,1.9,1.6,1.6,1.7,1.4,1.8,2.2,1.7,1.8,2.5,1.8,2.4,2.1,2,2.2
39,OH,447,2.2,2.4,2.3,2.9,2.4,2.3,2.2,2.3,2.3,2.3,2.3,2.6,2.4,2.3,1.8,1.4,1.5,1.7,1.8,1.8,1.8,1.8,1.7,2,1.7,1.8,2.8,3.5,3.5,2.6,2.5,2.7,2.8,2.9,3.1,3,2.4,2.7,3.2,3.5,3.4,2.9,2.7,2.5,2.6,2.3,2.4,2.1,2.4,2.2,2.1,2.1,1.9,1.8,1.8,2.1,2.4,2.1,2,2.2,2.3,2.5,2.6,2.6,2.6,2.4,2.4,2.2,2.3,2.3,2.4,2.5,2.6,2.3,2.4,2.3,2.4,2.5,2.4,2.4,2.5,2.5,2.8,2.5,2.5,2.5,3.6
39,OH,448,3.1,3.2,3,2.9,2.8,3,3.1,3.5,3.1,3.3,3.4,3.4,4.4,4,2.1,S,S,6.2,3.8,4,4.3,3.9,3.9,4,5,4.7,11.2,S,11.4,7.3,6,5.7,4.8,5.3,6.5,5.5,4.8,5.4,4.3,4.1,3.7,3.6,3.8,3.9,3.8,3.7,3.9,4,4.3,4,3.6,3.5,3.2,3.5,3.6,3.5,3.4,3.3,3.9,4,4,4.3,3.9,3.8,3.9,4.3,4.1,3.8,3.7,4,4.5,4.1,4.3,3.8,4.1,4.1,4.1,4.3,4.4,4.5,4.5,4.6,5.2,5.2,4.9,4.9,4.8
39,OH,451,5,3.8,3.6,4.2,4.1,4.4,4.5,5,4,5,4.3,4.3,6.1,5.3,3.7,S,S,7.9,6.3,S,S,7.2,S,6.6,S,6,10.9,79.6,9.1,S,5.2,5.8,4.7,5.6,6.6,5.5,6.8,5.7,3.8,4.2,4.2,4.6,4.7,5.8,4.8,4.9,6.3,5.5,7.7,5.7,4.9,5.2,5.1,5.5,5.2,5.6,5.3,5.5,7,5.4,6.8,5.5,4.7,4.3,4.8,5.4,4.9,4.8,4.8,5.2,5.5,5.6,7.5,5.1,5.4,5.2,5.3,6.3,5.3,5.5,5.7,5.9,6.7,6.4,8.3,6.4,5.8
39,OH,452,2.1,2,1.9,2.3,2.1,2,2.3,2.4,2.1,2.4,2.2,2.1,2.5,2.3,2.7,S,S,3.4,2.9,3.3,3.1,3,3.1,2.6,3,2.6,3.2,6.8,3.9,2.9,2.7,3.7,3,3.1,3.3,2.8,2.5,2.6,2.5,2.5,2.6,2.3,2.3,3.7,2.8,2.7,2.5,2.3,2.5,2.6,2.5,2.9,2.9,3.4,3,3,3.1,3.4,2.8,3,2.6,2.4,2.7,2.8,3,3.3,3.3,3.2,3.1,3.5,3,3.1,3.3,2.6,2.4,2.9,2.5,2.9,2.7,3.3,2.6,3.1,2.8,2.6,3.3,2.8,3.1
39,OH,453,2.6,2.8,2.4,2.9,3.1,3.2,3.3,2.9,3.1,3.7,2.6,2.9,2.9,2.9,2.8,3,3.8,3.9,3.7,3,3.5,3.8,2.9,3.4,3.2,2.9,4.9,9.1,6.7,4.5,4.2,3.7,4,4.4,3.2,3.4,3.9,3.8,3.4,3.6,4.1,4.1,3.9,3.5,3.7,3.6,2.8,3.1,3.2,3.3,3.2,3.3,3.7,4,3.9,3.5,3.8,4,3.6,3.3,3.9,3.9,4,4.6,4.6,4.6,4.8,4.7,4.6,4.8,3.7,3.9,4.7,3.9,4.1,4.1,4.9,5.5,5,4.8,5.2,5.6,4.6,4.4,4.9,4.8,4.6
39,OH,TOTAL,1,1,1,1,1,0.9,1,1,1,1,1,1,1,1.1,1,0.8,1.2,1.2,1.1,1.1,1.2,1.2,1.1,1.2,1.2,1.1,1.5,2.1,1.6,1.4,1.3,1.4,1.3,1.3,1.4,1.3,1.3,1.4,1.3,1.3,1.2,1.3,1.2,1.4,1.3,1.3,1.2,1.2,1.2,1.2,1.2,1.2,1.2,1.2,1.1,1.2,1.2,1.2,1.2,1.2,1.1,1.1,1.1,1.2,1.1,1.1,1.2,1.2,1.1,1.2,1.2,1.2,1.3,1.1,1.2,1.2,1.1,1.2,1.2,1.3,1.2,1.3,1.2,1.2,1.2,1.3,1.3
40,OK,441,4,4,4.2,4.3,4.2,4,4.4,4.4,4.4,4.4,4.7,4.6,4.7,4.8,3.2,3.3,4.5,4.8,4.8,4.6,5.3,5.2,4.8,5.5,4.8,4.4,7.6,8.9,5.7,5.2,5.1,5,4.9,5,5.5,5.2,5.7,5.9,5,5.1,4.8,5,5,5.7,5.4,5.4,5.2,5.3,4.9,4.8,4.7,4.5,5,5,4.9,5,5,4.9,5.1,5.2,4.9,5.2,4.7,5.1,4.8,4.5,4.9,5,4.6,5.3,5.4,5.3,5.1,4.7,5.6,5.5,5.1,5.2,5.3,5.2,5.5,5.2,5.2,5.5,5.3,5.4,5
40,OK,442,15,15.6,15.5,16.1,15.9,15.6,16.4,16.3,16.3,15.2,14.9,13.7,17.2,19.2,13.2,7.2,8.5,16.3,14.9,17,19.2,16.7,16.1,15.1,18.5,18.6,26.7,76.6,34.2,21.8,20.2,19.2,19,19.8,20.4,S,17.2,19.5,17.4,17.9,18.3,17.7,17.2,17.7,17.9,18,17.5,17.3,17.8,16.6,16,15.6,16.8,18.8,17.1,18.8,19.4,18.6,21,20.1,15.6,17.3,17.1,17.7,18.1,17.8,20.5,21.3,21.2,20.8,21,19.9,18.8,16.8,17.4,17.7,18,17.2,18.5,16.6,18.2,18.1,17.7,17.8,19.3,18.7,18.8
40,OK,443,9,8.1,8,7.6,7.7,7.6,8.4,7.9,8.3,8.1,8.4,8.8,9.2,8.8,9.1,4.7,4.1,9.2,8.4,8.4,8.2,9.1,8.6,8.2,10.2,8.3,13.2,15.3,8.5,11.4,9.2,8,8.6,7.8,7.1,18,7.3,6.9,7.7,7.5,7.2,7.3,6.9,6.9,6.5,5.1,5.2,4.6,9.5,8.5,8.4,7.7,8.4,8.6,8.5,8.6,8.4,8.2,9.3,7.7,8.5,9.3,8,8.8,8.2,8.9,9,8.7,8.5,8.5,9.3,10.4,9.2,8.2,8.7,9.2,11,10.2,10.7,9.8,10,10.3,9,9.8,10.6,9.5,9.8
40,OK,444,4.5,4.2,4.2,4.4,4,4.1,4.2,4,4.3,4.1,4.3,4.4,4.1,4.3,4.6,4.8,5,5.1,4.7,4.6,4.8,4.7,5,5.2,5.1,4.8,6.5,6.4,5.2,4.9,4.8,4.8,4.6,4.7,5.5,5.2,5.1,5.5,5,4.8,5.3,5.2,5.2,5.4,5.2,5.2,5.2,4.8,4.6,4.6,4.3,4.2,4.6,4.3,4.4,4.3,4.2,4.4,4.8,4.5,4.4,4.6,4.2,4.8,4.6,4.5,5.3,4.5,4.7,5,4.7,4.9,4.9,4.2,4.7,4.6,4.6,4.7,4.8,3.9,4.7,4.5,4.5,4.7,4.5,4.2,4.4
40,OK,445,4.5,4.1,4.3,4.5,4.4,4.4,4.6,4.5,4.3,4.4,4.3,4.3,4.3,4.4,5.2,5,5.3,4.9,5,4.8,4.9,4.9,4.8,5,4.2,4.1,3.5,4,3.9,4.1,3.9,4.1,4.1,4.2,4.1,4.3,4.4,4.4,4.9,4.9,4.8,5,4.8,4.8,4.6,4.7,4.7,4.7,4.3,4.4,4.6,4.5,4.5,4.4,4.3,4.3,4.3,4.3,4.5,4.4,4.4,4.7,4.8,4.8,4.8,4.7,4.7,4.8,4.7,4.9,5.2,4.8,5,4.8,5.1,5,5,5.1,5.1,5.1,5,5.1,5,4.9,4.8,4.6,5
40,OK,446,2.3,2.4,2.5,2.6,2.3,2.3,2.4,2.2,2.6,2.8,2.2,2.6,2.2,2.2,2.4,2.2,1.9,2.2,2.4,2.1,2.6,2.6,2.2,2.4,2.1,2,2.2,2.7,2.3,2.4,2.2,2.2,2.3,2.2,2.2,2.4,2.6,2.4,2.4,2.4,2.2,2.5,2.4,2.4,2.5,2.5,2.3,2.4,2.4,2.3,2.5,2.3,2.2,2.4,2.2,2.3,2.4,2.5,2.3,2.4,2.1,2.2,2,2.1,1.9,2.1,2.3,2.2,2.3,2.8,2.3,2.5,3,2.6,2.4,2.7,2.1,2.9,3.3,2.7,2.8,3.8,2.7,3.6,3.4,3.1,3.4
40,OK,447,2.7,3.1,2.9,3.6,3.1,3.1,2.9,3,3,2.9,3.1,3.4,3.1,3,2.3,1.9,2,2.3,2.4,2.3,2.3,2.3,2.2,2.4,2.8,2.9,4.4,5.3,6,4.2,4.1,4.4,4.5,4.7,4.9,4.8,3.4,3.6,4.2,4.5,4.4,4.1,3.8,3.5,3.6,3.2,3.3,2.8,3,2.8,2.5,2.5,2.3,2.2,2.3,2.6,2.9,2.6,2.4,2.6,3.1,3.3,3.4,3.6,3.5,3.3,3.3,3,3,3.1,3.4,3.4,3.4,3.1,3.2,3.1,3.2,3.3,3.2,3.2,3.3,3.3,3.4,3.2,3.2,3.3,4.7
40,OK,448,3.6,3.9,3.6,3.5,3.3,3.6,3.6,4.4,3.8,3.9,4,4.1,4.3,4.4,2.5,S,S,6.6,3.8,4.3,4.6,4,4,4.2,4.7,4,10.2,S,11.6,7.5,6,5.5,4.9,5.2,6.1,5.2,5.2,6.5,4.7,4.9,4.4,4.2,4.4,4.4,4.5,4.3,4.5,4.8,5.2,5.3,4.6,4.5,4.4,4.7,4.5,4.2,4.5,4.2,4.9,4.8,4.1,4.6,4,4.1,4.2,4.2,4,3.8,4,4,4.4,4.3,4.6,4.1,4.3,4.4,4.4,4.5,4.5,4.9,4.7,4.6,5.1,5.3,5.6,5.7,5.3
40,OK,451,8.7,6.6,5.9,7,6.9,7.7,8.1,7.7,7.2,7.9,7.6,7.6,9.1,7.7,6.7,S,S,10.8,9.4,9,8.7,9.2,8.5,8.8,S,S,S,S,S,S,7.7,7.8,6.7,8,9,8,10.2,9.7,6.6,8.2,7.7,8,8,8.5,8.1,7.9,9.8,8.7,8.5,7.6,6.7,6.9,6.9,7.4,7.3,7.1,7,7,8.5,7.5,8.8,8,7.3,7.1,7.2,7.8,7.6,7.4,7.7,7.8,8.6,9.1,9,7.3,8,8.2,8.2,9.1,8.5,8.4,8.6,8.7,9.1,9.2,10.5,8.8,8.3
40,OK,452,1.8,1.8,1.7,1.9,1.8,1.8,2.4,2.7,1.9,2.4,2.1,2,1.9,2,2.6,1.7,S,4.5,3.5,4,3.5,3.4,3.7,2.9,2.7,2.4,3.1,4,S,3,2.9,3.8,3,3.2,3.6,2.9,2.5,2.7,2.4,2.5,2.7,2.2,2.6,4.6,2.7,2.7,2.8,2.4,2.6,2.4,2.3,2.6,2.8,3,3,3.3,3.1,3.2,2.6,2.7,2.6,2.7,2.8,2.8,3,3.4,3.6,3.3,3.1,3.5,2.8,2.9,3.4,2.6,2.4,3.5,2.7,2.7,3.7,4,2.7,3.5,3.1,2.9,3.9,3.3,3.5
40,OK,453,4.2,4.3,4,4.4,4.6,4.6,4.8,4.5,4.8,5.7,4.3,5,4.8,5.2,4.7,5.2,6.4,6,5.4,4.9,5.6,6.3,4.9,6,6.3,6,8.6,11.9,9,7.2,7.4,6.6,6.9,7,6.2,6.3,6.2,6.3,5.6,5.5,5.6,5.6,5.4,5.5,5.4,5.3,4.7,4.7,5.3,5.1,4.8,4.7,5.1,5.3,6,5,5.2,5.7,6.1,5.2,4.8,5,4.9,5.3,5.1,5.2,5.4,5.7,5,5.8,5.4,5.1,5.4,4.8,5.2,5.1,5.7,6,5.7,5.9,5.8,6.3,5.7,5.9,5.7,5.7,5.3
40,OK,TOTAL,1.4,1.5,1.5,1.6,1.5,1.5,1.5,1.6,1.5,1.5,1.5,1.5,1.6,1.6,1.4,1.7,2.1,1.8,1.7,1.7,1.8,1.7,1.7,1.7,1.7,1.6,2.2,3.6,2.4,2,1.9,2,1.9,1.9,2,1.9,1.9,2,1.9,2,1.9,1.9,1.9,2,1.9,1.8,1.8,1.7,1.7,1.7,1.6,1.6,1.6,1.6,1.6,1.7,1.7,1.7,1.6,1.6,1.7,1.8,1.7,1.8,1.7,1.7,1.8,1.8,1.7,1.8,1.8,1.8,1.8,1.7,1.8,1.9,1.8,1.8,1.9,1.8,1.9,1.9,1.8,1.8,1.9,1.9,2
41,OR,441,3.6,3.7,3.7,3.7,3.7,3.6,3.8,3.9,3.7,3.8,4,3.8,4,3.9,2.7,2.7,3.7,4.1,4,3.9,4.4,4.3,4.1,4.5,4.3,4.2,7,8.4,5.3,4.8,4.5,4.5,4.7,4.6,5,4.8,4.7,4.8,4.2,4.1,3.9,4.2,4.1,4.7,4.3,4.4,4.3,4.3,4.5,4.4,4.4,4.3,4.7,4.6,4.6,4.6,4.7,4.6,4.7,4.8,4,4.2,3.8,4.2,4,3.6,4.1,4.1,3.8,4.3,4.5,4.5,4.4,4.1,4.6,4.5,4.2,4.3,4.4,4.3,4.5,4.3,4.1,4.4,4.2,4.3,4.2
41,OR,442,6.2,6.2,6.2,6.5,6.4,6.2,6.3,6.2,6.6,6.4,6.3,6.1,6.7,7.3,5.2,4.4,5,6.7,6.4,6.5,7.3,6.6,6.2,7.7,6.7,6.8,9.4,S,9.7,7.8,6.8,6.9,7.4,7,7.3,7.3,6.6,7.1,6.6,6.7,6.8,6.7,6.5,6.8,6.9,6.9,6.5,6.6,6.5,6.1,5.9,5.6,6.2,6.4,6.5,6.7,6.5,6.5,6.7,6.5,7.5,7.6,7.2,7.9,8.2,8.1,8.6,8.5,8.4,8.8,8.2,8.4,7.9,7.7,8.2,7.9,7.9,8.3,8.7,8,8.8,8.6,8.3,8.4,9,8.6,8.9
41,OR,443,9.1,8.1,8.1,7.8,7.8,7.8,9,7.9,8.3,8.4,8.9,9.1,11.1,10.2,10.8,4.6,4.6,10.4,9.2,9.9,9.9,10.3,9.2,9.5,10.4,8.5,13.9,25.4,15.1,14.3,10.7,9.1,9.5,8.2,7.8,5.1,9.2,9.1,9.3,9.2,9.1,8.8,8.5,8.8,9.3,7.7,7.7,7.7,14.6,11.3,11.4,10.3,11,11.7,11.3,11.5,11.2,11.3,12.8,11.4,8.3,8.5,7.8,8.4,8.6,8.6,8.6,8,7.5,7.8,7.3,9.2,8.6,7.9,8.5,9.1,9.6,10.5,10.5,10.4,10.4,10,9,9.4,10.6,9.4,9.7
41,OR,444,4.2,3.9,4,4.2,3.8,3.8,3.9,3.7,4.1,3.9,4.1,4.1,3.9,4.2,4.5,4.5,4.6,4.8,4.4,4.3,4.6,4.5,4.8,4.9,4.5,4.4,5.7,5.9,4.8,4.5,4.3,4.2,4.1,4.2,4.9,4.5,4.8,4.9,4.7,4.3,4.7,4.6,4.7,4.9,4.7,4.8,4.8,4.4,4.3,4.3,4,3.9,4.3,4,4.1,4.1,3.9,4.2,4.5,4.2,4,4.3,3.9,4.4,4.1,4.1,4.8,4,4.2,4.5,4.3,4.4,4.5,3.9,4.3,4.1,4.1,4.3,4.5,3.7,4.2,4,4.2,4.4,4.2,3.8,4.1
41,OR,445,3.2,3,3,3.1,3.2,3,3.2,3.2,3.1,3,3.3,3.2,3,3,3.7,3.7,3.9,3.6,3.7,3.6,3.6,3.7,3.7,3.8,3.5,3.3,3.1,3.4,3.1,3.2,3.1,3.1,3.3,3.2,3.1,3.4,3,2.9,3.1,3,3.2,3.1,3.1,3.2,3.2,3.3,3.3,3.3,3.2,3.2,3.1,3.1,3.2,3.3,3.2,3.1,3,3,3.2,3.1,3.1,3.2,3.1,3.1,3.2,3.2,3.1,3.2,3.2,3.3,3.4,3.2,3.1,3.1,3.1,3.3,3.3,3.2,3.1,3.3,3,3.3,3.2,3.1,3.4,3.1,3.2
41,OR,446,2.8,3.2,3.3,3.5,3.2,3.1,3.2,3.1,3.5,3.9,2.9,3.5,2.9,3,3,2.8,2.5,2.9,2.8,2.6,3.1,3.3,2.7,3,2.3,2.1,2.6,3.4,2.9,2.9,2.6,2.5,2.7,2.4,2.6,2.8,3.2,3.1,2.9,2.8,2.7,3,2.8,3,3.1,3,2.8,3,2.9,2.8,3,2.8,2.7,3,2.7,2.9,3,3,2.8,2.8,2.1,2.3,2.1,2,1.8,2,2.1,2.1,2.2,2.5,2.2,2.5,2.6,2.3,2.3,2.4,1.9,2.7,3,2.4,2.5,3.2,2.4,3,2.7,2.6,2.6
41,OR,447,4.9,4.2,4.8,4.8,4.5,3.8,4,3.8,3.9,3.8,3.9,4.3,5.1,4.8,3.7,3,3.1,3.7,3.9,4,4.1,4,3.9,4.1,3.4,3.6,6.3,7.4,6.3,5.2,5,4.8,5,5,5.3,5.1,5.7,6,5.4,5.7,8.4,6.3,6.2,5.7,5.6,5.6,5.3,4.8,4.8,4.5,4.2,4.2,3.8,3.6,3.5,4.1,4.7,4.1,4.2,4.3,3.8,4,4.3,4.5,4.1,4.3,4.4,3.9,3.9,4,4.2,4.4,5,4.8,4.6,4.4,5,4.7,4.7,4.6,4.1,4.8,5.3,5,4.7,4.8,6.1
41,OR,448,6.4,6.7,6.5,6.3,6.2,6.2,6.8,7.1,5.9,6.7,6.7,6.9,6.6,8.3,3.4,0.6,S,6.9,5.5,6.1,6.2,5.9,5.6,5.8,6.8,6.6,19.2,S,S,12.2,10.4,9.1,8.8,8.8,9.6,8.8,7.8,8.7,7.5,7.2,6.7,6.4,6.2,6.8,6.3,6.3,6.2,6.1,7,6.4,6.3,6,6,5.9,6.4,6.5,5.9,6,6.2,6.3,6,7,6.7,6.6,6.3,6.2,6.3,6.7,5.8,6.1,6.8,6.1,7.7,6.9,7,7.1,6.8,6.9,7.9,8,7.5,7.8,8.5,8.6,8.6,8.6,8.3
41,OR,451,7.4,5.6,4.9,5.5,5.7,5.8,6.1,7.2,6,7.4,6.1,6.1,10.8,8,5.6,S,S,8.6,7.5,8,7.3,8.9,8.3,8,14,8.1,13,16.1,10.7,8.4,7.5,11.1,8.8,9,9.2,8.4,8.8,7.8,5.8,5.7,6,6.2,6.3,8.2,6.2,6.6,7.4,6.7,9.9,7,6.4,6.6,7,6.9,6.6,7.5,6.7,6.9,9.8,6.8,8.7,7.2,6.4,5.9,6.1,6.9,6.2,6.9,6.3,6.9,6.9,7.3,9.6,7.3,7.7,7.6,7.8,8.6,8,7.9,7.7,8,8.2,8.5,11.2,9,7.9
41,OR,452,4.8,4.5,4.3,4.7,4.7,4.5,4.9,5.2,4.7,5.1,4.7,4.6,4.6,4.8,4.7,S,5.2,4.2,4.5,4.4,4.2,4.9,4.2,4,5.5,5.2,6.1,21.5,10.2,8,7,S,7.3,6.6,7,6.5,5.8,6.1,5.9,5.2,5.3,5.3,5.3,6.9,6,5.5,5.7,5.3,5.5,5,5.1,5.7,5.8,5.5,5.5,5.7,5.5,5.9,5.6,6,4.9,5.2,5.6,5.6,5.8,6.3,6,6.6,6.3,6.4,5.8,5.9,6.5,5.3,5.1,5.3,5.5,5.2,5.6,5.7,4.9,5.5,5.4,5.1,6.5,5.2,5.2
41,OR,453,3.5,3.5,3.2,3.6,3.9,3.8,4.1,3.9,3.9,4.6,3.5,4,4.4,4.5,4.2,4,5,4.9,4.5,4.1,4.7,5.5,4,5.1,4.9,4.2,6.6,12.1,9,6.2,6,5.3,5.6,5.6,4.6,4.5,4.9,5,4.4,4.7,5,5.1,4.9,4.8,4.8,4.7,3.8,3.9,4.6,4.4,4.3,4.3,4.5,4.7,5.1,4.4,4.4,5.1,4.8,4.7,4.1,4.3,4.4,5.2,4.8,4.8,5.3,5.2,4.7,5.4,4.4,4.5,5.1,4.4,4.9,5,5.2,5.8,5.7,5.5,5.5,5.8,5.4,5.2,5.5,5.5,4.8
41,OR,TOTAL,1.7,1.6,1.7,1.7,1.7,1.6,1.7,1.8,1.7,1.7,1.7,1.7,1.8,1.8,1.5,1.2,1.7,1.8,1.8,1.7,1.8,1.9,1.7,1.8,1.9,1.8,2.5,3.6,2.7,2.2,2.1,2.2,2.1,2.1,2.2,2.1,2.1,2.1,2,1.9,2,1.9,1.9,2.2,2,2,1.9,1.9,2,1.9,1.8,1.9,1.9,1.9,1.9,1.9,1.9,1.9,2,2,1.8,1.8,1.8,1.9,1.8,1.8,1.9,1.9,1.9,2,2,2,2.1,1.9,2,2,1.9,1.9,2,2,1.9,2,2,2,2.1,2,2
42,PA,441,2.5,2.4,2.4,2.5,2.4,2.4,2.5,2.6,2.6,2.6,2.6,2.5,2.4,2.7,1.7,1.6,2.3,2.6,2.6,2.5,2.9,2.8,2.6,3,2.9,2.7,5,7,4.1,3.3,3.3,3.3,3.1,3.2,3.5,3.4,3.4,3.6,3,3.1,2.9,3.1,3,3.5,3.4,3.4,3.3,3.5,3.1,3,3.1,3,3.2,3.2,3.1,3.3,3.3,3.2,3.4,3.4,3,3.1,3,3.1,2.9,2.8,3,3,2.8,3.1,3.3,3.2,3,2.8,3.3,3.2,3,3.2,3.1,3.2,3.2,3.1,3.1,3.3,3,3.1,3.1
42,PA,442,3.6,3.5,3.5,3.6,3.5,3.4,3.6,3.5,3.7,3.5,3.5,3.4,3.7,3.9,3.1,3.3,2.8,4.2,3.7,3.8,4.4,3.8,3.5,4.5,4.3,4.3,6.2,25.7,7,5.2,4.1,4.1,4.5,4.1,4.2,4.6,3.8,4.1,4,3.8,3.9,3.9,3.7,4,4.1,4.1,3.8,3.8,4.1,3.6,3.6,3.3,3.8,4,3.8,4.2,4,4,4.1,4.1,3.5,3.5,3.4,3.6,3.6,3.8,4.2,4.2,4.1,4.4,4.1,4.4,4.4,3.9,4.1,4.2,4.1,4.3,4.4,4,4.5,4.3,4.1,4.3,4.6,4.2,4.4
42,PA,443,5.7,4.9,4.8,4.7,4.8,4.7,5.6,4.9,5.1,5,6,6.1,5.7,5.2,6.4,3.2,2.6,7.1,5.6,5.1,5,5.3,5.2,5.6,8.4,5.8,12,20.9,9.6,11.1,7.8,5.4,6.1,5.8,6.7,2.3,7.4,5.7,5.9,5.8,5.6,5.4,5.6,5.6,5.8,4.9,5.4,4.3,8.2,6.4,6.4,5.5,6.1,6.3,6.4,5.8,6.3,6.3,7.2,6.3,6.2,5.8,5.4,5.9,5.7,5.8,5.8,5.3,5.2,5.6,5.2,6.5,6.1,5.5,5.9,6.4,7.2,7.6,8,7.7,8.2,6.9,6.5,7.2,8.6,6.8,7
42,PA,444,3.2,2.8,2.9,2.9,2.6,2.9,2.7,2.6,3,2.7,2.9,2.8,2.6,2.8,3.1,3.3,3.1,3.4,3.1,2.9,3.1,3.1,3.4,3.5,3,2.9,4.1,4.3,3.2,3.2,2.8,2.8,2.7,2.9,3.6,3.1,3.2,3.4,3.4,3,3.3,3.3,3.3,3.4,3.2,3.4,3.6,3.2,3.1,3.3,3,2.9,3.2,3,3.1,3.1,2.9,3.3,3.7,3.4,3.1,3.3,2.9,3.3,3.1,3.1,3.8,2.9,3.3,3.5,3.3,3.5,3.5,2.9,3.1,3,3,3.2,3.4,2.7,3.1,2.9,3,3.4,3.2,2.8,3.1
42,PA,445,1.4,1.4,1.3,1.5,1.4,1.4,1.5,1.4,1.4,1.4,1.3,1.4,1.3,1.3,1.5,1.1,1.4,1.4,1.5,1.4,1.4,1.4,1.4,1.4,1.4,1.4,1.2,1.4,1.5,1.6,1.5,1.6,1.5,1.5,1.5,1.5,1.2,1.3,1.4,1.4,1.3,1.4,1.4,1.3,1.3,1.3,1.3,1.3,1.3,1.3,1.4,1.3,1.4,1.3,1.3,1.3,1.3,1.3,1.3,1.2,1.3,1.3,1.4,1.3,1.5,1.4,1.5,1.5,1.4,1.5,1.5,1.4,1.4,1.4,1.4,1.5,1.5,1.5,1.5,1.5,1.6,1.5,1.4,1.4,1.4,1.4,1.5
42,PA,446,1.1,1.3,1.4,1.5,1.4,1.3,1.3,1.3,1.5,1.7,1.3,1.5,1.4,1.5,1.5,1.3,1.3,1.4,1.4,1.4,1.6,1.7,1.4,1.5,1,0.9,1,1.3,1.2,1.1,1,1.1,1.1,1,1.1,1.2,1.2,1.2,1.1,1.1,1.1,1.2,1.1,1.1,1.2,1.1,1.1,1.3,1.3,1.3,1.3,1.2,1.3,1.3,1.2,1.3,1.3,1.3,1.4,1.5,1.1,1.2,1.1,1.1,1,1,1.2,1.2,1.2,1.5,1.3,1.5,1.5,1.3,1.4,1.4,1.2,1.4,1.6,1.3,1.2,1.7,1.3,1.8,1.6,1.4,1.4
42,PA,447,2,2.4,2.1,2.8,2.3,2.2,2,2.2,2.2,2.2,2.3,2.5,2.4,2.4,2,1.6,1.6,1.9,1.9,1.7,1.8,1.8,1.6,1.8,1.8,2,2.7,3.4,3.4,2.7,2.6,3.4,3.5,3.6,3.7,3.7,2.7,2.8,3.8,4.1,3.9,3.3,3,2.7,2.6,2.4,2.5,2.4,2.2,2.1,2,2,1.8,1.7,1.8,2.1,2.5,2.2,2.1,2.1,2.7,2.9,3,3.2,3,2.8,2.9,2.5,2.6,2.6,2.5,2.8,2.9,2.6,2.9,2.7,2.8,2.8,2.7,2.7,3.3,2.9,3.3,3,2.9,2.7,3.4
42,PA,448,3.1,3.3,3.1,2.9,2.7,2.8,3.2,3.4,3,3.2,3.4,3.4,3.7,3.7,1.8,S,S,4.4,3.5,3.5,3.4,3.3,3.2,3.4,4,3.8,10.3,S,S,8.2,5.2,4.9,4.3,4.6,5.7,5.4,5.1,5.9,4.5,4.4,3.8,3.6,3.7,3.9,3.8,3.8,3.9,4.3,4.6,4.1,3.8,3.6,3.4,3.6,3.8,3.7,3.4,3.4,4,4.2,3.8,4.1,3.8,3.5,3.5,3.7,3.7,3.7,3.2,3.6,4,3.7,4,3.8,3.8,3.9,3.7,3.9,4.2,4.2,4,4.1,4.8,4.8,4.8,4.9,4.6
42,PA,451,5.3,3.6,4.2,4.3,4.7,4.8,5.2,6.5,5.3,6.5,4.8,5.1,9.3,7.2,4.2,S,S,7.3,6.5,6.7,7.1,7.3,5.5,5.7,11.9,6.5,10.9,S,40.9,5.3,4.6,7,4.8,5.3,5.6,5,6.6,5.4,3.7,4.8,4.5,5,4.7,7.3,5.3,6,6.3,5.6,8.1,6.7,4.6,4.7,4.8,5.3,5,5.5,5.1,5.2,6.5,5.2,8.8,6.2,5,4.5,5.1,5.7,5,5.8,5,6.1,6.5,6.3,8.7,5.6,5.3,5.3,5.3,6.2,5.8,5.7,5.9,6.3,6.9,6.7,9.1,6.2,5.7
42,PA,452,1.9,1.8,1.7,2.1,1.9,1.9,2,2.1,1.9,2.1,2,1.9,2.1,2.1,2.2,S,3.4,3.1,3,2.9,2.9,2.8,2.9,2.3,2.5,2.2,2.8,5.5,4.2,2.5,2.2,3,2.6,2.8,2.9,2.5,2,2.1,1.9,2,2,1.8,1.7,3,2.1,2.2,2.1,1.9,2,1.8,1.9,2.3,2.3,2.9,2.4,2.4,2.7,2.8,2.2,2.4,2,1.8,2.1,2.1,2.4,2.9,2.5,2.6,2.5,3,2.3,2.5,2.6,1.9,1.8,2.6,1.9,2.3,2.2,2.8,2,2.8,2.3,2.1,2.8,2.4,2.8
42,PA,453,3.3,3.3,2.6,2.9,2.9,2.8,2.9,2.6,2.9,3.8,2.7,3,2.9,3.4,2.9,2.9,3.5,3.4,3,2.7,3.1,3.6,2.6,3.3,2.7,2.5,4,7.6,6.4,4.1,3.8,3.3,3.6,3.9,2.8,3.2,4.2,4.1,3.6,3.8,4,4,3.8,3.8,3.7,3.6,2.8,3.1,5.1,4.9,4.7,4.5,4.4,4.6,5,4.7,4.4,5.3,6.1,4.9,4.5,4.8,4.7,5.1,4.8,4.6,4.9,5.2,4.7,5.4,5.6,5.1,4.9,4.5,4.8,5,5.6,5.6,5,5.1,5.3,5.5,5.8,5.5,5.5,5.8,5.3
42,PA,TOTAL,0.8,0.8,0.8,0.9,0.8,0.8,0.9,0.9,0.9,0.9,0.9,0.9,0.8,0.9,0.8,0.6,0.9,1,1,0.9,1,0.9,0.9,0.9,0.9,0.9,1.2,1.8,1.5,1.1,1,1.1,1.1,1.1,1.2,1.1,1,1.1,1.1,1.1,1.1,1.1,1,1.1,1,1,1,1,1,1,1,1,1,1,1,1,1,1,1,1,0.9,1,1,1,1,1,1.1,1,1,1.1,1,1,1,1,1.1,1.1,1,1.1,1.1,1.1,1.1,1.1,1,1.1,1.1,1,1.1
44,RI,441,7,6.8,7,7.2,6.9,6.8,7.4,7.6,7.5,7.6,7.8,7.7,7.8,8.5,5.6,5.1,7.2,8.5,8.2,7.8,9.1,8.8,8.2,9.2,8.1,7.6,13.2,17.1,10.2,9.2,8.8,8.7,8.5,8.9,9.9,9.4,9.5,9.8,8.3,7.9,7.7,8.3,8,9.4,8.8,8.7,8.5,8.3,8.7,8.2,8.3,8.1,9.4,9,9.2,9.1,9.3,9.1,9,9.4,8.9,9.6,8.7,9.4,8.6,8.1,9,8.7,8.4,9.2,9.3,9.4,8.8,8.3,9.5,9.3,8.5,8.9,8.6,9.2,9.3,8.8,8.7,9.2,8.9,9,8.9
44,RI,442,9.2,9.2,9.5,9.7,9.6,9.4,9.6,9.5,9.8,9.6,9.4,9.2,9.7,10.4,7.5,4.5,6.2,9.6,9.4,9.3,10.1,9.9,9.4,10.6,10.9,11.5,16.6,S,19.9,13.7,11.4,11.5,13,11.6,12.3,12.9,8.8,9.7,9,9,9.1,9,8.6,9.1,9.4,9.5,9,8.9,10.2,9.5,8.9,9,9.7,9.8,10.1,10.6,10,9.7,10.5,10.1,9.1,9.3,9,9.6,9.8,9.8,11.1,10.9,10.9,11.2,10.9,11,11.3,10.2,10.9,11.1,10.8,10.9,11.6,10.6,11.1,11.1,10.7,11,11.8,10.8,11.2
44,RI,443,20.7,21.1,20,15.5,15.9,14.7,16.8,15.8,16.8,16.4,16.8,17.7,14.9,15.6,13.3,6.2,6.7,14.1,13.7,15.3,14.9,15.6,16,13.4,19.2,16.6,24,31.6,27.3,19,16.6,15.8,17,13.5,17.1,36.1,16.7,18.3,17.4,16.2,15.5,16.4,15.2,15.2,12.5,8.5,12.9,32.2,15.8,15.6,16,14.3,15.5,16,16,15.6,14.8,14.1,17.1,13.8,13.2,14.2,12.4,12.7,12.7,12.7,12.9,12.7,11.5,12.2,13.9,13.7,14.2,13,14.1,14.3,17.6,16.4,16.3,15.8,15.6,15.1,15,13.9,15.5,15,14.2
44,RI,444,9.7,8.7,8.8,8.7,8.5,8.3,9,8.8,9.3,8.8,8.9,9,8.4,9.4,9.2,8.7,9,10.1,9.7,9.5,10.1,9.7,10.1,10.5,9.4,9.2,11.4,11.8,9.9,9.3,9,9.1,8.6,8.7,9.7,9.5,9.9,10.5,9.4,8.6,9.3,9.2,9.4,10.3,9.7,9.8,9.2,8.8,8.7,8.9,8,7.7,8.4,8.2,8.3,8.8,8.1,8.8,8.7,8.1,7.4,8.2,7.3,8.2,7.6,7.7,8.7,7.7,8.3,8.8,8.1,8,8.6,7.9,8.5,8.3,7.8,8.3,8.3,7.1,8.3,7.9,7.4,8.2,8,7.6,7.9
44,RI,445,5.3,5.4,5,5,5.1,5.2,5.2,5.2,5.2,5.3,5.2,5.7,4.9,5.5,6.4,7.1,6.4,5.8,5.9,5.7,5.7,5.9,5.8,6.1,5.6,5.3,4.2,4.5,5.4,5.5,5.4,5.5,5.7,5.7,5.5,5.8,5.1,4.9,5.4,5.6,5.3,5.6,5.6,5.5,5.8,5.7,5.6,5.7,4.8,5,5.3,5.1,5.2,5.1,5.1,5.2,5.3,5.2,5.4,5.1,5.3,5.5,5.5,5.4,5.3,5.4,5.7,5.5,5.7,5.8,5.9,5.7,5.6,5.6,5.6,6.3,5.8,6,6.1,5.8,6.7,6.2,6.1,6.1,6.1,5.8,6.1
44,RI,446,2.5,2.6,3,3.1,2.7,2.6,2.8,2.6,3,3.3,2.5,3.1,2.9,2.9,3.3,2.9,2.6,3,3.1,2.8,3.4,3.4,2.9,3.4,2.4,2.2,2.6,3,2.6,2.8,2.5,2.5,2.7,2.4,2.5,2.7,3,2.7,2.7,2.7,2.5,2.8,2.6,2.6,2.9,2.6,2.5,2.8,2.9,2.8,3,2.9,2.7,3,2.7,2.7,2.8,2.9,2.7,2.8,2.5,2.7,2.4,2.4,2.3,2.5,2.7,2.6,2.7,3.3,2.7,2.9,3.4,3,2.9,3,2.5,3.3,3.8,3.1,3.2,4.2,3.2,4.1,3.9,3.5,3.7
44,RI,447,6.3,6.9,7,7.7,7.1,6.7,6.8,6.7,6.6,6.7,7,7.7,7.3,7.1,5.8,4,4.5,5.4,5.6,6,6.1,6.1,5.7,6.3,5.3,5.5,S,S,S,8.3,7.9,7.8,8.1,S,S,S,9.3,9.9,S,S,12.5,10.4,9.6,8.9,7.9,7.7,7.8,7.1,S,S,S,S,S,S,S,S,S,S,S,S,12.4,14.4,13.5,14.3,14,13.3,13.2,12.3,12,13.4,12.3,13.4,12,10.8,11.9,11.2,10.7,11.8,11.5,11.6,S,12.2,13.4,12.5,12,11.5,13.2
44,RI,448,7.6,7.5,7.4,7.1,6.7,7,7.6,7.5,7,7.4,7.4,7.4,8.1,8.4,4.2,S,S,8.2,6.9,6.8,7.1,7.2,6.9,6.9,8.2,7.4,19.8,S,S,13.1,11.4,9.9,9.3,10.1,11.1,9.8,8.2,9.3,7.9,7.8,6.9,6.2,6.1,6.7,6.1,6.1,5.9,6.2,7.2,6.6,6.1,5.9,5.8,5.7,6.3,6.1,5.6,5.8,6.3,6.3,5.9,6.3,5.9,5.6,5.8,5.7,5.7,5.6,5.2,5.8,6,5.7,7.7,7.1,7.3,7.3,7.1,7.1,7.5,7.3,7.6,7.7,8.6,8.7,8.8,8.8,8.4
44,RI,451,11.5,14.4,11.6,10.9,12.4,13.6,13.8,12.9,11.3,9.8,11.2,11.4,14.4,13.6,10.4,S,S,S,S,20.6,S,S,S,S,20.9,14.9,35.5,S,S,20.9,19.3,16.6,18.8,23,23.2,S,S,S,S,S,18,15.8,S,15.9,S,S,S,S,S,S,S,S,S,S,11.8,10.2,10,S,S,S,19.5,14.5,13.6,13.8,13.2,18.2,14.3,13.4,12.5,21,16.5,15.1,19.9,14.2,15.9,15.6,14.1,13.2,18.5,16.9,16.9,14.9,17.3,15.3,23.8,18.2,15.5
44,RI,452,6.9,6.3,6.1,6.9,6.7,6.6,7.3,8.1,7.1,7.5,6.7,6.5,7.1,7.8,7.8,S,13.6,9.2,9.9,9.7,9.6,9.4,9,7.4,7.5,6.8,8,18.6,12.5,8.6,6.6,8.3,8.4,8.3,8.4,7.2,5.6,6.6,6.2,6.4,6.8,6.2,6.1,10.2,7.2,6.9,6.6,6.2,S,8,7.5,9.1,9.1,10.3,9.8,10.3,10,10.6,8.6,8,6.6,6.1,6.8,6.9,7.5,8.5,7.5,8.8,7.5,9,7,7.3,7.9,6.1,5.7,9.2,7.4,8.3,7.3,8.2,5.5,7.6,6.7,6.3,9.5,7.4,8.9
44,RI,453,7.6,7.6,7.4,8.1,7.9,8.3,8.8,7.9,8.2,9.2,7.3,7.7,9.8,10,9.6,10.2,12,13.2,11.4,9.9,11.1,10.9,9,9.5,9.6,8.2,12.6,21.3,14.7,11.5,10.8,11,12,12.2,8.7,9.1,11.5,11.4,10,11.4,12.4,12.6,11.3,10.3,10,9,8.7,9.3,8.2,7.4,7.5,7.3,8,8.5,7.9,7.5,8.7,10.1,7.3,6.6,9.6,9.9,10.3,12,12.1,11.6,12.1,11.1,11,10.7,10.5,11.3,10.6,9.5,10.4,9.8,10.3,12.1,10.5,10.2,11.5,13.9,11.4,10.3,11.9,11.5,11.4
44,RI,TOTAL,2.5,2.5,2.6,2.6,2.5,2.5,2.7,2.7,2.6,2.6,2.6,2.6,2.6,2.9,2.4,2,2.9,3,2.9,2.9,3.1,3,2.9,2.9,2.7,2.6,3.4,4.7,4,3.3,3,3.1,3.1,3.1,3.2,3,3,3.2,3.3,3.3,3,3,2.9,3.2,2.9,2.9,2.8,2.6,2.8,2.8,2.7,2.7,2.8,2.8,2.8,2.9,2.9,2.9,2.8,2.7,2.8,3,2.9,3,2.9,2.9,3.1,3,2.9,3.1,2.9,2.9,3,2.8,3.1,3.3,3,3.1,3.1,3.1,3.2,3.1,2.9,2.9,3.1,3,3.2
45,SC,441,3.7,3.7,3.8,3.9,3.8,3.7,4,4,4,4,4.2,4,4,4.1,2.8,2.8,3.8,4.3,4.2,4,4.6,4.6,4.2,4.7,4.8,4.5,7.4,8.9,5.7,5.2,5.1,5,5,4.9,5.4,5.2,5.3,5.6,4.7,4.7,4.5,4.7,4.7,5.4,5.1,5.3,5.1,5,4.7,4.5,4.6,4.4,5.1,4.9,4.9,4.9,5,4.8,5,5.1,5,5.3,5,5.2,4.9,4.6,5,5.1,4.8,5.3,5.6,5.6,4.5,4.2,4.8,4.7,4.3,4.6,4.6,4.6,4.8,4.6,4.4,4.7,4.5,4.6,4.5
45,SC,442,4.2,3.8,4,4.1,4,3.9,4,3.8,4.2,3.9,3.9,4,4.7,4.6,3.2,4.3,4,4.8,4.3,4.4,5,4.5,4.2,5.4,4.7,4.3,6.4,S,6.3,4.9,4.2,4.2,4.6,4.6,4.8,4.8,4.2,4.4,4.2,4,4.2,4.3,4,4.3,4.3,4.5,4.2,4.5,5.2,4.7,4.7,4.4,4.8,4.9,5.3,5.7,5.2,5.2,5.1,5,4.3,4.1,3.9,4.2,4.3,4.5,4.5,4.6,4.5,4.8,4.9,5.2,5.5,4.8,5.1,5.1,5.1,5.2,5.6,4.9,5.3,5.3,5,5.5,5.5,4.9,5.3
45,SC,443,10.7,10.3,10.1,10.5,11.2,10.8,12.1,11.1,11.9,11.9,12.2,11.9,14,13.3,13.6,5.4,5.6,12.6,11.3,12,11.8,12.5,11,10.8,11.7,10,14.6,27,18,13.7,11.3,9.9,10.5,9.8,8.9,19.9,10.2,9.7,10.1,10.3,10.1,9.4,9.4,9.5,10,8.2,7.3,3.7,10.1,8.9,8.5,8,8.9,9.3,8.9,8.9,8.9,8.8,9.2,6.9,10.1,11,9.7,10.6,10.3,10.7,10.8,10.2,9.6,9.5,9.5,10.4,10.2,8.8,9.4,9.8,10.7,11.4,11.8,10.9,11.8,12.7,10.7,11.5,12.7,10.9,11.3
45,SC,444,4.3,3.8,3.9,3.9,3.6,3.8,3.7,3.6,4,3.7,3.9,3.9,3.6,4,4.3,4.6,4.3,4.8,4.4,4.1,4.4,4.3,4.7,4.8,4.6,4.4,6,6.2,4.7,4.7,4.4,4.3,4.2,4.4,5.3,4.7,4.5,4.7,4.5,4,4.5,4.5,4.4,4.6,4.4,4.6,4.7,4.3,4.5,4.6,4.2,4,4.4,4.2,4.3,4.4,4.1,4.5,4.9,4.5,4.4,4.8,4.3,4.9,4.5,4.6,5.3,4.5,4.9,5.4,5.1,5.2,5.1,4.3,4.7,4.6,4.5,4.7,5,3.9,4.7,4.5,4.2,4.8,4.4,4,4.3
45,SC,445,2.7,2.7,2.6,2.7,2.7,2.7,2.7,2.7,2.7,2.7,2.7,2.7,2.5,2.6,3,2.9,2.9,2.8,2.8,2.7,2.8,2.7,2.8,2.8,2.5,2.4,2.1,2.4,2.5,2.6,2.5,2.5,2.7,2.6,2.6,2.7,2.6,2.5,2.6,2.5,2.5,2.6,2.4,2.4,2.4,2.5,2.4,2.5,2.6,2.8,2.8,2.7,2.8,2.7,2.7,2.7,2.6,2.6,2.8,2.7,2.5,2.6,2.6,2.5,2.7,2.6,2.6,2.6,2.6,2.8,2.8,2.7,2.6,2.5,2.5,2.7,2.6,2.6,2.6,2.7,2.6,2.5,2.6,2.6,2.6,2.6,2.6
45,SC,446,1.5,1.6,1.8,1.8,1.7,1.6,1.7,1.6,1.8,2,1.5,1.9,1.7,1.7,1.9,1.7,1.6,1.8,1.9,1.7,2,2.1,1.7,2,1.4,1.4,1.5,1.8,1.7,1.7,1.6,1.5,1.6,1.6,1.6,1.7,1.8,1.7,1.7,1.7,1.6,1.7,1.6,1.7,1.7,1.7,1.6,1.7,1.7,1.7,1.9,1.7,1.6,1.8,1.7,1.7,1.8,1.8,1.6,1.8,1.7,1.8,1.7,1.6,1.5,1.7,1.9,1.8,1.9,2.4,2,2.1,2.3,2.1,2,2.1,1.7,2.4,2.8,2.2,2.4,3.2,2.3,3.1,2.8,2.6,2.9
45,SC,447,2.4,2.7,2.5,3.2,2.6,2.6,2.5,2.5,2.5,2.5,2.6,2.8,2.8,2.8,2.2,1.8,1.9,2.1,2.2,2.2,2.2,2.2,2.1,2.3,2.2,2.3,3.5,4.3,4.7,3.3,3.2,3.4,3.5,3.6,3.8,3.8,3,3.3,3.9,4.1,3.8,3.6,3.4,3.2,3.3,2.9,3,2.6,2.9,2.7,2.5,2.5,2.3,2.1,2.2,2.5,2.9,2.6,2.4,2.6,3.5,3.7,3.9,3.9,3.9,3.7,3.7,3.3,3.3,3.4,3.8,3.7,3.8,3.5,3.6,3.4,3.5,3.6,3.6,3.6,3.7,3.8,4,3.9,3.7,4,5.3
45,SC,448,3.8,3.5,3.3,3.3,3.2,3.2,3.4,3.9,3.9,3.6,3.7,3.7,3.8,4,2.3,S,S,6.2,3.5,3.7,4,3.9,3.9,3.7,4.5,4.2,9.7,54.2,12.7,7.5,5.7,5.4,4.5,4.8,5.6,4.9,4.9,5.3,4.4,4.2,3.7,3.6,3.9,4.1,3.9,3.9,4,4.2,5.1,4.3,4.2,3.9,3.6,4,4.1,4,3.9,3.7,4.5,4.2,4.2,4.1,3.8,3.8,3.8,4,3.6,3.7,3.6,3.8,4.4,4.1,4.1,3.8,3.9,4.1,4,4.1,4,4.6,4.3,3.9,4.5,4.5,5.1,4.8,5
45,SC,451,9.4,6,5.3,6.1,6.1,6.2,6.6,7.7,6.3,6.9,6.1,6.4,8.4,6.8,6,S,S,9.7,8.8,8.1,7.7,8.2,7.3,7.6,10.8,7.8,11.9,S,12.9,8.2,7.8,9.1,7,7.8,8.8,7.9,8.7,7.7,6.1,6.4,6.4,6.7,6.9,8,6.5,6.8,8.1,7.7,10.3,8,8.2,8.5,8.6,9.1,8.9,8.9,8.4,8.4,9.7,8.5,8.8,9,8.3,7.6,8,9,8.5,8.1,8.1,8.1,8.4,9.1,9.9,8.3,9.1,9.3,9.5,10.3,9.7,9.6,9.5,10,9.6,10.1,11.6,9.7,10
45,SC,452,2.5,2.1,2,2.5,2.3,2.1,2.4,2.5,2.2,2.4,2.5,2.4,2.4,2.4,3,2.2,S,4,3.4,3.8,3.5,4,3.8,3.2,2.9,3,3.3,5.8,S,3,2.8,4.4,3,3.3,3.7,3.2,2.7,3,2.8,2.8,3,2.7,2.6,4.8,2.8,3.2,3,2.6,2.7,2.6,2.3,2.6,2.9,3.7,3,2.7,3.2,3.4,2.6,2.9,2.6,2.4,2.9,3,3.4,4.3,3.5,2.9,3.5,4.1,3.1,3.5,3.1,2.5,2.3,3.5,2.6,3.1,2.8,3.3,2.5,3.4,2.6,2.7,3.2,2.8,3.5
45,SC,453,3.6,3.7,3.4,3.7,3.9,3.9,3.9,3.7,3.9,4.7,3.7,3.9,4.1,4.4,4,3.9,4.7,4.6,4.3,3.9,4.4,5,4.1,4.4,5,4.4,7.2,11.2,8.1,6.4,5.8,5.6,6,6.2,5.6,5.4,5.9,5.5,5,5.1,5.3,5.3,4.8,5,4.9,4.8,4,4.2,4.6,4.2,4.1,3.9,4.3,4.4,4.6,4.4,4.5,4.9,4.6,4.2,4.3,4.4,4.4,5.4,4.6,4.9,4.9,5.2,5.1,5.3,4.5,4.6,5.2,4.9,5.1,5.1,5.8,5.8,5.9,5.1,5.8,5.9,5.4,5.6,5.3,5.5,5.3
45,SC,TOTAL,1.2,1.2,1.2,1.3,1.2,1.2,1.2,1.2,1.2,1.2,1.2,1.2,1.2,1.3,1.2,1.7,1.8,1.4,1.4,1.3,1.4,1.4,1.4,1.4,1.4,1.3,1.7,3.5,2.1,1.6,1.5,1.6,1.5,1.6,1.6,1.5,1.5,1.6,1.6,1.6,1.5,1.5,1.5,1.7,1.5,1.5,1.5,1.4,1.5,1.4,1.4,1.4,1.4,1.4,1.4,1.4,1.5,1.4,1.4,1.4,1.5,1.6,1.6,1.6,1.6,1.6,1.6,1.5,1.5,1.6,1.6,1.6,1.5,1.5,1.6,1.6,1.5,1.6,1.6,1.6,1.6,1.6,1.5,1.5,1.5,1.6,1.7
46,SD,441,7.6,7.7,7.6,8,7.7,7.6,8.1,8.2,8.2,8.3,8.7,8.1,8.6,8.8,6,5.6,7.8,8.9,8.7,8.2,9.5,9.4,8.6,9.7,10.9,10.3,17.2,19.7,12.7,11.6,11.3,11,10.9,11.3,12.1,11.6,8.5,8.8,7.4,7.3,7,7.5,7.4,8.2,7.9,8,7.7,7.9,8.9,8.6,8.4,8.3,9.1,8.8,8.8,8.8,9.1,8.7,9.2,9.2,7.9,8.4,7.8,8.3,8.1,7.5,8.3,8.3,7.8,8.8,9,9,8.5,8,9.1,9,8.3,8.6,8.6,8.5,8.9,8.5,8.2,8.7,8.6,8.5,8.4
46,SD,442,8.8,8.6,8.3,9.1,8.8,8.5,8.8,8.5,8.8,8.9,8.9,8.5,9.6,9.9,7.8,5.5,7.3,9.7,9.4,9.5,10.1,10,9.4,12.3,11.1,12.6,15.2,S,16.7,11.9,11.1,10.5,11.7,11,11.3,12.2,8,8.3,7.7,8.4,8.4,8.2,8.1,8.1,8.4,8.6,8.5,9,10.5,9.7,9.6,8.7,9.2,10,9.6,10.5,10.2,10.7,10.8,10.3,8.7,8.6,8.2,9.7,10.1,9,10.8,10.6,9.4,10,9.4,9.4,9.5,8.6,9.2,9.5,9.2,9.6,10.2,9.6,10.3,10.1,9.8,9.8,10.4,9.7,10.1
46,SD,443,20.9,17.4,17.2,15.8,15.5,15.3,15.8,15.6,16.2,15.6,17,17.2,16.2,15.7,14.3,4.4,6,13.5,13.7,S,13,13.5,13.3,13.5,21.9,19.5,20.6,64.6,43.7,11.9,11.8,12.4,13.3,10.8,12.8,8.6,13.7,13.5,15.2,14.5,15.1,13.7,13.1,15.5,13.9,11.1,11.4,13.4,16.3,14.7,14.3,13,14.4,15,14.7,14.7,14.1,14.2,13.8,15,14.5,16.9,13.7,16.3,12.9,15.2,15.8,14.7,14.5,14.6,16.3,14.6,13.9,12.2,13.8,15.5,21.3,17.4,18.2,17.2,18.1,17.4,17.4,19,19.5,19.8,19.7
46,SD,444,7.1,7,6.8,6.9,6.3,6.6,6.9,6.4,7,6.6,6.8,7,6.2,7.2,7.3,7.5,7.8,8.1,7.5,7.2,7.6,7.2,7.6,8.1,7.9,7.5,9.1,8.9,7.5,7.3,7.1,7.1,6.8,7,7.9,7.6,8.2,8.6,7.9,7.4,8.1,7.9,7.9,8.4,8,8,7.9,7.4,7.7,7.7,7.1,7.1,7.6,7.2,7.3,7.3,7.1,7.4,7.7,7.3,6.6,7.1,6.6,7.3,6.9,6.7,7.8,7,7.1,7.4,7.1,7.1,7.3,6.5,7.3,7.3,7.1,7.3,7.6,6.2,7.3,6.8,6.6,6.9,6.5,6.1,6.5
46,SD,445,11.3,10.7,10.7,11.1,10.6,11.1,11.5,11.5,10.9,10.9,11.2,11.2,11.3,12,13.6,13.1,13.7,12.7,12.7,12.4,12.8,13,12,12.3,11.4,10.9,9.8,10.7,10.7,10.9,10.9,11,11.2,10.9,11.9,11.5,10.5,10.8,10.8,10.8,10.6,11.1,10.9,10.5,10.5,10.8,10.9,10.7,10.3,10.3,10.2,10.2,10.1,9.8,9.7,10.1,10.2,9.8,10.2,9.8,9.5,9.7,9.7,9,9.4,9.2,9.4,9.5,9.2,9.6,9.8,9.1,10.1,9.7,9.6,10.4,9.6,9.7,9.8,9.8,9.6,10.2,10,9.6,9.9,9.9,9.9
46,SD,446,5.1,5.5,5.2,5.3,4.9,5.3,5.3,4.9,5.5,6,4.8,5.6,4.6,4.5,4.8,4.6,4.3,4.6,4.5,4.3,5,4.7,4.5,4.7,3.9,3.8,4.3,5.1,4.6,4.9,4.2,4.3,4.4,4.2,4.3,4.9,4.3,4.1,4.1,3.8,3.6,4.1,3.6,4,4.3,4.1,3.8,4.1,4.4,4.4,4.7,4.3,4.2,4.6,4.1,4.3,4.5,4.5,4.3,4.8,4,4.2,4,3.8,3.5,3.8,4.4,4.1,4.4,5.4,4.4,5.1,5.7,4.6,4.6,4.8,3.7,5.3,5.9,5,4.9,6.1,4.6,6.3,5.3,5,5.4
46,SD,447,6,5.7,6.4,6.3,5.7,5.5,6,6.9,5.5,5.5,5.6,6.2,5.6,5.5,4.4,3.4,3.6,4.2,4.4,4.5,4.7,4.6,4.3,4.8,4.2,4.4,6.6,8.1,7.2,6.1,5.8,6,6.3,6.5,7,6.8,5.5,5.8,5.7,5.8,7.9,6.2,5.8,5.4,5.2,4.7,4.7,4.2,4.8,4.6,4.2,4.2,3.8,3.6,3.6,4.2,5.1,4.4,4.4,4.6,3.9,4.1,4.3,4.5,4.4,4.1,4.2,3.8,3.8,3.9,4.2,4.3,4.7,4.2,4.3,4.2,4.3,4.4,4.2,4.2,4.2,4.3,4.6,4.3,4.2,4.2,5.5
46,SD,448,5.4,5.5,5.3,5.2,4.9,4.9,4.9,4.9,5.1,5.5,5.8,6,5.3,6.1,3,4.7,S,6.5,4.3,4.2,5.1,5,5.1,5.5,7.4,6.3,16.1,S,S,S,9.1,8.7,7.8,8.3,9.3,7.9,8.2,10,7.5,7.9,7.3,6.7,6.5,6,7.1,7.2,7.5,8,9.1,9,7.8,7.9,7.9,8,7.3,6.3,7.6,7.7,8.8,S,6.6,7.4,6.7,6.4,6.5,6.6,6.5,6.3,6.2,6.5,6.6,6.8,7.7,6.9,7.6,7.5,7.7,7.8,7.9,8,8.1,8.1,9.1,9.6,9.3,9.4,8.7
46,SD,451,12.6,11.9,10.4,15.4,15.2,16.5,17.1,14,13,17.4,14.8,14.6,17.8,S,S,S,S,S,23.8,17.8,18.5,20.9,S,18.7,22.4,19.2,30.7,S,29.7,20.9,18.8,17,16.7,20,23.3,18.4,17.2,17.4,13.9,15.2,14.8,16,17.2,17.6,15.7,17.3,18,17.2,16.7,14.2,13,16.8,13.8,15.5,13.5,14.7,14.2,15.5,16.9,13,17.1,18.9,15.3,13.9,14.6,17.7,16,13.3,15.3,15.4,15.8,15.8,19,14.7,16.7,17.1,14.3,17.4,15.1,13.8,15.6,19.3,18.1,18,20,16.2,15.3
46,SD,452,4.6,4.1,4.2,4.7,4.1,4.5,5.1,6.5,4.8,5.5,4.4,4.6,4.3,4.9,5.2,S,11.4,7.4,6.1,6.7,5.7,5.8,5.3,4.7,5.7,5.5,6.1,10.1,9.2,6.3,5.4,8.7,6.2,6.5,6,4.9,6.2,6.8,5.7,5.5,6.2,5.3,5.7,10.6,5.9,5.9,5.6,4.5,5.4,5.3,5.3,6.6,6.7,8.1,6.4,7.2,7.6,8.3,5.9,7.2,6,5.8,6.1,6.6,7,8.6,8.1,8.2,7.7,9.2,7,7,8.6,5.9,5.6,6.6,5.9,6.1,6.5,7.6,5.5,6.6,6,5.4,7.9,6.2,6.9
46,SD,453,8.8,10.1,10.1,9.7,9.5,9.2,10.4,9.4,9.5,10.5,9.7,11.1,10.1,S,9.1,7.2,8.8,8.4,9.4,8.7,9.7,11,8.3,9.8,11.1,10.8,16.5,23.4,15.9,16.5,12.7,12.6,13.6,14,12.3,12.3,13.4,11.4,8.9,9.7,11.1,10.5,10.1,9.9,9.6,10.2,7.7,9.3,11.3,8.1,8.7,9.1,9.9,10.1,9.9,9.5,9.7,10,10.3,9.7,8.9,9,9.2,10.1,9.3,9.8,9.9,10.3,9.7,10.7,8.3,9.5,8.4,8.1,8.6,8.6,9.5,9.7,9.4,8.3,9.4,9.7,9.8,9.5,8.8,8.9,8.8
46,SD,TOTAL,3.2,3.1,3.2,3.3,3,3,3.3,3.4,3.1,3.1,3.1,3.1,3.2,3.5,2.8,2.5,3.4,3.4,3.3,3.2,3.5,3.4,3.2,3.4,3.9,3.8,5.1,6.7,4.8,4.3,4.1,4.2,4.1,4.2,4.3,4.1,3.7,3.9,3.5,3.5,3.6,3.6,3.5,3.7,3.4,3.4,3.3,3.2,3.3,3.3,3.1,3.1,3.1,3.1,2.9,3.2,3.3,3.2,3.2,3.3,2.9,3.1,3,3.1,3,3,3.1,3,2.9,3.2,3.1,3.1,3.3,3,3.3,3.3,3.1,3.1,3.1,3.1,3.1,3.1,3,3.1,3.2,3.1,3.3
47,TN,441,3.6,3.6,3.8,3.9,3.7,3.7,3.9,4,3.9,4.1,4.2,3.9,4.2,4.4,2.9,2.9,4,4.5,4.5,4.1,4.8,4.8,4.4,5.2,5.1,4.8,8.4,10,6.5,5.8,5.5,5.7,5.6,5.7,6.2,5.7,5.5,5.8,4.7,4.8,4.6,4.7,4.6,5.2,5.1,4.9,4.8,5,4.2,4,4,3.9,4.3,4.4,4.3,4.3,4.4,4.2,4.4,4.6,4.3,4.5,4.2,4.5,4.2,4,4.4,4.4,4.1,4.7,4.9,4.7,4.5,4.2,4.8,4.9,4.4,4.7,4.5,4.6,4.9,4.6,4.6,4.9,4.6,4.8,4.6
47,TN,442,4.7,4.4,4.5,4.7,4.6,4.4,4.6,4.4,4.8,4.5,4.4,4.3,5.1,5.8,3.9,4.4,4.1,5.4,4.8,4.9,5.8,5.1,4.8,6.2,5.4,5.1,7.6,29.5,7.9,5.8,5.3,5.3,5.7,5.4,5.4,5.8,4.3,4.8,4.3,4.3,4.5,4.5,4.3,4.6,4.5,4.7,4.5,4.6,5.4,5.1,4.9,4.8,5.1,5.2,5.5,5.8,5.6,5.5,5.9,5.5,5.1,4.9,4.8,5.1,5.2,5.3,5.8,5.7,5.6,6,6,6.2,5.9,5.3,5.6,5.5,5.5,5.6,5.9,5.4,5.8,5.8,5.6,5.9,5.9,5.4,5.7
47,TN,443,8.4,7.5,7.1,6.8,6.8,6.4,7.7,6.8,7.3,6.8,7.7,8,7.5,7.1,8.3,3.3,3.2,8.7,7.9,8.1,8.2,8.6,7.5,7.8,10.8,9.2,14.4,27,19.4,14.9,11.7,10.4,10.7,10.7,10.5,6.1,10.6,10.2,9.9,10,9.8,9.7,10.1,10.1,9.7,8.7,9.4,7.4,9.6,8.3,8,7.5,8.1,8.6,8.4,8.4,8.3,8.4,8.8,7,8,8.3,7.5,8.1,8.2,8.2,7.9,7.5,7.3,7.3,7.3,8.3,7.8,6.7,7.4,7.7,8.3,8.7,8.7,8.3,8.8,8.9,8,8.3,9.7,7.9,8.2
47,TN,444,3.5,3.1,3.2,3.2,2.9,3.1,3.1,2.9,3.2,3.1,3.3,3.2,3,3.2,3.5,3.7,3.5,3.8,3.5,3.3,3.5,3.4,3.9,3.9,3.6,3.6,4.7,4.8,3.8,3.7,3.5,3.5,3.3,3.5,4.2,3.7,3.9,4.1,3.8,3.5,3.9,3.8,3.9,4.1,3.9,4,4.1,3.6,3.8,3.9,3.6,3.4,3.8,3.6,3.8,3.8,3.6,3.9,4.3,3.9,3.6,3.9,3.5,3.9,3.7,3.7,4.4,3.6,4,4.2,3.9,4,4,3.4,3.7,3.6,3.5,3.7,4,3.1,3.8,3.6,3.5,3.8,3.5,3.2,3.5
47,TN,445,3.1,3,2.9,3,3.1,3,3.1,3.1,3,3,3,3,2.9,3.2,3.6,3.4,3.6,3.4,3.4,3.2,3.2,3.2,3.3,3.4,3.1,2.9,2.5,2.9,2.9,3,2.8,3,3,3.2,3,3.1,3.2,3.2,3.5,3.4,3.3,3.4,3.3,3.2,3.4,3.3,3.3,3.3,2.8,3,2.9,2.9,2.8,2.9,2.8,2.9,2.8,2.8,3.1,2.8,3.1,3.1,3.2,3.1,3.1,3.1,3.1,3.1,3.1,3.2,3.7,3.1,2.9,2.8,2.8,3,2.9,2.9,3,3,2.9,3,2.9,2.8,2.8,2.8,2.9
47,TN,446,1.4,1.5,1.6,1.5,1.5,1.5,1.5,1.5,1.6,1.6,1.5,1.7,1.4,1.4,1.7,1.4,1.3,1.5,1.5,1.4,1.7,1.8,1.4,1.6,1.3,1.2,1.4,1.7,1.5,1.5,1.4,1.4,1.4,1.3,1.4,1.5,1.5,1.5,1.4,1.4,1.3,1.5,1.4,1.4,1.5,1.5,1.4,1.4,1.5,1.5,1.6,1.5,1.5,1.6,1.5,1.5,1.5,1.6,1.6,1.6,1.4,1.5,1.4,1.4,1.3,1.4,1.5,1.5,1.6,1.9,1.6,1.7,1.9,1.7,1.6,1.7,1.4,1.9,2.3,1.8,1.9,2.6,1.8,2.4,2.2,2.1,2.2
47,TN,447,2.3,2.6,2.5,3,2.6,2.4,2.7,2.5,2.4,2.3,2.4,2.7,3,2.8,2.2,1.8,1.9,2.2,2.2,2.2,2.3,2.4,2.2,2.4,2.3,2.4,3.8,4.4,4.6,3.3,3.2,3.4,3.6,3.6,3.9,3.9,2.9,3,3.4,3.9,4.2,3.4,3.3,3,3.1,2.7,2.8,2.4,3.2,2.9,2.9,2.6,2.2,2.3,2.3,2.7,3.2,2.8,2.7,2.8,3.2,3.4,3.6,3.6,3.6,3.3,3.5,3.2,3.1,3.2,3.3,3.5,3.9,3.6,3.7,3.6,3.7,3.8,3.8,3.8,3.4,3.9,4.2,4,3.8,4,5.3
47,TN,448,4,3.7,3.6,3.6,3.5,3.8,3.6,4.8,3.9,3.9,4.1,4,4.4,4.5,2.4,S,S,6.6,3.6,4.8,4.5,4.1,4.2,4.3,4.8,4.5,10.6,31,12.4,7.7,6.4,5.7,5.2,5.5,6.3,5.6,5.7,6.4,4.9,4.9,4.4,4.4,4.3,4.8,4.7,4.6,4.6,4.8,5.1,4.7,4.5,4.2,4.1,4.2,4.2,4.6,4.1,4.1,4.7,4.4,4.4,4.9,4.3,4.4,4.4,4.8,4.3,4.5,4.3,4.5,4.9,4.6,4.8,4,4.2,4.5,4.4,4.3,4.5,5,4.6,4.5,5.1,5.1,5.2,5.2,5.2
47,TN,451,9,6.2,5.3,6.2,6.1,6.5,6.8,8.1,6.6,7,6.3,6.5,9.4,6.5,5.6,S,14.5,9,7.8,8.2,7.3,7.9,7,7.2,10.3,7.9,S,S,S,S,8.1,8.4,7.3,8.5,9.8,8.5,9.5,8.4,6,6.9,6.6,6.9,7.1,8.7,6.8,7,7.8,7.4,8.6,6.4,5.6,5.8,5.8,6.2,5.9,6.5,6,6,7.5,6.3,9.1,7.2,6.1,5.9,6,6.6,6.2,6.8,6.3,6.6,7,7.3,9.3,6.5,6.9,7,6.9,8.1,7.1,7.6,7.3,7.5,8,8.3,11.2,8.1,7.4
47,TN,452,2,1.7,1.7,2.1,1.9,1.8,2.2,2.2,1.9,2.2,2,2,2.1,2.1,2.4,S,S,3.9,3.1,3.6,3.1,3.3,3.4,2.7,2.5,2.3,2.7,4.8,S,2.6,2.5,3.3,2.6,2.8,3.1,2.6,2.1,2.6,2.1,2.3,2.5,2.2,2.3,3.8,2.5,2.6,2.5,2.1,2.2,2.1,2,2.3,2.5,3,2.6,2.5,2.6,3,2.1,2.5,2.1,2.2,2.5,2.5,2.7,3.4,3.1,2.6,2.8,3.4,2.5,2.8,2.7,2.1,2,3,2.2,2.4,2.5,2.9,2.2,2.9,2.5,2.3,2.8,2.6,3.2
47,TN,453,3.7,3.6,3.4,3.9,4.2,4.2,4.4,4,4.2,4.9,3.9,4.1,4.4,4.7,4.3,S,5.2,5,4.6,4.2,4.6,5.5,4,4.8,4.8,4.4,6.6,10.9,8.5,6.5,6.2,5.5,6,6.2,5,5,5.2,5.3,4.7,5,5.5,5.3,5,5,5.1,4.9,3.9,4.1,4.7,4.4,4.4,4.3,4.9,5,5.2,4.6,4.8,5.1,5,4.4,4.4,4.6,4.8,5.6,5.5,5.6,5.6,5.5,5.2,5.7,4.5,4.9,4.8,4.3,4.8,5,6,6.2,5.7,5.2,5.5,6,5.1,5.3,5.1,4.9,5
47,TN,TOTAL,1.1,1.1,1.2,1.2,1.1,1.1,1.2,1.2,1.2,1.2,1.2,1.1,1.2,1.3,1.1,1.3,1.7,1.5,1.4,1.4,1.4,1.5,1.4,1.4,1.4,1.4,1.9,2.9,2.1,1.7,1.6,1.7,1.6,1.7,1.7,1.6,1.6,1.7,1.6,1.6,1.6,1.6,1.5,1.7,1.6,1.5,1.5,1.4,1.5,1.4,1.4,1.3,1.3,1.4,1.3,1.4,1.4,1.4,1.4,1.4,1.3,1.4,1.4,1.4,1.4,1.4,1.5,1.4,1.4,1.5,1.4,1.4,1.4,1.3,1.4,1.5,1.4,1.4,1.5,1.5,1.4,1.5,1.4,1.4,1.4,1.5,1.6
48,TX,441,1.8,1.9,1.9,1.9,2,1.9,2,2,2,2,2.1,2,2,2,1.4,1.4,2,2.1,2.1,2,2.3,2.3,2.1,2.4,2.3,2.1,3.8,4.6,3,2.7,2.6,2.6,2.6,2.6,2.8,2.6,2.8,2.9,2.4,2.5,2.3,2.5,2.4,2.9,2.7,2.7,2.6,2.7,2.6,2.5,2.5,2.5,2.7,2.7,2.6,2.7,2.8,2.6,2.8,2.8,2.2,2.4,2.3,2.4,2.3,2.2,2.4,2.4,2.2,2.5,2.7,2.6,2.4,2.2,2.6,2.6,2.4,2.5,2.5,2.4,2.6,2.4,2.4,2.5,2.4,2.4,2.4
48,TX,442,4.2,4.2,4.2,4.4,4.3,4.2,4.3,4.3,4.5,4.4,3.9,4,4.5,4.8,3.5,2.9,3,4.7,4.3,4.5,5.3,4.5,4,5,4.8,4.8,7.1,27.6,6.3,5.3,4.7,4.7,5.4,4.8,4.6,5.1,4.1,4.4,3.9,4.1,4.3,4.3,4,4.2,4.3,4.2,3.9,4.1,4.8,4.5,4.6,4.2,4.5,5.2,4.8,5.3,5.2,4.8,5,5.1,4.9,5.3,5,5.6,5.9,6.1,6.4,6.5,6.3,6.6,6.3,6.4,6.8,6.5,6.7,6.7,6.6,6.5,6.8,6.5,7.2,6.7,6.4,6.3,6.9,6.9,7.1
48,TX,443,3.8,3.1,3,3,3.1,2.9,3.3,3.1,3.3,3.1,3.7,4,3.7,3.1,4.5,1.8,1.5,4.7,3.9,2.9,2.9,3.3,3.6,3.8,5.4,3.4,7.8,11.7,6.4,8.8,5.8,3.3,3.8,3.8,4.3,8.4,5.6,3.1,3.7,3.4,3.2,3.2,3.3,2.9,3.5,2.9,3.4,1.6,6,3.9,4.1,3.5,3.7,4,3.8,3.8,4.4,4,4.8,3,4.2,3.9,3.7,3.8,3.7,3.8,3.9,3.5,3.6,3.4,3.6,5.3,4.7,3.4,3.8,3.8,4,4.2,4.3,4.4,4.7,4.6,3.9,4.5,5.7,3.9,4.1
48,TX,444,2.2,1.9,2.1,2.1,1.9,2,1.9,1.8,2.1,2,2.2,2.1,1.9,2.1,2.4,2.6,2.4,2.5,2.3,2.1,2.2,2.3,2.6,2.7,2.3,2.2,3.2,3,2.4,2.4,2.2,2.1,2,2.2,2.8,2.5,2.4,2.6,2.5,2.1,2.4,2.4,2.4,2.5,2.3,2.6,2.7,2.4,2.6,2.7,2.5,2.3,2.6,2.5,2.6,2.6,2.4,2.7,3.1,2.8,2.5,2.9,2.4,2.8,2.6,2.7,3.2,2.7,2.9,3.2,3.1,3.3,3,2.5,2.7,2.6,2.6,2.8,3,2,2.7,2.7,2.4,2.6,2.4,2.2,2.3
48,TX,445,1.2,1.1,1.2,1.1,1.2,1.1,1.2,1.2,1.1,1.2,1.2,1.2,1.1,1.1,1.3,1.2,1.3,1.3,1.3,1.2,1.3,1.2,1.2,1.3,1.1,1.1,1,1.2,1.2,1.3,1.2,1.2,1.3,1.3,1.3,1.4,1.1,1.1,1.2,1.2,1.1,1.1,1.1,1.1,1.1,1.1,1.1,1.2,1,1,1,1.1,1.1,1,1,1.1,1,1,1.1,1,0.9,1,1,1,1.1,1.1,1,1.1,1,1.1,1.1,1.1,1,1,1,1.1,1.1,1.1,1,1.1,1.1,1.1,1.1,1.1,1,1,1.1
48,TX,446,0.9,0.9,0.9,1,0.9,0.9,0.9,0.9,1,1,0.9,1,0.9,0.9,1,0.9,0.8,0.9,1,0.9,1.1,1,0.9,1,0.7,0.7,0.8,1,0.9,0.9,0.8,0.8,0.8,0.7,0.8,0.8,0.8,0.8,0.8,0.8,0.8,0.8,0.8,0.8,0.8,0.8,0.8,0.8,0.8,0.9,0.9,0.8,0.8,0.8,0.8,0.8,0.8,0.9,0.8,0.9,0.7,0.8,0.7,0.7,0.7,0.7,0.8,0.8,0.8,1,0.8,0.9,1,0.9,0.8,0.9,0.7,1,1.2,0.9,0.9,1.3,1,1.3,1.1,1.1,1.1
48,TX,447,1.4,1.9,1.5,2.3,1.8,1.8,1.5,1.7,1.8,1.8,1.8,2,2,2,1.6,1.3,1.3,1.5,1.5,1.6,1.7,1.7,1.6,1.8,1.7,1.8,2.8,3.5,3.3,2.5,2.4,2.5,2.6,2.7,2.9,2.9,2,2.2,2.7,2.9,2.8,2.6,2.5,2.3,2.3,2.1,2.1,1.8,2.3,2,1.9,1.9,1.7,1.6,1.6,1.8,2.2,1.8,1.8,2,2.5,2.6,2.7,2.7,2.7,2.6,2.6,2.4,2.4,2.4,2.7,2.7,2.7,2.4,2.5,2.4,2.5,2.6,2.6,2.6,2.5,2.6,2.8,2.7,2.6,2.7,3.9
48,TX,448,2.5,2.6,2.4,2.3,2.2,2.4,2.6,2.7,2.4,2.8,2.9,2.8,2.9,3.2,1.8,S,S,4.8,2.7,2.9,3.3,2.9,2.9,2.9,3.6,3.1,8.2,19.5,9,6.1,5.1,4.5,3.6,3.9,4.6,4,4.3,4.9,3.8,3.7,3.1,3.1,3.2,3.3,3.4,3.2,3.4,3.5,4,3.7,3.5,3.1,2.9,3.1,3.2,3.4,3,3,3.5,3.4,3,3.4,3,3,3,3.2,3,3,3,3,3.5,3.2,3.1,3,2.9,3.1,3,3.1,3.1,3.4,3.1,3.1,3.6,3.5,3.5,3.6,3.6
48,TX,451,3.1,2.6,2.1,2.7,2.6,2.7,2.9,2.7,2.6,3.7,2.7,2.5,5.1,3.8,3.9,S,S,5.3,4.2,3.5,4.2,4.8,5.1,4.4,6.1,3.9,6.3,S,5.7,4.5,4.6,5.2,3.8,4.8,5.9,4.8,5.7,4.7,3,3.6,3.4,3.5,3.5,4.3,3.6,3.8,5.5,4.2,6,4.3,3.7,3.8,3.8,4.1,3.9,4.2,4.1,4.2,5.5,4.7,5.2,4.5,3.9,3.5,3.7,4.6,3.8,3.9,4,4.1,4.6,4.7,5.9,4.1,4.3,4.3,4.4,5.5,4.5,4.2,4.6,5,5.6,5.6,7.2,5.1,4.7
48,TX,452,1.1,1,1,1.2,1.1,1.1,1.2,1.3,1,1.3,1.2,1.2,1.3,1.2,1.5,S,3.2,1.8,1.4,1.7,1.6,1.8,1.8,1.6,1.5,1.2,1.8,2.1,2.2,1.8,1.6,2.6,1.6,1.8,2.1,1.7,1.5,1.6,1.4,1.5,1.6,1.3,1.4,2.2,1.4,1.5,1.5,1.3,1.4,1.2,1.3,1.6,1.8,2.1,1.9,1.7,1.8,2.1,1.6,1.8,1.5,1.4,1.5,1.6,1.8,2.1,2,1.8,1.9,2.1,1.7,1.9,2,1.5,1.3,1.8,1.6,1.8,1.7,1.8,1.3,1.8,1.5,1.4,1.9,1.6,1.7
48,TX,453,2.9,4,2.7,2.9,3,2.8,2.9,2.8,3.1,3.9,2.8,3.1,3.3,4.4,3.2,2.8,3.3,3.1,3,2.7,2.9,3.3,2.6,3.3,2.8,2.8,4.6,S,5.8,3.9,3.6,3.4,3.7,4.1,3.1,3,3.6,3.6,3.2,3.1,3.4,3.4,3.2,3,3.1,3.2,2.5,2.7,2.9,2.8,2.9,2.4,2.8,3.1,2.9,2.9,2.8,3.1,2.8,2.7,2.7,2.8,2.7,3.1,3.2,3.3,3,3.4,3,3.4,2.7,2.8,3,2.8,3,3,3.5,3.5,3.2,3,3.6,4.5,3.6,3.5,3.3,3.2,3.3
48,TX,TOTAL,0.7,0.7,0.7,0.8,0.8,0.7,0.8,0.8,0.8,0.8,0.8,0.7,0.8,0.8,0.7,0.6,0.9,0.9,0.8,0.8,0.9,0.9,0.8,0.9,0.8,0.8,1.2,1.5,1.2,1,1,1.1,1,1,1.1,1,1,1.1,1,1,1,1,1,1.1,1,1,0.9,0.9,1,1,1,0.9,0.9,0.9,0.9,1,1,0.9,1,0.9,0.9,1,0.9,1,1,0.9,1,1,0.9,1,1,1,1,0.9,1,1,1,1,1,1,1,1,0.9,1,1,1,1.1
49,UT,441,4.6,4.9,4.8,4.8,4.9,4.7,5.1,5.1,5,5.1,5.4,5.1,4.9,5.1,3.5,3.4,4.7,5.2,5,4.9,5.6,5.6,5.1,5.7,5.9,5.7,9.6,11.5,7.3,6.7,6.4,6.2,6.4,6.3,6.8,6.6,6.4,6.6,5.5,5.6,5.3,5.6,5.5,6.2,5.9,6,5.8,5.9,6,5.8,5.7,5.5,6.1,5.9,5.9,6,6.1,5.8,6.2,6.2,5.4,5.6,5.3,5.6,5.4,5.1,5.6,5.7,5.3,5.8,6.1,6.2,5.9,5.5,6.2,6.1,5.6,5.8,5.8,5.6,6,5.7,5.6,5.8,5.6,5.7,5.4
49,UT,442,8,8.2,8.2,8.7,8.5,8.3,8.5,8.5,8.6,8.4,8.2,7.6,8.2,9.1,6.8,4.5,5.4,8.5,7.8,8.4,9.5,8.7,8,9.8,9.8,10.7,13.8,45,16.7,11.4,10.4,9.8,10.4,10,10.3,10.5,8.3,9.1,8.5,8.7,8.8,8.4,8.4,8.3,8.5,8.8,8.5,8.5,9.4,8.4,8.4,7.7,8.4,9,8.7,9.3,9.3,9.3,9.9,9.4,9.3,9.4,9.5,10.4,10.9,10.4,12.2,12,11.4,12,11.7,11.8,10.5,9.8,10,10.2,10.3,9.7,10.3,9.4,10.4,9.8,9.5,9.3,10.6,9.8,10.2
49,UT,443,11.6,10.5,10.3,9.5,9.5,9.2,10.9,9.6,10.2,10.4,11.2,10.9,11.6,11.8,11.9,5.8,5.8,13.2,11.4,12.6,12.3,12.7,11.7,12,11.8,10,15.4,22.7,15.4,13.7,11.7,11.2,11.7,10.8,9.8,6.1,10.4,9.9,10.8,10.2,10.1,9.6,9.3,10,9.5,7.8,7.8,7.1,11.1,10.3,9.8,9,10,10.2,10,10.2,9.9,9.7,11.4,10.2,11.3,12.1,10.4,11.8,11.7,12.4,12.4,11.2,10.7,11,9.7,11,10.9,10.3,11,12.3,12.8,13.9,14.5,13.9,14.4,13.5,12.3,13,14.7,13,13.6
49,UT,444,4.9,4.5,4.5,4.5,4.2,4.3,4.4,4.3,4.6,4.4,4.5,4.5,4.4,4.9,5.1,5.1,5,5.5,5.1,4.9,5.3,5.1,5.4,5.4,5.1,5,6.5,6.4,5.3,5.2,5,5,4.8,4.9,5.7,5.3,5.5,5.9,5.5,5,5.5,5.4,5.4,5.9,5.6,5.7,5.4,5,5.5,5.7,5.2,5,5.4,5.3,5.4,5.7,5.4,5.7,5.9,5.5,4.9,5.4,4.8,5.3,5,5,5.8,5.2,5.5,5.8,5.3,5.4,5.4,4.9,5.2,5.1,4.8,5.2,5.4,4.4,5.4,5,4.7,5.3,4.9,4.9,5
49,UT,445,3.8,4.1,4.2,4.2,4.9,5,5.1,5,4.9,5,5,4.7,5,4.5,5.3,4.7,4.8,4.6,4.6,4.4,4.5,4.5,4.6,4.6,4.5,4.3,3.9,4.5,4.5,4.6,4.5,4.7,4.7,4.9,4.7,4.7,4.6,4.6,4.7,4.7,4.6,4.5,4.7,4.5,4.6,4.5,4.6,4.3,4.3,4.4,4.3,4.3,4.4,4.3,4.5,4.3,4.3,4.2,4.4,4.5,4.2,4.3,4.2,4.1,4.2,4.2,4,4.3,4.1,4.3,4.3,4.1,4.4,4.1,4.2,4.4,4.2,4.2,4.3,4.3,4.3,4.3,4.2,4.1,4.2,4.1,4.2
49,UT,446,3.1,3.1,3.2,3.2,3,2.9,3.1,3,3.4,3.6,2.8,3.4,3.2,3.1,3.4,3,2.7,3.2,3.3,2.9,3.6,3.6,3,3.3,2.8,2.8,3.3,4.1,3.5,3.4,3.2,3.1,3.2,3.1,3.1,3.4,3.2,3.1,2.9,2.9,2.7,3,2.8,2.9,3.2,3.1,2.9,3.1,3.1,3,3.1,2.9,2.9,3.1,2.8,3,3.1,3.1,3,3.2,2.8,3,2.9,2.8,2.6,2.8,2.9,2.9,3,3.5,3.1,3.3,3.6,3.2,3.1,3.3,2.7,3.5,3.8,3.3,3.5,4.3,3.3,4.2,3.8,3.5,3.8
49,UT,447,3.7,4,4,4.6,4.1,4,3.8,4,3.9,3.9,4,4.4,4.5,4.4,3.4,2.7,2.9,3.4,3.5,3.4,3.5,3.5,3.3,3.6,3.9,4,6,7.2,7.4,5.7,5.6,5.9,6.2,6.4,6.8,6.8,5.7,5.6,6.3,6.6,6.4,6,5.7,5.3,5.2,4.9,4.8,4.3,3.9,3.7,3.3,3.3,3,2.9,2.9,3.3,3.6,3.3,3.2,3.4,3.6,3.9,3.9,4.1,3.9,3.9,4.1,3.9,3.7,3.9,4.3,4.3,5.1,4.5,4.9,4.6,4.9,4.6,4.3,4.2,4.3,4.2,4.4,4.1,4.1,4.2,5.5
49,UT,448,5.2,5.6,5.2,5.3,5.2,5.2,5.4,5.7,5.5,5.9,5.9,6,6,6.7,3.2,2.8,S,6.9,4.7,5.3,5.7,5.4,5.2,5.3,6.5,6.5,16.2,S,18.6,11.3,9.4,8.4,7.7,8.1,8.7,7.8,7.2,8,6.9,6.9,6.2,6,5.7,5.7,6.1,5.9,6,6.1,6.3,6.1,5.9,5.4,5.4,5.5,5.3,5.4,5.5,5.3,5.7,5.5,5.1,5.6,5.2,5.1,5.1,5.2,4.9,5.1,4.9,5.1,5.4,4.9,6,6,6,6.1,6,6.2,6.2,6.6,6.6,6.6,7.4,7.4,7.5,7.3,7
49,UT,451,9.3,8,7,7.6,7.8,8.5,8.7,9.6,8.1,10.4,8.2,8.5,11.4,9.7,7.8,S,S,12.4,10.5,10.9,10.4,11.2,11.1,10.4,S,8.6,13.9,S,12.2,9.5,8.3,9.7,8,8.8,10,8.7,8.8,8.8,6.8,6.8,7.1,7.4,7.6,8.3,7.2,7.7,9.1,7.9,10.4,8.1,7.9,8.6,8.3,8.5,8.3,8.6,8.1,8.4,9.7,7.9,9.9,10.1,9.2,8.4,8.8,10.2,9.4,9.3,9.2,9.4,9.4,10.3,10.3,8.8,9.3,9.4,10,10.5,10,9.7,9.4,10.6,10,10.2,11.9,10.1,10
49,UT,452,4.5,4.3,3.8,4.6,4.4,4,4.7,5.1,4.3,4.9,4.1,4.2,4.5,4.5,4.5,S,5.7,3.8,3.9,4.4,3.9,4.6,3.6,3.6,5.2,5.4,5.9,8.9,8,6.7,6.2,S,6.7,6.5,5.7,5.2,6.3,6.6,5.9,5.6,5.6,5.3,5.4,7.1,5.8,5.5,5.8,5,5.2,5,5.3,6.1,6.4,7.1,6.2,6.2,6.8,7.1,6.1,6.6,5.4,4.9,5.3,5.2,5.8,6.6,6.3,6.4,6.3,6.6,5.9,6,6.7,5.7,4.9,5.6,5.1,5.4,5.4,6.1,4.6,5.7,5.1,4.8,6.2,5.1,5.6
49,UT,453,4.8,4.9,4.5,5.2,5.9,5.4,5.6,5.2,5.3,6.7,5.4,5.6,5.6,6,4.8,4.4,5.5,6,5.5,5.1,6.2,7.2,5.3,6.4,6.9,6.1,9.2,13,10.5,8.6,7.9,7.5,8.3,8.5,7.2,7.5,8.3,7.2,6.9,7.1,7.5,7.1,6.6,7,6.7,7.6,6,6.5,6.5,5.4,5.9,5.6,6.1,6.2,7,5.7,5.7,6.4,6.4,5.6,S,S,S,S,S,S,S,S,S,S,S,S,S,S,S,S,S,S,S,S,S,S,S,S,S,S,S
49,UT,TOTAL,1.9,1.9,1.9,2,2,1.9,2,2.1,2,2,2,2,2,2.1,1.8,1.5,2,2,2,2,2.1,2.1,2,2,2.2,2.2,3,3.9,3,2.7,2.6,2.9,2.6,2.6,2.6,2.5,2.5,2.6,2.4,2.4,2.3,2.3,2.3,2.6,2.3,2.3,2.3,2.1,2.2,2.2,2.1,2.2,2.2,2.2,2.2,2.2,2.3,2.3,2.2,2.3,2.1,2.2,2.1,2.2,2.2,2.2,2.3,2.3,2.2,2.3,2.3,2.3,2.4,2.2,2.3,2.4,2.2,2.2,2.2,2.3,2.2,2.2,2.2,2.2,2.3,2.2,2.3
50,VT,441,8.4,8.7,7.8,9.7,9.1,8.6,9.4,8.3,7.9,8.6,9.7,10.3,8.7,8.2,6.8,S,8.5,S,10,9.7,S,S,S,S,8.2,8.2,S,S,15.9,10.8,13.6,9.2,S,10.5,10.5,9.8,S,S,10.6,10.1,S,10,9.6,S,14.2,S,10.6,9.6,10,9.2,8.9,9,S,9.6,11,10.5,10.1,14.1,10.8,11.4,10.7,11.2,10.7,10.9,9.3,10.2,10.1,10.7,9.6,10.6,10.5,10.3,11.6,11.3,12.8,13.4,11.7,12.3,11.9,11.1,S,10,12.4,12.7,12,14.1,8.4
50,VT,442,9.3,9.1,9.4,9.4,9.3,8.7,9.2,8.8,9.4,9.5,9.2,9.1,9.3,10.7,6.6,6.2,6.9,9.1,9.1,9.2,10,9.3,8.6,11.6,10.5,9.6,16.2,S,16,12.9,10.8,10.8,11.8,11.1,12,10.4,9.2,9.9,9.3,9,9.1,9,8.5,8.9,9.1,9.4,8.9,8.9,11.5,11.4,10.9,11.6,12.2,11.5,12.9,13.5,11.9,11.6,11.8,11.2,7.7,7.1,6.9,7.5,7.5,7.7,7.9,S,8.2,8.7,8.1,9.2,10.8,9.9,10.8,10.9,10.5,11.8,12.2,11.1,11.1,12,11.2,11,12.1,11.1,11.3
50,VT,443,18.1,17,17,18.1,18.4,18.2,19.1,18.3,19.2,18.8,18.7,20.1,15.9,15.5,13.8,6,6.7,12.6,12.2,13.9,13,13.7,12.9,11.4,S,21.5,25.7,17,18.3,16,15.4,13.8,14.8,13.1,16.1,31.4,13.3,15.8,17.5,15.6,16.4,14.2,13.8,15.4,14.6,12.6,10.6,10.3,17.8,16.4,15.4,14.1,15.9,16.1,14.9,16.7,15.2,16.2,16.3,15.6,19,20.3,17.8,18.9,18.4,18.7,19.8,18.1,17.8,18.4,17.4,16.9,17.8,15.5,16.8,17.7,19.8,20.3,20.5,21.1,20.8,21.3,19,20.2,21.6,20.7,20.5
50,VT,444,8.1,7.8,7.6,8,7.1,7.1,7.6,7.4,7.7,7.5,7.8,7.8,7.4,8.6,9,8.8,9.4,9.6,9.1,8.7,9.5,9.4,9.6,10.3,9.3,9,10.7,10.9,8.7,8.3,8.1,8.1,7.8,7.8,8.6,8.3,9.1,9.1,8.4,8,8.4,8.1,8.5,8.8,8.7,8.7,8.7,8.3,8.5,9.1,8.3,8.2,8.7,8.2,8.3,8.7,8.1,8.4,8.7,8.1,8.2,9.1,8.7,9.3,8.7,8.8,9.5,8.9,9.5,9.8,9.4,9.3,8.9,8.4,8.7,8.5,8.1,8.4,8.5,6.8,8.4,7.9,7.2,8,7.5,6.9,7.7
50,VT,445,5,4.9,4.8,4.9,4.9,6.4,6.4,6.6,4.8,4.9,6.8,6.5,6.3,6.7,8,7.7,6.7,5.3,5.3,5.2,5.9,6,5.2,5.2,S,S,3.1,3.6,3.8,3.8,4,4.1,4.1,4.1,3.9,4.2,4.6,4.6,4.7,4.8,4.8,4.8,4.8,4.7,4.8,4.8,4.8,4.8,5.2,5.2,5.3,5.8,5.7,5.3,5.3,5.4,5.4,5.4,6,5.3,5.3,5.5,5.5,5.6,5.8,5.5,5.6,5.6,5.7,5.9,5.8,5.6,5.6,5.5,5.6,6.2,5.8,5.7,5.9,5.9,5.9,5.9,5.9,5.8,5.7,5.5,5.7
50,VT,446,3.4,3.6,4.2,4.3,3.9,3.7,4,3.7,4.3,4.6,3.6,4.3,4.1,4.1,4.6,4.2,3.6,4.3,4.2,3.9,4.7,4.7,4,4.7,3.3,3.1,3.5,4,3.6,3.8,3.5,3.4,3.6,3.4,3.5,3.7,4.4,4.1,4.1,4.1,3.9,4.1,4,4,4.2,4.2,3.8,4.2,5,4.6,5.2,4.7,4.5,5,4.6,4.6,4.7,5.1,4.6,4.6,3,3.2,2.9,3,2.6,2.8,3,3,3,3.5,3,3.3,4,3.4,3.4,3.6,3,3.8,4.1,3.6,3.7,4.4,3.6,4.6,4.3,3.7,4.2
50,VT,447,4.2,4.3,4.6,4.9,4.4,S,4.5,4.1,4.2,4.1,4.3,4.6,4.5,4.7,3.6,2.7,2.9,3.5,3.6,3.6,3.8,3.6,3.5,3.9,3.5,3.7,5.2,6.9,6.8,5.4,5.3,5.3,5.4,5.7,6,5.7,5.7,5.8,6.9,7.3,8.6,6.8,6.1,5.8,5.6,5.2,5.3,4.6,4.4,4.2,3.8,3.8,3.5,3.3,3.4,3.9,4.6,4.1,4,4,4.9,5.2,5.4,5.7,5.3,5.1,5.2,4.7,4.7,4.9,4.9,5.2,5.5,5,5.2,5.1,5.1,5.3,5.2,5.2,6.2,5.3,5.8,5.5,5.3,5.3,6.8
50,VT,448,7.8,8.3,7.7,7.5,7.3,7.5,8,7.9,7.4,7.4,7.7,8.2,9.1,9.2,4.8,5.2,S,9.5,7.9,7.9,8.6,8.3,8.2,9.3,8.6,7.8,20.1,61.8,S,12.7,11.2,9.9,9.2,9.9,10.8,10.4,9.8,11.3,9.2,9.2,8.3,8.2,8.4,8.4,8.1,8.3,8.1,8.3,11.7,10.2,10.1,9.7,9.8,9.6,9.5,9.2,8.8,9.3,9.5,9.5,8.8,9.7,9.2,8.4,8.7,8.6,8.7,8.6,7.9,8.7,8.8,8,9.8,9.1,10,9.6,9.5,9.7,10.3,10.3,10.4,10.8,11.9,11.3,12.1,11.7,11.7
50,VT,451,13,13.5,12.3,12.3,13.1,13.7,14.7,13.4,11.7,12.7,14,13.9,16,14.3,11.7,S,S,19.3,16.5,13,S,17,15,14.4,24.9,19.4,35.1,S,18.9,20.3,19.1,22.9,S,20.1,23.4,21.6,18.3,18.7,14,14.3,13.9,15.4,15.9,16.2,14.9,16,16.8,16,18.1,19.1,16,15.5,16,16.2,16,15,14.6,15.2,16.9,14.2,15.7,14.5,12.9,11,12.2,13.4,12.8,13.2,12.3,14.5,13.9,14.8,13,11.2,12.1,11.7,12.2,12.9,12.6,12.2,12.1,13,13,12.9,14.9,13.9,12.7
50,VT,452,11.1,10,9.4,10.8,9.8,10.1,10.8,11.6,10.4,10.5,9.3,9.8,11,10.7,10.2,S,12.6,11.4,12.9,12.1,12.1,12.5,11.1,10.4,12.7,12,12.9,106,23.3,12.1,10.1,16.2,11.9,12.7,10.9,10.3,10.8,12,11.3,11.1,12.3,10.9,11,18.9,12.6,11.7,10.7,10.1,12.6,12.2,12.3,14.7,14.3,16.3,15,14.2,14.3,16.2,12.7,15.1,14.2,13.4,14.1,15,16.7,18.4,16.1,17.2,15.9,18.9,14.3,16.1,16.7,12.5,12.9,13.6,12.3,13.6,13.7,14.7,11.8,14.1,13,12.3,15.6,13.2,14.2
50,VT,453,8,8,7.9,8.6,8.9,8.6,8.9,8.7,8.8,9.2,8.9,8.4,10.2,11.4,9.4,8.5,9.4,10.6,9.7,9.4,10.4,10.9,9.2,10.1,9.9,9.1,13.2,18.8,14.1,11.9,11.5,11.2,11.1,10.5,10.2,9.3,S,S,S,11.7,S,13.2,10.9,11.9,10.9,10.8,10.1,9.6,11.8,9.9,10.1,9.7,11.1,11.1,9.3,9.3,10.1,11.5,10.7,9.1,8.8,9.4,9.7,10.7,10.4,10.3,10.7,10.7,10,10.7,9.5,9.8,9.4,9.2,10,10.4,10.1,10.9,10.8,9.7,10.5,11.8,11.2,9.9,11.3,11.1,10.2
50,VT,TOTAL,2.4,2.4,2.4,2.6,2.4,2.9,2.7,2.6,2.3,2.4,2.7,2.7,2.7,2.7,2.6,2.6,2.7,3.1,2.7,2.6,3.4,3.4,3.1,3.3,2.4,2.4,3.6,4.7,3.8,3.3,3.2,3,2.8,3.3,3.3,3.1,3.4,3.7,3.5,3.5,3.2,3.4,3.2,3.8,3.4,2.9,3.2,3,3.1,3.1,3,3.1,3.2,3,3,3.1,3.2,3.3,3.1,3.2,2.9,3.1,3,3.2,3.1,3.1,3.2,3.2,3,3.3,3.1,3.2,3.3,3,3.3,3.4,3.1,3.2,3.2,3.2,2.9,3.1,3.2,3.2,3.3,3.4,3.1
51,VA,441,2.9,2.9,3,3,3,2.8,3,3.1,3.1,3.1,3.2,3,3.2,3.4,2.2,2.2,2.9,3.3,3.2,3.2,3.6,3.5,3.3,3.6,3.3,3.1,5.5,7,4.4,3.9,3.8,3.7,3.7,3.8,4.1,3.9,4,4.2,3.5,3.6,3.4,3.5,3.5,4,3.7,3.9,3.7,3.9,3.8,3.6,3.7,3.6,3.8,3.9,3.8,3.8,3.9,3.7,3.9,3.9,3.6,3.9,3.6,3.8,3.7,3.5,3.9,3.8,3.7,4,4.2,4.2,3.6,3.4,3.8,3.7,3.5,3.7,3.7,3.7,3.7,3.5,3.4,3.7,3.5,3.6,3.5
51,VA,442,3.8,3.8,4,3.9,3.9,3.8,4,3.8,3.9,3.9,3.8,3.6,3.8,4.2,3.1,3.1,2.9,4.2,3.9,3.8,4.3,3.9,3.7,4.4,4.5,4.2,6.2,S,6.6,5,4.4,4.4,4.7,4.2,4.6,4.9,4.5,5,4.6,4.6,4.7,4.7,4.1,4.9,4.8,4.7,4.2,4.3,4.8,4.4,4.3,4.4,4.8,5.1,4.8,5.1,4.9,5,5.2,4.8,4.4,4.6,4.4,4.8,4.8,5,5.4,5.6,5.3,5.5,5.3,5.4,5.7,5,5.4,5.2,5,5.4,5.6,5.2,6,5.7,5.2,5.3,6,5.6,5.8
51,VA,443,5.8,5.6,5.6,5.6,5.7,5.6,6.2,5.8,6.1,6,6.3,6.6,6.7,6,7,3.2,2.8,6.9,5.8,5.4,5.3,5.7,5.6,5.3,8.9,6.5,11.5,20.9,10.9,10.9,7.6,5.6,6.4,5.3,6.2,14.1,5.8,4.6,5.4,5.2,4.9,4.9,4.8,4.5,4.3,3,2.8,11.3,6.7,5.7,5.6,5.2,5.5,5.7,5.3,5.7,5.6,5.3,6.1,2.8,6,6,5.5,5.9,6,5.9,6.1,5.6,5.3,5.5,5.8,7.2,6.4,5.4,5.9,5.9,6.5,6.8,6.9,6.6,6.9,6.5,5.9,6.3,7.3,5.9,6.1
51,VA,444,3.6,3.2,3.3,3.3,3,3.1,3,3,3.4,3.1,3.4,3.2,3.1,3.3,3.7,3.8,3.6,4,3.5,3.3,3.6,3.5,3.9,4,3.8,3.7,5,4.9,3.8,3.7,3.5,3.5,3.3,3.6,4.4,3.9,3.9,4,3.8,3.5,3.9,3.8,3.8,3.9,3.7,3.9,4.2,3.7,3.5,3.7,3.4,3.4,3.6,3.4,3.5,3.4,3.3,3.6,4.1,3.8,3.6,3.7,3.2,3.7,3.5,3.5,4.3,3.3,3.6,3.9,3.9,4.1,4,3.2,3.5,3.5,3.4,3.5,3.8,2.9,3.4,3.3,3.4,3.8,3.5,3.2,3.4
51,VA,445,2.1,2,2,2.1,2,2.1,2.1,2.1,2,2,2.1,2.1,2,2.2,2.5,2.4,2.5,2.4,2.4,2.3,2.3,2.3,2.3,2.3,1.9,1.7,1.5,1.7,1.8,1.9,1.8,1.9,1.9,1.9,1.9,1.9,2.1,2.1,2.2,2.3,2.2,2.3,2.3,2.2,2.2,2.2,2.2,2.2,1.9,2,2,2,2,2,2,2,2,1.9,2,1.9,1.9,2,2,1.9,2,2.1,2,2,2,2.1,2.2,2,2,2,2,2.1,2.1,2,2.1,2.1,2.1,2.1,2,2,2,1.9,2.1
51,VA,446,1.3,1.4,1.5,1.5,1.4,1.3,1.4,1.3,1.6,1.6,1.3,1.5,1.4,1.4,1.5,1.3,1.3,1.4,1.5,1.3,1.6,1.6,1.4,1.5,1.2,1.1,1.3,1.5,1.4,1.4,1.3,1.3,1.3,1.2,1.3,1.3,1.4,1.4,1.3,1.3,1.3,1.3,1.3,1.3,1.4,1.3,1.3,1.4,1.3,1.3,1.4,1.3,1.3,1.3,1.2,1.3,1.3,1.4,1.3,1.4,1.2,1.3,1.2,1.2,1.1,1.2,1.3,1.3,1.3,1.6,1.4,1.5,1.7,1.5,1.4,1.5,1.2,1.7,1.9,1.5,1.6,2.1,1.6,2,2,1.7,1.8
51,VA,447,2.7,3.2,3.1,3.3,3.2,3.1,2.6,3,3.2,3.1,3.1,3.4,3.4,3.2,2.3,2.2,1.9,2.3,2.4,2.5,2.5,2.5,2.4,2.7,2.7,2.9,4.5,5.6,5.3,4,4,3.9,4.1,4.2,4.4,4.2,3.4,3.6,4,4.3,4.9,4.1,3.8,3.5,3.4,3.1,3.2,2.9,3.2,3.1,2.8,2.8,2.6,2.4,2.6,2.9,3.4,3,2.8,2.9,2.8,3,3.1,3.2,3.1,3,2.9,2.6,2.8,2.7,3,3.1,3.1,2.8,2.9,2.8,2.9,3,3,2.9,2.9,3,3.3,3,3,3,4.3
51,VA,448,4.3,4,4,3.8,3.7,3.9,4.1,4.5,4,4.2,4.4,4.3,4.8,4.7,2.4,3.2,4.5,6,4.1,4.3,4.2,4.2,4.1,4,4.8,4.5,11.8,44.4,21.7,8.7,6.7,6.3,5.8,5.8,6.8,5.7,5.7,6.3,5.2,5.1,4.4,4.4,4.5,4.5,4.4,4.4,4.4,4.4,5.2,4.6,4.4,4.1,4,4.1,4.3,4.4,3.9,4,4.4,4.3,4.5,4.9,4.5,4.3,4.5,4.6,4.6,4.4,4.2,4.5,4.9,4.5,4.8,4.2,4.4,4.6,4.5,4.7,5,5,5,5,5.7,5.6,5.8,5.6,5.4
51,VA,451,5.1,4,3.9,4.5,4.9,4.5,4.9,5.2,4.3,5.9,4.7,4.4,5.6,5.7,S,S,S,S,S,S,S,S,S,S,11.3,6.6,S,S,9.7,S,6,7,5.2,S,6.6,6.3,8.3,7.5,5.5,6.6,5.6,5.9,5.8,8,6.4,7,7.6,6.6,S,8.8,7.1,6.8,7.5,S,8,8.3,7.4,7.7,9.9,7.7,9.9,7.4,6.1,6,6.3,7,6.1,6.6,6,6.7,6.7,7.1,9.5,6.6,7,6.8,7,8,7.4,7.4,7.2,7.4,7.7,8,11.3,8.2,7.1
51,VA,452,2.4,2.3,2.1,2.5,2.5,2.2,2.4,2.4,2.3,2.5,2.3,2.3,2.6,2.6,2.6,S,3.9,2.9,2.7,2.8,2.9,3.1,2.8,2.6,3,2.7,3.3,5.9,4.4,3.3,3,5.5,3.4,3.4,3.5,3.1,3.1,3.4,3,3.1,3.2,2.9,2.9,4.4,3.2,3.4,2.9,2.8,3.1,2.8,2.8,3.3,3.5,4,3.3,3.4,3.6,3.8,3.1,3.4,3,2.6,3.1,3.4,3.5,4,3.7,3.5,3.7,4.1,3.2,3.6,3.4,2.7,2.6,3.1,2.7,3.2,3,3.3,2.6,3.4,2.9,2.7,3.6,3.1,3.4
51,VA,453,2.8,3,2.7,3.1,3.3,3.2,3.4,3.1,3.4,4,3.1,3.3,3.7,3.9,3.5,3.5,4,4,3.8,3.5,4,5,3.5,3.9,3.9,3.4,5.6,9.1,6.9,5,4.7,4.5,4.7,5.3,4.2,4.1,4.6,4.3,3.9,4,4.1,4.1,3.8,3.8,3.5,3.8,3.1,3.3,4.2,3.8,3.7,3.5,3.7,3.9,4,3.7,3.9,4.2,4,3.6,3.8,3.9,3.9,4.3,4.1,4.3,4.7,4.3,4,4.4,3.7,3.9,4.3,3.7,4.1,3.9,4.5,4.8,4.4,4.5,4.5,5.3,4.6,4.7,4.6,4.5,4.4
51,VA,TOTAL,1.1,1.1,1.1,1.2,1.1,1.1,1.1,1.2,1.1,1.1,1.1,1.1,1.2,1.2,1,0.9,1.2,1.2,1.2,1.2,1.3,1.3,1.2,1.2,1.2,1.2,1.6,2.1,1.7,1.4,1.4,1.5,1.4,1.4,1.4,1.4,1.4,1.5,1.4,1.4,1.4,1.4,1.4,1.5,1.4,1.4,1.3,1.3,1.3,1.3,1.3,1.3,1.3,1.3,1.3,1.3,1.3,1.3,1.3,1.3,1.2,1.3,1.3,1.3,1.3,1.3,1.4,1.3,1.3,1.4,1.3,1.4,1.3,1.2,1.4,1.4,1.3,1.3,1.4,1.3,1.3,1.3,1.3,1.3,1.3,1.3,1.4
53,WA,441,2.9,3.1,3.1,3,3.1,3,3.2,3.3,3.3,3.2,3.5,3.3,3.2,3.3,2.2,2.2,3.1,3.5,3.3,3.2,3.6,3.6,3.3,3.7,3.9,3.8,6.4,7.8,4.8,4.1,4.1,4,4.2,4.2,4.4,4.3,4.2,4.3,3.7,3.7,3.5,3.8,3.7,4.3,4,4,3.8,3.9,3.8,3.8,3.8,3.7,4,4,3.9,4,3.9,3.8,4.1,4.2,3.4,3.6,3.4,3.6,3.5,3.2,3.6,3.6,3.4,3.7,4,3.9,3.7,3.4,3.9,3.8,3.6,3.7,3.7,3.6,3.8,3.6,3.4,3.8,3.6,3.6,3.5
53,WA,442,4.6,4.6,4.6,4.8,4.7,4.6,4.9,4.7,5.1,4.7,4.7,4.8,5,5.2,3.9,3.5,3.7,5.2,4.7,5,5.4,5,4.7,5.9,4.7,4.8,6.9,S,7.6,6.1,4.8,4.9,5.3,5,5.1,5.3,4.7,4.9,4.7,4.7,4.8,4.8,4.6,4.8,4.8,4.8,4.5,4.6,4.6,4.2,4.2,4,4.3,4.6,4.5,4.6,4.6,4.5,4.9,4.7,5,5.1,4.9,5.3,5.3,5.3,5.9,5.9,5.8,6.2,6,6.3,6.5,6.1,6.4,6.1,6.2,6.5,6.9,6.3,7.1,6.6,6.5,6.5,7.1,6.5,6.9
53,WA,443,7.4,6.4,6.3,6.3,6.6,6.5,7.4,6.5,6.9,6.9,7.3,7.8,7.9,7.4,8.3,4.1,3.6,8.6,7,6.9,6.9,7.3,7.1,7.2,9.9,7.2,11.9,S,10.5,10.9,7.7,6.1,6.6,5.8,6.7,14,7.5,6.1,6.9,6.7,6.5,6.3,6,5.9,6.2,4.9,4.7,3.5,S,S,S,S,S,S,S,S,S,S,S,S,9.5,9.6,9,9.7,10,10.4,10.5,9.6,8.9,9.3,8.3,13,7.4,6.5,7.3,7.7,8.3,8.9,8.9,8.9,9,8.2,7.5,8.2,9.2,7.8,8.2
53,WA,444,3.3,3,3.2,3.2,2.9,3,3,2.9,3.2,3,3.2,3.1,2.8,3,3.4,3.5,3.2,3.5,3.2,3,3.2,3.2,3.5,3.5,3.6,3.4,4.7,4.9,3.8,3.7,3.3,3.4,3.2,3.4,4.1,3.7,3.8,3.9,3.8,3.4,3.8,3.8,3.8,3.9,3.7,3.9,4.1,3.6,3.5,3.6,3.3,3.2,3.5,3.4,3.4,3.5,3.3,3.6,4,3.7,3.4,3.6,3.2,3.6,3.4,3.4,4.1,3.3,3.6,3.9,3.7,3.8,3.9,3.2,3.5,3.3,3.3,3.6,3.8,3.1,3.5,3.4,3.5,3.9,3.6,3.2,3.5
53,WA,445,2.8,2.6,2.7,2.7,2.7,2.7,2.8,2.7,2.7,2.7,2.7,2.6,2.8,2.8,3.5,3.2,3.4,3.1,3.2,3.2,3.2,3.2,3.2,3.2,3,2.9,2.5,2.8,2.8,2.9,2.8,2.8,2.9,2.9,2.9,3,2.7,2.7,2.9,2.9,2.8,2.9,2.8,2.8,2.8,2.8,2.9,2.8,2.6,2.7,2.7,2.6,2.6,2.6,2.6,2.7,2.6,2.6,2.7,2.6,2.7,2.8,2.8,2.7,2.8,2.9,2.8,2.8,2.8,2.9,3,2.7,2.8,2.7,2.7,2.8,2.7,2.7,2.7,2.7,2.7,2.8,2.8,2.7,2.9,2.8,2.7
53,WA,446,1.4,1.6,1.7,1.8,1.6,1.7,1.7,1.7,1.8,2,1.6,1.9,1.6,1.6,1.8,1.7,1.6,1.7,1.7,1.5,1.8,1.8,1.6,1.8,1.5,1.4,1.6,2.3,2,1.9,1.6,1.6,1.8,1.6,1.7,1.9,1.8,1.8,1.7,1.7,1.5,1.7,1.6,1.7,1.8,1.6,1.6,2,1.9,1.9,2,1.8,1.9,2,1.8,2,2,2,2,2.1,1.7,1.8,1.7,1.6,1.6,1.6,1.7,1.7,1.8,2.1,1.9,2.1,2.1,1.8,1.8,2,1.6,2.1,2.4,2,2,2.6,2,2.5,2.2,2,2.1
53,WA,447,4,3.6,4.4,4.2,3.9,3.5,4.2,3.2,3.5,3.4,3.1,3.8,3.6,3.5,2.9,2.3,2.1,2.8,3,3.3,3.3,3.1,3.2,3.3,2.9,3.3,5.6,7.3,5.8,4.6,4.4,3.8,4,3.9,4.2,4.4,4.7,4.5,3.7,4.2,S,5,4.8,4.6,4.6,4.3,4.2,3.8,4.2,4,3.7,3.9,3.4,3.3,3.2,3.5,4.6,3.7,4.1,4,3.1,3.2,3.4,3.6,3.5,3.2,3.4,3,3.1,3.1,3.2,3.6,3.9,3.6,3.9,3.6,3.9,3.9,3.7,3.7,3.2,3.7,4.4,3.8,3.6,3.5,4.8
53,WA,448,6.9,6.5,6.7,6.7,6.8,6.7,7.5,7.3,6.6,7.3,7.5,7.7,7.9,10.1,3.7,0.7,S,5.6,6.6,7,7,7,6.3,6.6,8,7.9,24.4,S,S,28.1,12.7,11,10.5,10.6,12.1,10.1,8,8.8,7.9,7.7,6.9,6.6,6.4,6.7,6.5,6.6,6.4,6.2,6.9,6.3,6.2,5.8,5.8,5.8,6.2,6.2,5.8,5.8,6,5.8,5.9,6.5,6.3,6.3,6.4,6.2,5.8,6.7,5.7,6.3,6.8,6.1,7.3,6.5,7,7.1,6.7,7,7.9,7.3,7.3,7.7,8.6,8.6,8.2,8.7,7.8
53,WA,451,11.2,7.1,6.1,6.4,6.5,6.6,6.8,10.3,7.7,8.7,6.9,7.3,10.9,8,5.3,S,S,S,7.4,7.8,7,8.3,7.9,7.5,11.7,7.6,12.6,S,S,11.2,7.8,11.5,S,9.2,9.8,9.1,8.6,8.1,6.1,6.2,6.1,6.1,6.2,8.3,6.4,7,8.5,7.1,10,6.5,5.7,5.8,6.3,6,5.7,6.7,5.9,6.3,8.1,6.4,8.3,6.3,5.5,5.2,5.2,6,5.4,6.1,5.4,6,6.2,6.4,8.7,6.5,6.5,6.3,6.7,7.4,6.8,6.8,6.5,6.8,7.3,7.5,10.4,8.1,6.7
53,WA,452,4.2,3.7,3.8,4.1,4.1,3.9,4.1,4.3,4,4.3,4.3,4.1,4.2,4.5,4,S,S,S,3.7,3.5,3.5,4.2,3.6,3.6,4.9,4.4,5.8,15.2,11.6,9.2,S,S,S,5.8,6.5,5.9,5.2,5.3,5.2,4.5,4.5,4.5,4.5,S,4.9,4.8,5.2,4.6,4.7,4.3,4.6,5.1,5.2,S,4.8,4.9,4.8,5.2,4.9,S,4.1,4.1,4.6,4.4,4.6,5.2,4.7,5.2,4.9,5.2,4.7,4.9,5.5,4.5,4.5,4.8,4.6,4.7,4.7,4.8,4.3,4.7,4.5,4.4,5.6,4.5,4.5
53,WA,453,3.9,4.2,3.9,3.8,3.9,3.8,3.8,3.7,3.8,4.2,3.6,4.3,3.9,4.4,3.6,4,4.3,4.2,3.9,3.6,4.2,5.2,3.4,4.6,4.1,3.7,6.2,10.5,9.3,6,5.6,5,5.3,5.4,4.3,4.2,4.5,4.2,4,4,4.4,4.5,4.3,4.1,4.1,4.7,3.3,3.5,5.5,5.1,5.1,5.3,5.1,5.5,6.6,5.6,5.3,5.5,5.8,5.1,5.1,5.1,4.8,5.5,5.1,5.3,5.4,5.7,5,5.7,5.2,4.9,5.6,4.8,5.3,4.8,5.2,5.9,5.5,6.2,6,6.4,6.1,5.6,6,5.8,5.5
53,WA,TOTAL,1.4,1.4,1.4,1.4,1.4,1.4,1.5,1.5,1.4,1.4,1.5,1.5,1.5,1.5,1.3,1,1.3,1.3,1.4,1.4,1.5,1.5,1.5,1.5,1.7,1.6,2.2,3.1,2.4,2,1.8,2,1.8,1.8,1.9,1.8,1.8,1.8,1.7,1.6,1.6,1.6,1.6,1.8,1.7,1.7,1.6,1.6,1.7,1.6,1.6,1.6,1.6,1.6,1.6,1.6,1.6,1.7,1.7,1.8,1.5,1.5,1.5,1.6,1.6,1.6,1.6,1.6,1.6,1.7,1.6,1.7,1.7,1.5,1.6,1.6,1.6,1.6,1.6,1.7,1.6,1.6,1.6,1.7,1.8,1.6,1.6
54,WV,441,5.6,5.4,5.6,5.9,5.6,5.5,6.1,6,5.9,6,6.1,6.1,6.3,6.7,4.6,4.4,6.1,7,6.5,6.6,7.6,7.2,6.9,7.8,6.8,6.5,10.2,11.9,8.1,7.3,7.3,7.3,7,7.1,8.1,7.7,7.9,8.2,7,7,6.6,7,6.8,7.8,7.3,7.5,7.1,7,7.4,6.9,7,7,7.9,7.7,7.7,7.8,8,7.6,7.9,8.4,S,S,S,S,S,S,S,S,S,S,S,S,S,S,S,S,S,S,S,S,S,S,S,S,S,S,S
54,WV,442,8,7.8,7.8,7.9,8.1,7.6,7.8,8,7.9,8.2,8.2,7.9,8.3,9,6.6,S,6.3,8.9,8.4,8.4,9.3,8.8,8.4,10.9,10.6,10.1,13.7,S,15,11.1,10,9.6,10.2,9.5,10.1,10.5,8.1,9.1,8.5,8.4,8.5,8.4,8.1,9,8.9,9,8.6,8.7,9.6,8.7,8.7,8.4,8.8,9.5,9.8,10.3,9.8,9.5,10.5,9.8,7.3,7.2,6.9,7.7,7.9,7.5,8.8,8.6,8,8.4,8.2,8.6,7.8,7.1,7.7,7.6,7.4,8.1,8.3,7.8,8.7,8.5,8.2,8.2,8.8,8.3,8.5
54,WV,443,13.8,13.3,13.3,13,13.4,13.2,14.6,13.7,14.4,13.9,13.8,13.9,12.3,12.3,10.8,5,5.3,10.4,9.2,10.2,10.4,10.7,9.9,8.4,17.3,14.7,17.6,S,22.8,15.5,11.4,10.5,11.7,10.2,10.7,27.5,8.7,9.9,10.7,10.8,10.8,11.1,10.5,10.5,10.7,8.5,2.8,23,10,9.8,9.9,9.2,9.7,10.1,9.3,9.5,9.8,9.6,8,19.5,10.4,11,10,10.9,11.2,10.8,10.9,10.2,9.6,10.6,9.8,S,12.3,11.5,12,12.2,12.6,14,13.8,13.3,15.1,13.3,12.5,12.5,13.8,12,12.4
54,WV,444,7.1,6.6,6.6,6.7,6.3,6.2,6.4,6.2,6.6,6.2,6.5,6.3,5.9,6.7,7,7.3,7.4,8,7.2,6.9,7.4,7,7.7,7.8,7.6,7.4,9.2,9.4,7.8,7.5,7.3,7.4,7.1,7.5,8.6,8,7.6,7.8,7.2,6.7,7.5,7.2,7.3,7.6,7.2,7.3,7.4,7,5.9,6,5.5,5.5,6,5.6,5.8,5.7,5.5,5.7,6.3,6,6.1,6.3,5.7,6.5,6.1,6,7.2,5.8,6.4,6.8,6.4,6.5,6.3,5.3,5.8,5.7,5.6,5.8,6,5.1,5.6,5.2,5.6,6.3,5.9,5.3,6
54,WV,445,5.7,5.6,5.5,5.7,5.7,5.7,5.9,5.8,5.6,5.5,5.7,5.8,5.5,5.7,6.8,6.1,6.2,5.9,6,5.7,5.8,5.7,5.8,5.9,5.8,5.4,4.7,5.4,5.7,5.7,5.6,5.9,5.9,6,5.8,5.8,5.8,5.9,6,5.9,5.8,5.9,5.9,5.7,6.1,5.9,5.9,5.9,5.7,5.7,5.6,5.5,5.5,5.4,5.4,5.6,5.4,5.3,5.6,5.4,4.8,5.1,5.1,4.8,5,4.9,5,5,4.8,5.1,5.1,4.9,5.6,5.4,5.4,5.7,5.5,5.5,5.7,5.6,5.6,5.6,5.5,5.5,5.5,5.5,5.5
54,WV,446,2,2.3,2.6,2.6,2.4,2.3,2.4,2.2,2.5,2.9,2.2,2.7,2.6,2.5,2.9,2.5,2.3,2.5,2.7,2.4,2.9,3,2.4,2.9,2.1,2,2.3,2.7,2.4,2.5,2.3,2.2,2.3,2.2,2.2,2.4,2.6,2.5,2.5,2.5,2.3,2.6,2.4,2.4,2.5,2.5,2.3,2.7,2.9,2.8,3.1,2.9,2.7,3,2.7,2.9,2.9,3.1,2.7,2.9,2,2.1,1.9,1.9,1.7,1.9,2.1,2,2,2.5,2.2,2.4,2.7,2.4,2.2,2.3,1.9,2.5,2.9,2.5,2.6,3.3,2.5,S,2.9,2.6,2.8
54,WV,447,3.1,3.3,3.3,3.8,3.3,3.2,3.2,3.2,3.1,3.2,3.2,3.5,3.5,3.4,2.7,2.2,2.3,2.6,2.7,2.7,2.8,2.8,2.6,2.9,2.8,2.9,4.4,5.2,5.4,4.1,4,4.2,4.4,4.5,4.8,4.6,3.9,4.3,4.8,5,5.1,4.7,4.4,4,4.1,3.7,3.7,3.3,3.7,3.4,3.1,3.1,2.8,2.7,2.8,3.2,3.6,3.2,3,3.2,3.4,3.7,3.8,3.8,3.8,3.6,3.5,3.2,3.2,3.3,3.5,3.6,3.7,3.4,3.5,3.4,3.5,3.6,3.6,3.6,3.7,3.7,3.9,3.7,3.6,3.7,5
54,WV,448,5.3,5.1,5,5,4.8,5.1,5.1,5.4,5.3,5,5.1,5.1,5.4,5,2.6,S,S,S,4.3,4.4,5.1,4.7,4.4,4.6,5.8,5.2,13.5,S,13.8,8.8,7.6,6.9,6.1,6.8,8.1,6.6,6.8,7.7,6.1,6.2,5.8,5.8,5.7,5.6,6,5.8,5.9,5.9,7.2,6.4,5.9,6,5.9,6.1,6.1,5.3,5.7,5.7,6,5.8,5.2,5.6,5.2,5.1,5.3,5.4,5.2,4.8,4.9,5.3,5.4,5,6,5.3,5.6,5.9,5.8,6,S,S,S,S,S,S,S,S,S
54,WV,451,13.6,11,10,11.8,12,12.9,13.9,12.8,11.7,12.4,11.9,12.3,14.9,12.9,10.8,14.1,21.8,18.6,16.3,13.9,14.4,15.6,13.7,14.2,20.6,S,S,S,16.8,S,S,S,S,17.5,18.8,S,S,14.2,10.2,13.1,11.6,12.6,12.7,13.9,12.9,S,S,12.2,11.3,10.6,8.7,9.6,9.1,10.5,9.4,8.5,8.5,8,9.6,7.6,14.9,13.2,10.9,11,11.7,13.6,12.4,10.9,11,13.7,11.9,12.2,14.2,10.2,11.4,12.2,11.4,11.9,12.4,11.2,11.8,12.1,12.4,11.5,15.9,12.6,11.9
54,WV,452,3.1,3.1,2.9,3.4,3.1,3,3.6,4.2,3.3,3.6,3.1,3.2,3.2,3.4,4,S,S,S,5.6,6,5.6,5.3,5.3,4.2,3.9,3.5,4.3,8.3,S,3.9,3.8,S,4,4.2,4.7,3.8,2.6,3.4,2.7,2.9,3.1,2.7,2.8,5.3,3.6,3.3,3.4,2.8,3,2.8,2.5,2.7,2.8,2.6,2.9,3.9,3.1,3.2,3,2.8,2.8,2.9,3.3,3,3.1,3.3,3.7,4.1,3.2,3.8,3.3,3,3.6,2.9,2.8,3.7,3.1,3.2,3.8,4.7,2.7,3.6,3.2,2.9,3.8,3,3.8
54,WV,453,4.9,6.6,4.7,5.1,5,5.1,5.2,5,5.3,5.8,4.8,4.9,5.7,5.5,5.1,4.9,5.7,6,6.1,5.4,6,6.2,5.5,6.6,5.4,5.2,8.3,13.2,9.4,8.3,7.1,7.1,7.3,7.2,6.2,5.7,7.3,7.2,6.3,6.3,6.4,6.2,5.6,5.7,5.6,5.4,4.5,4.9,5,4.4,4.5,4.2,4.9,4.9,5.2,5.1,5.2,5.4,5.2,4.8,4.9,5.2,5.4,6.7,5.5,5.7,5.7,6.2,5.9,6.5,5.5,5.6,5.7,5.7,5.9,5.6,6.5,6.3,6.3,5.4,6.1,5.9,5.4,6.2,5.6,5.4,5.8
54,WV,TOTAL,1.7,1.7,1.7,1.9,1.7,1.7,1.8,1.8,1.7,1.7,1.7,1.7,1.8,1.8,1.7,1.5,2.5,2.2,2,2,2.1,2,2,2,1.9,1.8,2.3,3.2,2.9,2.3,2.1,2.2,2.1,2.2,2.4,2.1,2,2.2,2.1,2.1,2.1,2.1,2,2.2,2.1,2,1.9,1.8,2,1.9,1.8,1.8,1.8,1.8,1.8,1.9,1.9,1.8,1.8,1.8,1.9,2,2,2,2,1.9,2,1.9,1.9,2,1.9,1.9,2,1.8,1.9,2,1.9,1.9,2,2,2,1.9,1.9,1.9,2,2,2.2
55,WI,441,3.4,3.4,3.3,3.5,3.4,3.2,3.3,3.4,3.4,3.5,3.7,3.4,3.6,3.6,2.5,2.4,3.4,3.8,3.8,3.5,4.1,4,3.7,4.2,4,3.8,6.3,7.7,4.8,4.2,4.2,4.1,4.1,4.1,4.6,4.4,4.4,4.4,3.9,3.8,3.7,3.8,3.9,4.4,4.3,4.3,4.2,4.2,4.3,4.1,4.1,4.1,4.4,4.4,4.4,4.4,4.4,4.3,4.5,4.7,3.7,4,3.7,3.9,3.7,3.4,3.9,3.7,3.5,4,4.2,4.1,3.9,3.7,4.2,4.1,3.7,4,4,3.9,4,3.8,3.8,4,3.8,3.9,3.8
55,WI,442,4.7,4.6,4.7,4.7,4.8,4.5,4.8,4.6,4.8,4.8,4.9,4.5,5,5.4,4.1,S,3.8,5.3,4.8,5,5.5,5.2,4.8,6.3,5.8,5.8,7.9,S,8.9,6.7,5.5,5.3,5.8,5.5,5.7,5.8,5,5.3,5,5.2,5.3,5.2,5,5.3,5.3,5.6,5.2,5.3,5.6,5.1,5,4.7,5,5.4,5.3,5.7,5.4,5.5,5.8,5.6,5,4.9,4.7,5.3,5.3,5.1,5.8,5.6,5.3,5.6,5.4,5.5,5.8,5.2,5.6,5.5,5.5,5.7,6.1,5.7,6.1,6,5.9,6.1,6.4,6,6.1
55,WI,443,8.1,7.2,6.9,6.4,6.6,6.6,7,6.8,7.1,6.9,7.4,7.7,8.5,7.9,8.4,4.8,3.5,8.7,7.7,7.3,7.1,7.5,7.2,7,9.8,7.5,11.6,7.4,23.1,7.7,6.2,4.3,6.1,4.4,4.5,16.7,5.5,5.6,6.3,5.8,5.6,5.5,5,5.2,4.8,2.9,3.3,3.4,8.1,6.6,6.5,5.9,6.2,6.6,6.4,6.5,6.5,6.4,7.6,6.1,6.2,6.1,5.5,6,6.1,5.8,6,5.6,5.3,5.5,5.5,6.5,6.8,5.7,6,6.3,6.4,7.1,7,6.8,7.3,6.3,6.1,6.9,7.6,6.1,6.4
55,WI,444,3.5,3.4,3.5,3.3,3.1,3.2,3.3,3.1,3.5,3.5,3.5,3.5,3.2,3.5,3.7,3.9,3.7,4,3.6,3.3,3.7,3.4,3.9,4,3.7,3.6,4.7,4.6,3.8,3.7,3.5,3.5,3.4,3.6,4.1,3.8,3.7,3.9,3.7,3.3,3.8,3.6,3.7,3.8,3.7,3.9,3.8,3.5,3.9,4,3.6,3.5,3.6,3.5,3.7,3.7,3.5,3.7,4.1,3.9,4,4.6,4.1,4.7,4.4,4.3,5,4.5,4.5,4.9,5.1,5.2,5,4.1,4.6,4.6,4.5,4.7,5.1,3.5,4.6,4.4,3.9,4.3,4,3.6,3.8
55,WI,445,3.2,3.2,3.2,3.3,3.2,3.2,3.2,3.3,3.2,3.2,3.3,3.1,3.2,3.4,4,3.5,3.5,3.4,3.4,3.3,3.5,3.4,3.4,3.4,3.4,3.2,2.9,3.3,3.3,3.4,3.3,3.4,3.4,3.4,3.4,3.4,3.2,3.2,3.3,3.3,3.2,3.3,3.2,3.1,3.2,3.3,3.3,3.2,3.3,3.3,3.2,3.2,3.2,3.1,3.1,3.2,3.2,3.1,3.4,3.1,3,3,3,2.9,3,2.9,2.9,3,2.9,3,3.2,2.9,3.1,2.9,2.9,3.1,3,3,3.1,3,3,3.1,3,2.9,3.1,3,3
55,WI,446,1.9,2,2.1,2.1,1.9,1.8,2.1,1.9,2.2,2.4,1.9,2.2,1.8,1.8,2,1.8,1.6,2,1.9,1.7,2,2.1,1.8,2,1.7,1.6,1.8,2.2,1.9,2.1,1.8,1.8,1.9,1.8,1.8,2,1.9,1.8,1.7,1.7,1.7,1.8,1.6,1.7,1.8,1.8,1.7,1.9,2.4,2.2,2.3,2.3,2.3,2.2,2.1,2.3,2.2,2.5,2.4,2.8,2.2,2.2,2,2.2,2.1,2,2.3,2.3,2.2,2.7,2.5,3,2.7,2.4,2.4,2.6,2.3,2.7,3,2.5,2.7,3.3,2.8,3.8,3.1,2.9,3.2
55,WI,447,2.6,2.6,2.8,3,2.5,2.4,2.7,2.4,2.5,2.5,2.5,2.7,2.6,2.7,2.3,1.9,1.9,2.2,2.2,2.2,2.3,2.2,2.1,2.4,2.4,2.6,3.9,5.1,4.5,3.5,3.4,3.5,3.7,3.9,4.1,3.9,3.4,3.6,3.8,3.9,4.7,3.9,3.7,3.4,3.4,3.1,3.2,2.8,3.3,3.1,3,3,2.7,2.5,2.6,2.9,3.5,2.9,2.9,2.9,2.6,2.8,3,3.1,2.9,2.8,2.8,2.5,2.6,2.6,2.8,3,3,2.7,2.8,2.6,2.8,2.9,2.8,2.8,2.7,2.9,3.2,2.9,2.8,2.9,4
55,WI,448,3.7,3.9,3.6,3.6,3.4,3.5,3.7,4.3,3.5,4,4,4.3,4.6,4.7,2.4,S,4.8,5.5,3.7,3.9,3.9,3.8,3.9,4.4,4.7,4.4,10.8,S,22.2,8.2,6.3,5.7,5.2,5.5,6.5,5.9,5.2,6,4.7,4.6,4,3.9,4,4.1,4,4,4.3,4.7,4.7,4.3,3.9,3.8,3.7,4,4,3.9,3.5,3.7,4.1,4.5,4.4,4.8,4.1,4.1,4.2,4.3,4.2,4.1,3.8,4.1,4.5,4.4,4.9,4.2,4.6,4.6,4.6,4.7,4.9,5,4.8,4.9,5.5,5.9,5.9,5.9,5.4
55,WI,451,7,5.8,5.4,6.3,6.3,6.7,6.8,7.1,6.2,7.4,6.6,6.9,9.3,8.2,5.6,7,12.5,9.7,8.9,7.6,7.5,8.3,7.8,7.9,8.7,6.5,11.8,29.9,12,7.4,6.8,7.4,6.2,7.2,8,7,9.2,8.3,5.9,6.4,6.5,6.7,6.7,7.5,6.7,7.1,8.5,7.4,7.5,6.8,6,6.4,5.9,6.3,6.2,6.3,5.9,6.1,7,5.8,7.8,7.4,6.4,5.7,6.4,7.3,6.6,6.3,6.3,7,7.6,7.3,8.3,6.4,6.9,6.8,6.8,7.6,7.3,6.9,7.1,7.4,8.1,7.9,9.6,8.2,7.2
55,WI,452,2.6,2.4,2.5,2.8,2.5,2.5,2.8,3.1,2.7,2.9,2.6,2.6,2.5,2.8,3,S,4.7,3.1,2.9,3.1,2.9,3,2.9,2.6,3.5,3.2,3.7,7.4,4.7,3.7,3.5,4.9,4.1,4.1,4.1,3.4,3.5,3.6,3.2,3.1,3.4,3,3.1,4.5,3.5,3.4,3.2,2.9,3.4,3.2,3.4,3.9,4,4.8,4.1,3.9,4.2,4.5,3.4,3.9,3.1,3,3.2,3.3,3.4,4.1,3.9,4.1,3.9,4.2,3.5,3.7,4.1,3,2.9,3.8,3,3.8,3.4,4.1,3.1,3.9,3.2,3,4.1,3.5,3.9
55,WI,453,4,4.4,4.4,4.6,4.1,4.7,5.3,4.1,4.9,5.6,4.1,4.9,3.1,4.5,4,3.8,4.5,S,4.9,3.8,4.7,5.1,4,4.8,5,4.6,7.9,13.1,8.3,6,5.8,5.5,6,6.7,5.3,5.1,5.7,5.4,4.9,5,5.2,5.3,5.1,4.8,4.6,4.8,3.9,4.1,5.3,4.9,5,5.2,5.4,5.5,5.3,5.3,5.5,5.8,5.2,5,4.8,4.9,5.1,5.6,5.6,5.6,5.6,5.6,5.3,5.8,4.3,4.7,5.2,4.6,5,4.7,5.3,6.1,5.7,5.3,5.6,6.5,5.6,5.2,5.9,5.8,5.6
55,WI,TOTAL,1.2,1.2,1.2,1.3,1.2,1.1,1.2,1.2,1.2,1.2,1.2,1.2,1.2,1.3,1.1,1,1.4,1.3,1.3,1.3,1.3,1.3,1.3,1.3,1.4,1.3,1.8,2.4,1.9,1.6,1.5,1.6,1.6,1.6,1.6,1.5,1.5,1.6,1.5,1.5,1.5,1.5,1.4,1.6,1.5,1.5,1.4,1.4,1.5,1.5,1.5,1.5,1.5,1.5,1.4,1.5,1.5,1.5,1.5,1.5,1.3,1.4,1.4,1.4,1.4,1.4,1.4,1.4,1.4,1.5,1.5,1.5,1.5,1.3,1.5,1.5,1.4,1.5,1.5,1.4,1.4,1.5,1.4,1.4,1.5,1.4,1.6
56,WY,441,7.6,7.6,7.7,7.9,7.8,7.5,8,8.2,8.2,8.2,8.4,8.1,8.1,8.4,5.6,5.5,7.7,8.4,8.2,8,9,8.9,8.3,9.2,9.3,8.9,14.3,16.2,10.8,9.9,9.8,9.4,9.5,9.7,10.6,10.1,9,9.3,7.8,7.7,7.5,7.8,7.8,8.7,8.3,8.4,8.1,8.1,9.1,8.8,8.5,8.4,9.2,9.1,9.1,9.2,9.2,9,9.4,9.5,7.8,8.4,7.6,8.2,7.9,7.3,8.2,8.1,7.6,8.5,8.7,8.7,9.1,8.9,10.1,10,9.1,9.5,9.5,9.4,9.9,9.2,9,9.9,9.5,9.4,9.2
56,WY,442,9.8,9.8,9.2,10,9.4,9.6,9.7,9.3,10,9.9,9.6,9.5,11.6,11.9,10.1,S,10,12.1,11.7,11.8,12.5,12.2,11.5,S,12.8,12.8,16.3,S,15.1,13.1,11.8,11.9,12.7,12.2,12.9,10.9,8.7,9,8.9,9.3,9,9.2,8.8,9.6,9.6,9.6,9.6,9.8,14.3,13.3,13.3,10.8,11.4,13.3,12.2,13.6,15,14.7,15,15,11,9.6,9.3,12.9,13.8,10.3,14.4,13,10.2,11.7,11,11.5,14.6,12.7,13.6,14.2,13.4,15.4,16.4,14.5,15.7,15.4,14.8,15.2,16.1,14,14.6
56,WY,443,20.7,17,17.3,17.5,16.8,16.3,S,17,18,18.1,18.7,18.9,17.7,17.4,17.7,8,8.2,17.2,12.9,S,S,17.1,15,16,21.5,17.3,18.5,35.5,23.9,18.9,13,11.3,12.4,11.9,14.7,24.8,13.2,12.6,14.8,13.5,13.8,13.5,12.1,12.9,14.6,12.5,9.3,6.8,12.8,12.4,10.9,10.7,12,11.7,11.5,10.3,11.6,11.5,S,11.9,18.2,19.6,16.7,18.9,19.2,19.7,19.5,18.9,17.9,19.2,16.5,16,15.5,14.3,16,16.6,17.5,18.9,19.8,18.4,21,18.7,19,19.5,21.2,18.3,19.1
56,WY,444,7.9,7.5,7.5,7.5,7.2,7.1,7.4,7.1,7.4,7.2,7.3,7.4,6.8,7.7,7.9,8,8.2,8.8,8.3,7.7,8.3,7.8,8.3,8.7,9.4,9.2,11,11,9.7,9,9,8.8,8.6,8.7,9.7,9.3,10.6,11,10.1,9.5,10.3,9.9,10.1,10.5,10.2,10.1,9.7,9.3,9.7,10.3,9.6,9.4,10.2,9.6,9.9,10.3,9.7,10.2,10.1,9.7,10.3,11.3,10.5,11.4,10.9,10.7,12.2,10.4,11.6,12.1,10.1,10.3,9.9,8.9,9.6,9.5,9.2,9.7,9.7,7.9,9.7,9.2,8.2,8.9,8.3,7.8,8.7
56,WY,445,9,8.8,8.9,8.9,8.8,8.7,9.1,9.2,8.9,9.6,9.7,9.3,9.8,10.6,11.4,11.5,11.7,10.8,10.5,10.3,10.6,10.3,10.1,10.3,9.5,8.5,7.9,8.7,8.4,8.8,8.6,8.6,9.1,9,9.3,9.3,9,9.3,9.4,9.4,9.2,9.2,8.9,9,8.7,9,9.2,8.9,9,9.1,8.9,8.9,9,8.8,8.4,8.7,8.7,8.7,9.3,8.7,8.9,9.1,9.1,9,9.1,8.9,8.6,9,8.6,9.1,10.1,8.7,9.2,8.7,8.8,9.2,8.9,8.6,8.5,8.7,8.9,8.9,9,8.6,8.9,8.8,8.9
56,WY,446,7,7.3,7.2,7.3,6.7,6.5,7.1,7.2,7.6,8.1,6.6,7.8,6.2,6,6.7,5.8,5.2,6.3,6,5.5,6.4,6.3,5.6,6.1,6.2,5.7,6.7,8,6.7,7,6.5,6.6,6.9,6.3,6.3,7.3,6.7,6.4,6.3,6.1,5.6,6.2,5.8,6.1,6.5,6.4,6,6.7,6.7,6.4,6.8,6.3,6.1,6.7,6.1,6.3,6.8,6.9,6.3,7.3,5.9,6.3,6,5.7,5.3,5.8,6,5.9,6.2,6.6,6.1,7,7.2,6.6,6.7,6.9,5.9,7.4,7.9,7,7.1,8.5,7,8.8,7.3,7.2,7.8
56,WY,447,5.9,6.7,6.6,7.5,6.9,6.6,6.3,6.8,6.6,6.6,6.9,7.4,8.4,7.4,5.6,4.6,4.9,5.8,6.1,5.1,5.3,5.2,4.9,4.9,5.2,5.5,S,8.7,8.9,8,7.5,10.1,10.7,11.2,11.9,S,9.2,9.1,S,S,10.5,9.7,9.2,8.3,7.9,7.7,7.4,6.7,5.6,5.4,4.8,4.6,4.3,4.2,4,S,5.4,5.1,5,5.2,5.6,6.3,S,S,6.4,6.5,7.7,7.7,6.3,6.5,7,7.9,S,S,S,S,9.7,9,8.1,8,S,7.2,7.4,7.4,7.2,7.2,8.1
56,WY,448,2.8,2.2,2.2,2.3,2.2,2.4,2.8,3.1,2.5,2.7,2.1,2.1,S,S,S,S,S,S,S,S,S,S,S,S,S,S,S,S,S,25.3,23.9,21,20.2,20.9,22.4,18.8,15.4,16.9,15.2,15.9,14.2,13.8,13.3,13.1,14.2,13.8,13.4,12.7,12.1,11.6,11.1,10.7,11.1,11,11.3,11.5,11.1,10.7,10.6,10.8,11.2,12.2,11.9,11.4,11.6,11.7,11.8,11.5,11.3,11.7,11.9,11.3,13.2,12.2,12.9,13.4,13.2,13.5,14.2,14.4,14.2,14.6,15.9,15.8,15.4,16.1,14.8
56,WY,451,S,6,4,4.6,5,4.6,4.4,4.4,4,4.6,4.1,4.1,4.3,4.3,4,16,12.6,6.7,6.2,4.9,4.5,5.6,S,4.3,S,S,S,S,34.8,9.7,S,S,S,7.4,9.8,S,10.2,10.2,7.7,7.5,S,S,8.9,9.5,8.4,7,8.3,9.5,11.8,8.9,8.4,9.4,9.1,9.7,9.8,S,10.3,9.4,11,8.5,10.4,10.5,9,8,9.6,8,7.8,6.4,6.5,9.4,10.2,10,11.8,9.7,10.3,10.2,7.7,8,7.2,7.1,10.8,12.1,12.3,11.4,13.8,12.2,11.1
56,WY,452,4.4,4,4,4.5,4.1,4,4.9,6.3,4.6,5.1,4.4,4.4,3.8,4.3,4.8,S,12.6,6.8,5.6,6.5,5,5.6,5.6,4.7,4.8,4.7,5.2,6.6,8.5,5.6,5,6.5,5.5,5.8,5.9,4.8,3.9,4.4,3.9,3.9,3.8,3.2,3.6,7.1,4.4,4.2,4.4,3.5,3.5,3.4,3.2,3.5,3.7,3.5,3.7,5,4,4.1,3.9,3.6,4,3.8,3.8,3.9,3.9,4.2,5,5.9,4.1,4.9,4.7,3.9,5.7,4.1,3.7,4.5,3.9,3.5,4.6,5.9,3.3,4.3,4.1,3.6,5.9,4.3,4.6
56,WY,453,6.9,7.4,6.9,7,9.1,8,7.3,7.2,7.3,8.2,9.9,8.9,9.4,10.7,8.7,S,S,10.1,9,8.2,10.6,10.6,9,10.6,12.8,10,13.8,S,16.5,13.1,10.3,10.4,11.8,12.2,11.4,11.2,13.9,10.9,10.7,11.5,11.4,11.5,9.4,9.9,9.1,9.8,8.7,8.6,10,8.1,8.9,8.1,9.3,9.2,7.6,7.4,8.2,9.9,10,9,11.2,10.6,10,13.4,13.1,11.1,9.9,9.3,9,11.3,8.6,9.9,10.4,11.5,13.4,11.8,11.3,9.2,9.7,8,14.1,12.2,16.3,12.5,14.3,14.4,14
56,WY,TOTAL,2.6,2.5,2.5,2.7,2.5,2.5,2.6,2.7,2.6,2.7,2.4,2.2,2.7,2.8,2.2,2,2.8,2.7,2.7,2.5,2.6,2.4,2.2,2.2,2.9,2.8,4,5.1,4.2,3.6,3.4,3.6,3.6,3.8,4,3.7,3.5,3.7,3.8,3.8,3.5,3.5,3.5,3.6,3.4,3.3,3.2,3,3.1,3.1,3,2.9,2.9,2.9,2.8,2.9,3.1,3,3,2.9,3.1,3.3,3.1,3.3,3.3,3.2,3.4,3.3,3.1,3.4,3.4,3.2,3.8,3.6,3.9,3.8,3.5,3.5,3.4,3.3,3.8,3.4,3.3,3.4,3.4,3.4,3.5
